Room Label 1,Exit,Room Label 2,↔️,Rules,Edit,Idx1,Idx2,✅,"Badges (SS[+], Moon, Turret)",Offstring Throw,Walk-the-Dog,Wall-Dash,UFO Throw,Wall Ride,"Moves (Sleeper+AtW/Parry, Coin-Flip, Coin-Flip+Prodigy, Cat's Cradle)",Other,Notes
"Abandoned Tunnels (X+0, Y+0) - ren1",down,"Abandoned Tunnels (X+0, Y+1) - ren12",FALSE,FALSE,7:15:58 PM,2,4,TRUE,,,,,,,,,
"Abandoned Tunnels (X+0, Y+1) - ren12",down,"Abandoned Tunnels (X+0, Y+2) - ren28",FALSE,FALSE,,4,10,TRUE,,,,,,,,,
"Abandoned Tunnels (X+1, Y+1) - ren22",up,"Abandoned Tunnels (X+1, Y+0) - ren32",FALSE,FALSE,7:16:30 PM,5,3,TRUE,,,,,,,,,
"Abandoned Tunnels (X+1, Y+1) - ren22",right,"Abandoned Tunnels (X+2, Y+1) - ren70",FALSE,TRUE,,5,6,TRUE,FALSE,FALSE,TRUE,FALSE,Skipping Stone,TRUE,FALSE,FALSE,
"Abandoned Tunnels (X+4, Y+1) - ren71",right,"Abandoned Tunnels (X+5, Y+1) - ren50",FALSE,FALSE,,7,8,TRUE,,,,,,,,,
"Abandoned Tunnels (X+5, Y+1) - ren50",right,"Abandoned Tunnels (X+6, Y+1) - ren91",FALSE,TRUE,,8,9,TRUE,Skipping Stone+,TRUE,TRUE,FALSE,Skipping Stone,TRUE,FALSE,FALSE,
"Abandoned Tunnels (X+0, Y+2) - ren28",right,"Abandoned Tunnels (X+1, Y+2) - ren76",FALSE,TRUE,,10,11,TRUE,,,,,,,,Battery 1,
"Abandoned Tunnels (X+1, Y+2) - ren76",up,"Abandoned Tunnels (X+1, Y+1) - ren22",FALSE,FALSE,,11,5,TRUE,,,,,,,,,
"Abandoned Tunnels (X+1, Y+2) - ren76",right,"Abandoned Tunnels (X+2, Y+2) - ren334",FALSE,TRUE,,11,12,TRUE,FALSE,FALSE,FALSE,FALSE,FALSE,FALSE,FALSE,Battery 2 + Combat 1,
"Abandoned Tunnels (X+2, Y+2) - ren334",right,"Abandoned Tunnels (X+3, Y+2) - ren80",FALSE,FALSE,,12,13,TRUE,,,,,,,,,
"Abandoned Tunnels (X+3, Y+2) - ren80",right,"Abandoned Tunnels (X+4, Y+2) - ren349",FALSE,FALSE,,13,14,TRUE,,,,,,,,,
"Abandoned Tunnels (X+4, Y+2) - ren349",up,"Abandoned Tunnels (X+4, Y+1) - ren71",FALSE,FALSE,,14,7,TRUE,,,,,,,,,
"Abandoned Tunnels (X+4, Y+2) - ren349",right,"Abandoned Tunnels (X+5, Y+2) - ren55",FALSE,TRUE,,14,15,TRUE,(Skipping Stone AND Battery 3) OR (Skipping Stone+),Battery 3,TRUE,Battery 3,TRUE,TRUE,FALSE,FALSE,
"Abandoned Tunnels (X+5, Y+2) - ren55",right,"Abandoned Tunnels (X+6, Y+2) - ren64",FALSE,TRUE,,15,16,TRUE,Skipping Stone,Battery 4,TRUE,FALSE,TRUE,TRUE,FALSE,FALSE,
"Abandoned Tunnels (X+6, Y+2) - ren64",down,"Abandoned Tunnels (X+6, Y+3) - ren106",FALSE,FALSE,,16,17,TRUE,,,,,,,,,
"Abandoned Tunnels (X+6, Y+3) - ren106",down,"Abandoned Tunnels (X+6, Y+4) - ren387",FALSE,FALSE,,17,18,TRUE,,,,,,,,,
"Abandoned Tunnels (X+6, Y+4) - ren387",right,"Abandoned Tunnels (X+7, Y+4) - ren693",FALSE,FALSE,,18,19,TRUE,,,,,,,,,
"Abandoned Tunnels (X+7, Y+4) - ren693",right,"Abandoned Tunnels (X+10, Y+4) - ren422",FALSE,TRUE,,19,20,TRUE,FALSE,Battery 5,FALSE,FALSE,FALSE,FALSE,FALSE,FALSE,Note: Remove barrier/rule in randomizer
"Abandoned Tunnels (X+10, Y+4) - ren422",right,"Abandoned Tunnels (X+11, Y+4) - ren140",FALSE,TRUE,,20,21,TRUE,FALSE,FALSE,FALSE,FALSE,FALSE,FALSE,FALSE,Combat 3,
"Abandoned Tunnels (X+11, Y+4) - ren140",warp (down),"Safe House (X+0, Y+0) - mig38",FALSE,FALSE,,21,776,TRUE,,,,,,,,,
"Canceled Subway Station (X-1, Y-2) - ren899",left,"Canceled Subway Station (X-2, Y+1) - ren32",,,,22,24,FALSE,,,,,,,,,
"Canceled Subway Station (X-1, Y-2) - ren899",right,"Canceled Subway Station (X+1, Y+1) - ren13",,,,22,25,FALSE,,,,,,,,,
"Canceled Subway Station (X-1, Y-2) - ren899",down,"Canceled Subway Station (X-1, Y+2) - ren162",,,,22,29,FALSE,,,,,,,,,
"Canceled Subway Station (X-3, Y+1) - ren279",right,"Canceled Subway Station (X-2, Y+1) - ren32",,,,23,24,FALSE,,,,,,,,,
"Canceled Subway Station (X-2, Y+1) - ren32",right,"Canceled Subway Station (X-1, Y-2) - ren899",,,,24,22,FALSE,,,,,,,,,
"Canceled Subway Station (X-2, Y+1) - ren32",left,"Canceled Subway Station (X-3, Y+1) - ren279",,,,24,23,FALSE,,,,,,,,,
"Canceled Subway Station (X-2, Y+1) - ren32",down,"Canceled Subway Station (X-2, Y+2) - ren46",,,,24,28,FALSE,,,,,,,,,
"Canceled Subway Station (X+1, Y+1) - ren13",left,"Canceled Subway Station (X-1, Y-2) - ren899",,,,25,22,FALSE,,,,,,,,,
"Canceled Subway Station (X+1, Y+1) - ren13",right,"Canceled Subway Station (X+2, Y+1) - ren280",,,,25,26,FALSE,,,,,,,,,
"Canceled Subway Station (X+1, Y+1) - ren13",down,"Canceled Subway Station (X+1, Y+2) - ren52",,,,25,30,FALSE,,,,,,,,,
"Canceled Subway Station (X+2, Y+1) - ren280",left,"Canceled Subway Station (X+1, Y+1) - ren13",,,,26,25,FALSE,,,,,,,,,
"Canceled Subway Station (X-3, Y+2) - ren2",right,"Canceled Subway Station (X-2, Y+2) - ren46",,,,27,28,FALSE,,,,,,,,,
"Canceled Subway Station (X-3, Y+2) - ren2",down,"Canceled Subway Station (X-3, Y+4) - ren468",,,,27,36,FALSE,,,,,,,,,
"Canceled Subway Station (X-2, Y+2) - ren46",up,"Canceled Subway Station (X-2, Y+1) - ren32",,,,28,24,FALSE,,,,,,,,,
"Canceled Subway Station (X-2, Y+2) - ren46",left,"Canceled Subway Station (X-3, Y+2) - ren2",,,,28,27,FALSE,,,,,,,,,
"Canceled Subway Station (X-2, Y+2) - ren46",down,"Canceled Subway Station (X-2, Y+3) - ren71",,,,28,32,FALSE,,,,,,,,,
"Canceled Subway Station (X-1, Y+2) - ren162",up,"Canceled Subway Station (X-1, Y-2) - ren899",,,,29,22,FALSE,,,,,,,,,
"Canceled Subway Station (X-1, Y+2) - ren162",down,"Canceled Subway Station (X-1, Y+4) - ren83",,,,29,38,FALSE,,,,,,,,,
"Canceled Subway Station (X+1, Y+2) - ren52",up,"Canceled Subway Station (X+1, Y+1) - ren13",,,,30,25,FALSE,,,,,,,,,
"Canceled Subway Station (X+1, Y+2) - ren52",right,"Canceled Subway Station (X+2, Y+2) - ren1305",,,,30,31,FALSE,,,,,,,,,
"Canceled Subway Station (X+1, Y+2) - ren52",down,"Canceled Subway Station (X+1, Y+3) - ren64",,,,30,33,FALSE,,,,,,,,,
"Canceled Subway Station (X+2, Y+2) - ren1305",left,"Canceled Subway Station (X+1, Y+2) - ren52",,,,31,30,FALSE,,,,,,,,,
"Canceled Subway Station (X+2, Y+2) - ren1305",down,"Canceled Subway Station (X+2, Y+3) - ren158",,,,31,34,FALSE,,,,,,,,,
"Canceled Subway Station (X-2, Y+3) - ren71",up,"Canceled Subway Station (X-2, Y+2) - ren46",,,,32,28,FALSE,,,,,,,,,
"Canceled Subway Station (X-2, Y+3) - ren71",down,"Canceled Subway Station (X-2, Y+4) - ren58",,,,32,37,FALSE,,,,,,,,,
"Canceled Subway Station (X+1, Y+3) - ren64",up,"Canceled Subway Station (X+1, Y+2) - ren52",,,,33,30,FALSE,,,,,,,,,
"Canceled Subway Station (X+1, Y+3) - ren64",right,"Canceled Subway Station (X+2, Y+3) - ren158",,,,33,34,FALSE,,,,,,,,,
"Canceled Subway Station (X+1, Y+3) - ren64",down,"Canceled Subway Station (X+1, Y+4) - ren108",,,,33,39,FALSE,,,,,,,,,
"Canceled Subway Station (X+2, Y+3) - ren158",up,"Canceled Subway Station (X+2, Y+2) - ren1305",,,,34,31,FALSE,,,,,,,,,
"Canceled Subway Station (X+2, Y+3) - ren158",left,"Canceled Subway Station (X+1, Y+3) - ren64",,,,34,33,FALSE,,,,,,,,,
"Canceled Subway Station (X+2, Y+3) - ren158",down,"Canceled Subway Station (X+2, Y+4) - ren157",,,,34,40,FALSE,,,,,,,,,
"Canceled Subway Station (X-4, Y+4) - ren306",right,"Canceled Subway Station (X-3, Y+4) - ren468",,,,35,36,FALSE,,,,,,,,,
"Canceled Subway Station (X-4, Y+4) - ren306",down,"Canceled Subway Station (X-4, Y+5) - ren317",,,,35,41,FALSE,,,,,,,,,
"Canceled Subway Station (X-3, Y+4) - ren468",up,"Canceled Subway Station (X-3, Y+2) - ren2",,,,36,27,FALSE,,,,,,,,,
"Canceled Subway Station (X-3, Y+4) - ren468",left,"Canceled Subway Station (X-4, Y+4) - ren306",,,,36,35,FALSE,,,,,,,,,
"Canceled Subway Station (X-3, Y+4) - ren468",right,"Canceled Subway Station (X-2, Y+4) - ren58",,,,36,37,FALSE,,,,,,,,,
"Canceled Subway Station (X-3, Y+4) - ren468",down,"Canceled Subway Station (X-4, Y+5) - ren317",,,,36,41,FALSE,,,,,,,,,
"Canceled Subway Station (X-2, Y+4) - ren58",up,"Canceled Subway Station (X-2, Y+3) - ren71",,,,37,32,FALSE,,,,,,,,,
"Canceled Subway Station (X-2, Y+4) - ren58",left,"Canceled Subway Station (X-3, Y+4) - ren468",,,,37,36,FALSE,,,,,,,,,
"Canceled Subway Station (X-2, Y+4) - ren58",right,"Canceled Subway Station (X-1, Y+4) - ren83",,,,37,38,FALSE,,,,,,,,,
"Canceled Subway Station (X-2, Y+4) - ren58",down,"Canceled Subway Station (X-2, Y+5) - ren703",,,,37,42,FALSE,,,,,,,,,
"Canceled Subway Station (X-1, Y+4) - ren83",up,"Canceled Subway Station (X-1, Y+2) - ren162",,,,38,29,FALSE,,,,,,,,,
"Canceled Subway Station (X-1, Y+4) - ren83",left,"Canceled Subway Station (X-2, Y+4) - ren58",,,,38,37,FALSE,,,,,,,,,
"Canceled Subway Station (X-1, Y+4) - ren83",right,"Canceled Subway Station (X+1, Y+4) - ren108",,,,38,39,FALSE,,,,,,,,,
"Canceled Subway Station (X+1, Y+4) - ren108",up,"Canceled Subway Station (X+1, Y+3) - ren64",,,,39,33,FALSE,,,,,,,,,
"Canceled Subway Station (X+1, Y+4) - ren108",left,"Canceled Subway Station (X-1, Y+4) - ren83",,,,39,38,FALSE,,,,,,,,,
"Canceled Subway Station (X+1, Y+4) - ren108",down,"Canceled Subway Station (X+1, Y+5) - ren969",,,,39,45,FALSE,,,,,,,,,
"Canceled Subway Station (X+2, Y+4) - ren157",up,"Canceled Subway Station (X+2, Y+3) - ren158",,,,40,34,FALSE,,,,,,,,,
"Canceled Subway Station (X-4, Y+5) - ren317",up,"Canceled Subway Station (X-4, Y+4) - ren306",,,,41,35,FALSE,,,,,,,,,
"Canceled Subway Station (X-4, Y+5) - ren317",up,"Canceled Subway Station (X-3, Y+4) - ren468",,,,41,36,FALSE,,,,,,,,,
"Canceled Subway Station (X-2, Y+5) - ren703",up,"Canceled Subway Station (X-2, Y+4) - ren58",,,,42,37,FALSE,,,,,,,,,
"Canceled Subway Station (X-2, Y+5) - ren703",down,"Canceled Subway Station (X-2, Y+6) - ren123",,,,42,46,FALSE,,,,,,,,,
"Canceled Subway Station (X-1, Y+5) - ren1122",right,"Canceled Subway Station (X+0, Y+5) - ren1089",,,,43,44,FALSE,,,,,,,,,
"Canceled Subway Station (X+0, Y+5) - ren1089",left,"Canceled Subway Station (X-1, Y+5) - ren1122",,,,44,43,FALSE,,,,,,,,,
"Canceled Subway Station (X+0, Y+5) - ren1089",right,"Canceled Subway Station (X+1, Y+5) - ren969",,,,44,45,FALSE,,,,,,,,,
"Canceled Subway Station (X+1, Y+5) - ren969",up,"Canceled Subway Station (X+1, Y+4) - ren108",,,,45,39,FALSE,,,,,,,,,
"Canceled Subway Station (X+1, Y+5) - ren969",left,"Canceled Subway Station (X+0, Y+5) - ren1089",,,,45,44,FALSE,,,,,,,,,
"Canceled Subway Station (X+1, Y+5) - ren969",down,"Canceled Subway Station (X-2, Y+6) - ren123",,,,45,46,FALSE,,,,,,,,,
"Canceled Subway Station (X-2, Y+6) - ren123",up,"Canceled Subway Station (X-2, Y+5) - ren703",,,,46,42,FALSE,,,,,,,,,
"Canceled Subway Station (X-2, Y+6) - ren123",up,"Canceled Subway Station (X+1, Y+5) - ren969",,,,46,45,FALSE,,,,,,,,,
"Cinemeco Movie Theater (X-3, Y-4) - ren276",right,"Cinemeco Movie Theater (X-2, Y-4) - ren294",,,,47,48,FALSE,,,,,,,,,
"Cinemeco Movie Theater (X-3, Y-4) - ren276",down,"Cinemeco Movie Theater (X-3, Y-2) - ren271",,,,47,57,FALSE,,,,,,,,,
"Cinemeco Movie Theater (X-2, Y-4) - ren294",left,"Cinemeco Movie Theater (X-3, Y-4) - ren276",,,,48,47,FALSE,,,,,,,,,
"Cinemeco Movie Theater (X-2, Y-4) - ren294",down,"Cinemeco Movie Theater (X-2, Y-3) - ren431",,,,48,51,FALSE,,,,,,,,,
"Cinemeco Movie Theater (X-2, Y-4) - ren294",down,"Cinemeco Movie Theater (X+0, Y-3) - ren114",,,,48,53,FALSE,,,,,,,,,
"Cinemeco Movie Theater (X+1, Y-4) - ren225",right,"Cinemeco Movie Theater (X+4, Y-4) - ren100",,,,49,50,FALSE,,,,,,,,,
"Cinemeco Movie Theater (X+1, Y-4) - ren225",down,"Cinemeco Movie Theater (X+1, Y-3) - ren2",,,,49,54,FALSE,,,,,,,,,
"Cinemeco Movie Theater (X+4, Y-4) - ren100",left,"Cinemeco Movie Theater (X+1, Y-4) - ren225",,,,50,49,FALSE,,,,,,,,,
"Cinemeco Movie Theater (X+4, Y-4) - ren100",left,"Cinemeco Movie Theater (X+3, Y-3) - ren652",,,,50,56,FALSE,,,,,,,,,
"Cinemeco Movie Theater (X+4, Y-4) - ren100",down,"Cinemeco Movie Theater (X+4, Y-2) - ren85",,,,50,62,FALSE,,,,,,,,,
"Cinemeco Movie Theater (X-2, Y-3) - ren431",up,"Cinemeco Movie Theater (X-2, Y-4) - ren294",,,,51,48,FALSE,,,,,,,,,
"Cinemeco Movie Theater (X-1, Y-3) - ren217",right,"Cinemeco Movie Theater (X+0, Y-3) - ren114",,,,52,53,FALSE,,,,,,,,,
"Cinemeco Movie Theater (X-1, Y-3) - ren217",down,"Cinemeco Movie Theater (X-1, Y-2) - ren221",,,,52,59,FALSE,,,,,,,,,
"Cinemeco Movie Theater (X+0, Y-3) - ren114",up,"Cinemeco Movie Theater (X-2, Y-4) - ren294",,,,53,48,FALSE,,,,,,,,,
"Cinemeco Movie Theater (X+0, Y-3) - ren114",left,"Cinemeco Movie Theater (X-1, Y-3) - ren217",,,,53,52,FALSE,,,,,,,,,
"Cinemeco Movie Theater (X+0, Y-3) - ren114",down,"Cinemeco Movie Theater (X+0, Y-1) - ren189",,,,53,64,FALSE,,,,,,,,,
"Cinemeco Movie Theater (X+1, Y-3) - ren2",up,"Cinemeco Movie Theater (X+1, Y-4) - ren225",,,,54,49,FALSE,,,,,,,,,
"Cinemeco Movie Theater (X+1, Y-3) - ren2",right,"Cinemeco Movie Theater (X+2, Y-3) - ren75",,,,54,55,FALSE,,,,,,,,,
"Cinemeco Movie Theater (X+1, Y-3) - ren2",down,"Cinemeco Movie Theater (X+0, Y-1) - ren189",,,,54,64,FALSE,,,,,,,,,
"Cinemeco Movie Theater (X+2, Y-3) - ren75",left,"Cinemeco Movie Theater (X+1, Y-3) - ren2",,,,55,54,FALSE,,,,,,,,,
"Cinemeco Movie Theater (X+2, Y-3) - ren75",down,"Cinemeco Movie Theater (X+2, Y-2) - ren252",,,,55,60,FALSE,,,,,,,,,
"Cinemeco Movie Theater (X+3, Y-3) - ren652",right,"Cinemeco Movie Theater (X+4, Y-4) - ren100",,,,56,50,FALSE,,,,,,,,,
"Cinemeco Movie Theater (X-3, Y-2) - ren271",up,"Cinemeco Movie Theater (X-3, Y-4) - ren276",,,,57,47,FALSE,,,,,,,,,
"Cinemeco Movie Theater (X-3, Y-2) - ren271",right,"Cinemeco Movie Theater (X-2, Y-2) - ren244",,,,57,58,FALSE,,,,,,,,,
"Cinemeco Movie Theater (X-2, Y-2) - ren244",left,"Cinemeco Movie Theater (X-3, Y-2) - ren271",,,,58,57,FALSE,,,,,,,,,
"Cinemeco Movie Theater (X-2, Y-2) - ren244",right,"Cinemeco Movie Theater (X-1, Y-2) - ren221",,,,58,59,FALSE,,,,,,,,,
"Cinemeco Movie Theater (X-1, Y-2) - ren221",up,"Cinemeco Movie Theater (X-1, Y-3) - ren217",,,,59,52,FALSE,,,,,,,,,
"Cinemeco Movie Theater (X-1, Y-2) - ren221",left,"Cinemeco Movie Theater (X-2, Y-2) - ren244",,,,59,58,FALSE,,,,,,,,,
"Cinemeco Movie Theater (X+2, Y-2) - ren252",up,"Cinemeco Movie Theater (X+2, Y-3) - ren75",,,,60,55,FALSE,,,,,,,,,
"Cinemeco Movie Theater (X+2, Y-2) - ren252",right,"Cinemeco Movie Theater (X+3, Y-2) - ren261",,,,60,61,FALSE,,,,,,,,,
"Cinemeco Movie Theater (X+3, Y-2) - ren261",left,"Cinemeco Movie Theater (X+2, Y-2) - ren252",,,,61,60,FALSE,,,,,,,,,
"Cinemeco Movie Theater (X+3, Y-2) - ren261",right,"Cinemeco Movie Theater (X+4, Y-2) - ren85",,,,61,62,FALSE,,,,,,,,,
"Cinemeco Movie Theater (X+4, Y-2) - ren85",up,"Cinemeco Movie Theater (X+4, Y-4) - ren100",,,,62,50,FALSE,,,,,,,,,
"Cinemeco Movie Theater (X+4, Y-2) - ren85",left,"Cinemeco Movie Theater (X+3, Y-2) - ren261",,,,62,61,FALSE,,,,,,,,,
"Cinemeco Movie Theater (X-1, Y-1) - ren215",right,"Cinemeco Movie Theater (X+0, Y-1) - ren189",,,,63,64,FALSE,,,,,,,,,
"Cinemeco Movie Theater (X+0, Y-1) - ren189",left,"Cinemeco Movie Theater (X-1, Y-1) - ren215",,,,64,63,FALSE,,,,,,,,,
"Cinemeco Movie Theater (X+0, Y-1) - ren189",down,"Cinemeco Movie Theater (X+0, Y+0) - ren475",,,,64,65,FALSE,,,,,,,,,
"Cinemeco Movie Theater (X+0, Y+0) - ren475",up,"Cinemeco Movie Theater (X+0, Y-1) - ren189",,,,65,64,FALSE,,,,,,,,,
"Cinemeco Movie Theater (X+0, Y+0) - ren475",warp (down),"North Plaza (X-1, Y-10) - ren4872",,,,65,452,FALSE,,,,,,,,,
"Escape House (X-2, Y-4) - lor107",right,"Escape House (X-1, Y-4) - lor38",,,,66,67,FALSE,,,,,,,,,
"Escape House (X-2, Y-4) - lor107",down,"Escape House (X-2, Y-3) - lor112",,,,66,69,FALSE,,,,,,,,,
"Escape House (X-1, Y-4) - lor38",left,"Escape House (X-2, Y-4) - lor107",,,,67,66,FALSE,,,,,,,,,
"Escape House (X-1, Y-4) - lor38",right,"Escape House (X+2, Y-4) - lor69",,,,67,68,FALSE,,,,,,,,,
"Escape House (X+2, Y-4) - lor69",left,"Escape House (X-1, Y-4) - lor38",,,,68,67,FALSE,,,,,,,,,
"Escape House (X+2, Y-4) - lor69",down,"Escape House (X+2, Y-3) - lor124",,,,68,72,FALSE,,,,,,,,,
"Escape House (X-2, Y-3) - lor112",up,"Escape House (X-2, Y-4) - lor107",,,,69,66,FALSE,,,,,,,,,
"Escape House (X-2, Y-3) - lor112",right,"Escape House (X-1, Y-3) - ren1054",,,,69,70,FALSE,,,,,,,,,
"Escape House (X-2, Y-3) - lor112",down,"Escape House (X-2, Y-2) - lor34",,,,69,73,FALSE,,,,,,,,,
"Escape House (X-1, Y-3) - ren1054",left,"Escape House (X-2, Y-3) - lor112",,,,70,69,FALSE,,,,,,,,,
"Escape House (X+0, Y-3) - lor89",right,"Escape House (X+2, Y-3) - lor124",,,,71,72,FALSE,,,,,,,,,
"Escape House (X+0, Y-3) - lor89",down,"Escape House (X+0, Y-2) - lor74",,,,71,75,FALSE,,,,,,,,,
"Escape House (X+2, Y-3) - lor124",up,"Escape House (X+2, Y-4) - lor69",,,,72,68,FALSE,,,,,,,,,
"Escape House (X+2, Y-3) - lor124",left,"Escape House (X+0, Y-3) - lor89",,,,72,71,FALSE,,,,,,,,,
"Escape House (X-2, Y-2) - lor34",up,"Escape House (X-2, Y-3) - lor112",,,,73,69,FALSE,,,,,,,,,
"Escape House (X-2, Y-2) - lor34",right,"Escape House (X-1, Y-2) - lor33",,,,73,74,FALSE,,,,,,,,,
"Escape House (X-1, Y-2) - lor33",left,"Escape House (X-2, Y-2) - lor34",,,,74,73,FALSE,,,,,,,,,
"Escape House (X-1, Y-2) - lor33",right,"Escape House (X+0, Y-1) - lor10",,,,74,78,FALSE,,,,,,,,,
"Escape House (X+0, Y-2) - lor74",up,"Escape House (X+0, Y-3) - lor89",,,,75,71,FALSE,,,,,,,,,
"Escape House (X+0, Y-2) - lor74",right,"Escape House (X+1, Y-2) - lor76",,,,75,76,FALSE,,,,,,,,,
"Escape House (X+1, Y-2) - lor76",left,"Escape House (X+0, Y-2) - lor74",,,,76,75,FALSE,,,,,,,,,
"Escape House (X+1, Y-2) - lor76",right,"Escape House (X+2, Y-2) - lor31",,,,76,77,FALSE,,,,,,,,,
"Escape House (X+2, Y-2) - lor31",left,"Escape House (X+1, Y-2) - lor76",,,,77,76,FALSE,,,,,,,,,
"Escape House (X+2, Y-2) - lor31",down,"Escape House (X+2, Y-1) - lor30",,,,77,80,FALSE,,,,,,,,,
"Escape House (X+0, Y-1) - lor10",left,"Escape House (X-1, Y-2) - lor33",,,,78,74,FALSE,,,,,,,,,
"Escape House (X+0, Y-1) - lor10",right,"Escape House (X+1, Y-1) - lor29",,,,78,79,FALSE,,,,,,,,,
"Escape House (X+0, Y-1) - lor10",warp (down),"Fadalins Neighborhood (X+6, Y-15) - ren5063",,,,78,145,FALSE,,,,,,,,,
"Escape House (X+1, Y-1) - lor29",left,"Escape House (X+0, Y-1) - lor10",,,,79,78,FALSE,,,,,,,,,
"Escape House (X+1, Y-1) - lor29",right,"Escape House (X+2, Y-1) - lor30",,,,79,80,FALSE,,,,,,,,,
"Escape House (X+2, Y-1) - lor30",up,"Escape House (X+2, Y-2) - lor31",,,,80,77,FALSE,,,,,,,,,
"Escape House (X+2, Y-1) - lor30",left,"Escape House (X+1, Y-1) - lor29",,,,80,79,FALSE,,,,,,,,,
"FadaFest Convention (X+2, Y-11) - yug167",right,"FadaFest Convention (X+3, Y-11) - yug301",,,,81,82,FALSE,,,,,,,,,
"FadaFest Convention (X+2, Y-11) - yug167",down,"FadaFest Convention (X+2, Y-10) - yug37",,,,81,86,FALSE,,,,,,,,,
"FadaFest Convention (X+3, Y-11) - yug301",left,"FadaFest Convention (X+2, Y-11) - yug167",,,,82,81,FALSE,,,,,,,,,
"FadaFest Convention (X+3, Y-11) - yug301",right,"FadaFest Convention (X+4, Y-11) - ren891",,,,82,83,FALSE,,,,,,,,,
"FadaFest Convention (X+4, Y-11) - ren891",left,"FadaFest Convention (X+3, Y-11) - yug301",,,,83,82,FALSE,,,,,,,,,
"FadaFest Convention (X+4, Y-11) - ren891",right,"FadaFest Convention (X+5, Y-11) - yug211",,,,83,84,FALSE,,,,,,,,,
"FadaFest Convention (X+5, Y-11) - yug211",left,"FadaFest Convention (X+4, Y-11) - ren891",,,,84,83,FALSE,,,,,,,,,
"FadaFest Convention (X+5, Y-11) - yug211",down,"FadaFest Convention (X+5, Y-10) - yug24",,,,84,89,FALSE,,,,,,,,,
"FadaFest Convention (X+0, Y-10) - yug762",down,"FadaFest Convention (X+0, Y-8) - yug761",,,,85,97,FALSE,,,,,,,,,
"FadaFest Convention (X+2, Y-10) - yug37",up,"FadaFest Convention (X+2, Y-11) - yug167",,,,86,81,FALSE,,,,,,,,,
"FadaFest Convention (X+2, Y-10) - yug37",right,"FadaFest Convention (X+3, Y-10) - yug30",,,,86,87,FALSE,,,,,,,,,
"FadaFest Convention (X+3, Y-10) - yug30",left,"FadaFest Convention (X+2, Y-10) - yug37",,,,87,86,FALSE,,,,,,,,,
"FadaFest Convention (X+3, Y-10) - yug30",right,"FadaFest Convention (X+4, Y-10) - yug204",,,,87,88,FALSE,,,,,,,,,
"FadaFest Convention (X+3, Y-10) - yug30",down,"FadaFest Convention (X+3, Y-9) - yug15",,,,87,93,FALSE,,,,,,,,,
"FadaFest Convention (X+4, Y-10) - yug204",left,"FadaFest Convention (X+3, Y-10) - yug30",,,,88,87,FALSE,,,,,,,,,
"FadaFest Convention (X+4, Y-10) - yug204",right,"FadaFest Convention (X+5, Y-10) - yug24",,,,88,89,FALSE,,,,,,,,,
"FadaFest Convention (X+5, Y-10) - yug24",up,"FadaFest Convention (X+5, Y-11) - yug211",,,,89,84,FALSE,,,,,,,,,
"FadaFest Convention (X+5, Y-10) - yug24",left,"FadaFest Convention (X+4, Y-10) - yug204",,,,89,88,FALSE,,,,,,,,,
"FadaFest Convention (X+6, Y-10) - lor331",right,"FadaFest Convention (X+7, Y-10) - yug193",,,,90,91,FALSE,,,,,,,,,
"FadaFest Convention (X+6, Y-10) - lor331",down,"FadaFest Convention (X+6, Y-9) - yug284",,,,90,95,FALSE,,,,,,,,,
"FadaFest Convention (X+7, Y-10) - yug193",left,"FadaFest Convention (X+6, Y-10) - lor331",,,,91,90,FALSE,,,,,,,,,
"FadaFest Convention (X+2, Y-9) - yug171",right,"FadaFest Convention (X+3, Y-9) - yug15",,,,92,93,FALSE,,,,,,,,,
"FadaFest Convention (X+2, Y-9) - yug171",down,"FadaFest Convention (X+2, Y-8) - yug50",,,,92,98,FALSE,,,,,,,,,
"FadaFest Convention (X+3, Y-9) - yug15",up,"FadaFest Convention (X+3, Y-10) - yug30",,,,93,87,FALSE,,,,,,,,,
"FadaFest Convention (X+3, Y-9) - yug15",left,"FadaFest Convention (X+2, Y-9) - yug171",,,,93,92,FALSE,,,,,,,,,
"FadaFest Convention (X+3, Y-9) - yug15",right,"FadaFest Convention (X+4, Y-9) - yug80",,,,93,94,FALSE,,,,,,,,,
"FadaFest Convention (X+3, Y-9) - yug15",right,"FadaFest Convention (X+4, Y-8) - ren878",,,,93,99,FALSE,,,,,,,,,
"FadaFest Convention (X+3, Y-9) - yug15",right,"FadaFest Convention (X+4, Y-7) - yug183",,,,93,104,FALSE,,,,,,,,,
"FadaFest Convention (X+3, Y-9) - yug15",down,"FadaFest Convention (X+2, Y-6) - yug1",,,,93,107,FALSE,,,,,,,,,
"FadaFest Convention (X+4, Y-9) - yug80",left,"FadaFest Convention (X+3, Y-9) - yug15",,,,94,93,FALSE,,,,,,,,,
"FadaFest Convention (X+4, Y-9) - yug80",right,"FadaFest Convention (X+6, Y-9) - yug284",,,,94,95,FALSE,,,,,,,,,
"FadaFest Convention (X+6, Y-9) - yug284",up,"FadaFest Convention (X+6, Y-10) - lor331",,,,95,90,FALSE,,,,,,,,,
"FadaFest Convention (X+6, Y-9) - yug284",left,"FadaFest Convention (X+4, Y-9) - yug80",,,,95,94,FALSE,,,,,,,,,
"FadaFest Convention (X+6, Y-9) - yug284",down,"FadaFest Convention (X+6, Y-8) - yug100",,,,95,101,FALSE,,,,,,,,,
"FadaFest Convention (X+7, Y-9) - yug149",down,"FadaFest Convention (X+7, Y-8) - lor336",,,,96,102,FALSE,,,,,,,,,
"FadaFest Convention (X+0, Y-8) - yug761",up,"FadaFest Convention (X+0, Y-10) - yug762",,,,97,85,FALSE,,,,,,,,,
"FadaFest Convention (X+0, Y-8) - yug761",down,"FadaFest Convention (X+0, Y-7) - yug221",,,,97,103,FALSE,,,,,,,,,
"FadaFest Convention (X+2, Y-8) - yug50",up,"FadaFest Convention (X+2, Y-9) - yug171",,,,98,92,FALSE,,,,,,,,,
"FadaFest Convention (X+2, Y-8) - yug50",down,"FadaFest Convention (X+2, Y-6) - yug1",,,,98,107,FALSE,,,,,,,,,
"FadaFest Convention (X+4, Y-8) - ren878",left,"FadaFest Convention (X+3, Y-9) - yug15",,,,99,93,FALSE,,,,,,,,,
"FadaFest Convention (X+4, Y-8) - ren878",right,"FadaFest Convention (X+5, Y-8) - yug64",,,,99,100,FALSE,,,,,,,,,
"FadaFest Convention (X+5, Y-8) - yug64",left,"FadaFest Convention (X+4, Y-8) - ren878",,,,100,99,FALSE,,,,,,,,,
"FadaFest Convention (X+5, Y-8) - yug64",right,"FadaFest Convention (X+6, Y-8) - yug100",,,,100,101,FALSE,,,,,,,,,
"FadaFest Convention (X+6, Y-8) - yug100",up,"FadaFest Convention (X+6, Y-9) - yug284",,,,101,95,FALSE,,,,,,,,,
"FadaFest Convention (X+6, Y-8) - yug100",left,"FadaFest Convention (X+5, Y-8) - yug64",,,,101,100,FALSE,,,,,,,,,
"FadaFest Convention (X+6, Y-8) - yug100",right,"FadaFest Convention (X+7, Y-8) - lor336",,,,101,102,FALSE,,,,,,,,,
"FadaFest Convention (X+6, Y-8) - yug100",down,"FadaFest Convention (X+6, Y-7) - yug98",,,,101,105,FALSE,,,,,,,,,
"FadaFest Convention (X+7, Y-8) - lor336",up,"FadaFest Convention (X+7, Y-9) - yug149",,,,102,96,FALSE,,,,,,,,,
"FadaFest Convention (X+7, Y-8) - lor336",left,"FadaFest Convention (X+6, Y-8) - yug100",,,,102,101,FALSE,,,,,,,,,
"FadaFest Convention (X+7, Y-8) - lor336",down,"FadaFest Convention (X+7, Y-7) - yug142",,,,102,106,FALSE,,,,,,,,,
"FadaFest Convention (X+0, Y-7) - yug221",up,"FadaFest Convention (X+0, Y-8) - yug761",,,,103,97,FALSE,,,,,,,,,
"FadaFest Convention (X+0, Y-7) - yug221",right,"FadaFest Convention (X+2, Y-6) - yug1",,,,103,107,FALSE,,,,,,,,,
"FadaFest Convention (X+0, Y-7) - yug221",down,"FadaFest Convention (X+0, Y-5) - lor2",,,,103,110,FALSE,,,,,,,,,
"FadaFest Convention (X+4, Y-7) - yug183",left,"FadaFest Convention (X+3, Y-9) - yug15",,,,104,93,FALSE,,,,,,,,,
"FadaFest Convention (X+4, Y-7) - yug183",right,"FadaFest Convention (X+6, Y-7) - yug98",,,,104,105,FALSE,,,,,,,,,
"FadaFest Convention (X+6, Y-7) - yug98",up,"FadaFest Convention (X+6, Y-8) - yug100",,,,105,101,FALSE,,,,,,,,,
"FadaFest Convention (X+6, Y-7) - yug98",left,"FadaFest Convention (X+4, Y-7) - yug183",,,,105,104,FALSE,,,,,,,,,
"FadaFest Convention (X+6, Y-7) - yug98",right,"FadaFest Convention (X+7, Y-7) - yug142",,,,105,106,FALSE,,,,,,,,,
"FadaFest Convention (X+6, Y-7) - yug98",left,"FadaFest Convention (X+4, Y-6) - yug43",,,,105,108,FALSE,,,,,,,,,
"FadaFest Convention (X+6, Y-7) - yug98",right,"FadaFest Convention (X+7, Y-6) - yug137",,,,105,109,FALSE,,,,,,,,,
"FadaFest Convention (X+6, Y-7) - yug98",down,"FadaFest Convention (X+6, Y-5) - lor420",,,,105,113,FALSE,,,,,,,,,
"FadaFest Convention (X+7, Y-7) - yug142",up,"FadaFest Convention (X+7, Y-8) - lor336",,,,106,102,FALSE,,,,,,,,,
"FadaFest Convention (X+7, Y-7) - yug142",left,"FadaFest Convention (X+6, Y-7) - yug98",,,,106,105,FALSE,,,,,,,,,
"FadaFest Convention (X+2, Y-6) - yug1",up,"FadaFest Convention (X+3, Y-9) - yug15",,,,107,93,FALSE,,,,,,,,,
"FadaFest Convention (X+2, Y-6) - yug1",up,"FadaFest Convention (X+2, Y-8) - yug50",,,,107,98,FALSE,,,,,,,,,
"FadaFest Convention (X+2, Y-6) - yug1",left,"FadaFest Convention (X+0, Y-7) - yug221",,,,107,103,FALSE,,,,,,,,,
"FadaFest Convention (X+2, Y-6) - yug1",right,"FadaFest Convention (X+4, Y-6) - yug43",,,,107,108,FALSE,,,,,,,,,
"FadaFest Convention (X+2, Y-6) - yug1",right,"FadaFest Convention (X+4, Y-5) - yug135",,,,107,111,FALSE,,,,,,,,,
"FadaFest Convention (X+2, Y-6) - yug1",down,"FadaFest Convention (X+3, Y-4) - ren818",,,,107,115,FALSE,,,,,,,,,
"FadaFest Convention (X+4, Y-6) - yug43",right,"FadaFest Convention (X+6, Y-7) - yug98",,,,108,105,FALSE,,,,,,,,,
"FadaFest Convention (X+4, Y-6) - yug43",left,"FadaFest Convention (X+2, Y-6) - yug1",,,,108,107,FALSE,,,,,,,,,
"FadaFest Convention (X+7, Y-6) - yug137",left,"FadaFest Convention (X+6, Y-7) - yug98",,,,109,105,FALSE,,,,,,,,,
"FadaFest Convention (X+7, Y-6) - yug137",left,"FadaFest Convention (X+6, Y-5) - lor420",,,,109,113,FALSE,,,,,,,,,
"FadaFest Convention (X+0, Y-5) - lor2",up,"FadaFest Convention (X+0, Y-7) - yug221",,,,110,103,FALSE,,,,,,,,,
"FadaFest Convention (X+0, Y-5) - lor2",down,"FadaFest Convention (X+0, Y-2) - lor1",,,,110,125,FALSE,,,,,,,,,
"FadaFest Convention (X+4, Y-5) - yug135",left,"FadaFest Convention (X+2, Y-6) - yug1",,,,111,107,FALSE,,,,,,,,,
"FadaFest Convention (X+4, Y-5) - yug135",right,"FadaFest Convention (X+5, Y-5) - yug228",,,,111,112,FALSE,,,,,,,,,
"FadaFest Convention (X+5, Y-5) - yug228",left,"FadaFest Convention (X+4, Y-5) - yug135",,,,112,111,FALSE,,,,,,,,,
"FadaFest Convention (X+5, Y-5) - yug228",right,"FadaFest Convention (X+6, Y-5) - lor420",,,,112,113,FALSE,,,,,,,,,
"FadaFest Convention (X+6, Y-5) - lor420",up,"FadaFest Convention (X+6, Y-7) - yug98",,,,113,105,FALSE,,,,,,,,,
"FadaFest Convention (X+6, Y-5) - lor420",right,"FadaFest Convention (X+7, Y-6) - yug137",,,,113,109,FALSE,,,,,,,,,
"FadaFest Convention (X+6, Y-5) - lor420",left,"FadaFest Convention (X+5, Y-5) - yug228",,,,113,112,FALSE,,,,,,,,,
"FadaFest Convention (X+2, Y-4) - lor161",right,"FadaFest Convention (X+3, Y-4) - ren818",,,,114,115,FALSE,,,,,,,,,
"FadaFest Convention (X+2, Y-4) - lor161",down,"FadaFest Convention (X+2, Y-2) - lor75",,,,114,126,FALSE,,,,,,,,,
"FadaFest Convention (X+3, Y-4) - ren818",up,"FadaFest Convention (X+2, Y-6) - yug1",,,,115,107,FALSE,,,,,,,,,
"FadaFest Convention (X+3, Y-4) - ren818",left,"FadaFest Convention (X+2, Y-4) - lor161",,,,115,114,FALSE,,,,,,,,,
"FadaFest Convention (X+3, Y-4) - ren818",right,"FadaFest Convention (X+4, Y-4) - ren543",,,,115,116,FALSE,,,,,,,,,
"FadaFest Convention (X+3, Y-4) - ren818",down,"FadaFest Convention (X+3, Y-3) - ren527",,,,115,120,FALSE,,,,,,,,,
"FadaFest Convention (X+4, Y-4) - ren543",left,"FadaFest Convention (X+3, Y-4) - ren818",,,,116,115,FALSE,,,,,,,,,
"FadaFest Convention (X+5, Y-4) - ren428",right,"FadaFest Convention (X+6, Y-4) - lor108",,,,117,118,FALSE,,,,,,,,,
"FadaFest Convention (X+5, Y-4) - ren428",down,"FadaFest Convention (X+5, Y-3) - lor103",,,,117,122,FALSE,,,,,,,,,
"FadaFest Convention (X+6, Y-4) - lor108",left,"FadaFest Convention (X+5, Y-4) - ren428",,,,118,117,FALSE,,,,,,,,,
"FadaFest Convention (X+6, Y-4) - lor108",right,"FadaFest Convention (X+7, Y-4) - ren239",,,,118,119,FALSE,,,,,,,,,
"FadaFest Convention (X+6, Y-4) - lor108",down,"FadaFest Convention (X+6, Y-3) - lor99",,,,118,123,FALSE,,,,,,,,,
"FadaFest Convention (X+7, Y-4) - ren239",left,"FadaFest Convention (X+6, Y-4) - lor108",,,,119,118,FALSE,,,,,,,,,
"FadaFest Convention (X+7, Y-4) - ren239",down,"FadaFest Convention (X+7, Y-3) - lor106",,,,119,124,FALSE,,,,,,,,,
"FadaFest Convention (X+3, Y-3) - ren527",up,"FadaFest Convention (X+3, Y-4) - ren818",,,,120,115,FALSE,,,,,,,,,
"FadaFest Convention (X+3, Y-3) - ren527",down,"FadaFest Convention (X+3, Y-2) - lor64",,,,120,127,FALSE,,,,,,,,,
"FadaFest Convention (X+4, Y-3) - lor133",right,"FadaFest Convention (X+5, Y-3) - lor103",,,,121,122,FALSE,,,,,,,,,
"FadaFest Convention (X+4, Y-3) - lor133",down,"FadaFest Convention (X+3, Y-2) - lor64",,,,121,127,FALSE,,,,,,,,,
"FadaFest Convention (X+5, Y-3) - lor103",up,"FadaFest Convention (X+5, Y-4) - ren428",,,,122,117,FALSE,,,,,,,,,
"FadaFest Convention (X+5, Y-3) - lor103",left,"FadaFest Convention (X+4, Y-3) - lor133",,,,122,121,FALSE,,,,,,,,,
"FadaFest Convention (X+5, Y-3) - lor103",right,"FadaFest Convention (X+6, Y-3) - lor99",,,,122,123,FALSE,,,,,,,,,
"FadaFest Convention (X+5, Y-3) - lor103",down,"FadaFest Convention (X+5, Y-2) - lor81",,,,122,128,FALSE,,,,,,,,,
"FadaFest Convention (X+6, Y-3) - lor99",up,"FadaFest Convention (X+6, Y-4) - lor108",,,,123,118,FALSE,,,,,,,,,
"FadaFest Convention (X+6, Y-3) - lor99",left,"FadaFest Convention (X+5, Y-3) - lor103",,,,123,122,FALSE,,,,,,,,,
"FadaFest Convention (X+6, Y-3) - lor99",right,"FadaFest Convention (X+7, Y-3) - lor106",,,,123,124,FALSE,,,,,,,,,
"FadaFest Convention (X+7, Y-3) - lor106",up,"FadaFest Convention (X+7, Y-4) - ren239",,,,124,119,FALSE,,,,,,,,,
"FadaFest Convention (X+7, Y-3) - lor106",left,"FadaFest Convention (X+6, Y-3) - lor99",,,,124,123,FALSE,,,,,,,,,
"FadaFest Convention (X+7, Y-3) - lor106",down,"FadaFest Convention (X+7, Y-2) - lor116",,,,124,130,FALSE,,,,,,,,,
"FadaFest Convention (X+0, Y-2) - lor1",up,"FadaFest Convention (X+0, Y-5) - lor2",,,,125,110,FALSE,,,,,,,,,
"FadaFest Convention (X+0, Y-2) - lor1",right,"FadaFest Convention (X+2, Y-1) - lor3",,,,125,131,FALSE,,,,,,,,,
"FadaFest Convention (X+0, Y-2) - lor1",warp (down),"Fadalins Neighborhood (X+1, Y-12) - ren4873",,,,125,153,FALSE,,,,,,,,,
"FadaFest Convention (X+2, Y-2) - lor75",up,"FadaFest Convention (X+2, Y-4) - lor161",,,,126,114,FALSE,,,,,,,,,
"FadaFest Convention (X+2, Y-2) - lor75",right,"FadaFest Convention (X+3, Y-2) - lor64",,,,126,127,FALSE,,,,,,,,,
"FadaFest Convention (X+3, Y-2) - lor64",up,"FadaFest Convention (X+3, Y-3) - ren527",,,,127,120,FALSE,,,,,,,,,
"FadaFest Convention (X+3, Y-2) - lor64",up,"FadaFest Convention (X+4, Y-3) - lor133",,,,127,121,FALSE,,,,,,,,,
"FadaFest Convention (X+3, Y-2) - lor64",left,"FadaFest Convention (X+2, Y-2) - lor75",,,,127,126,FALSE,,,,,,,,,
"FadaFest Convention (X+3, Y-2) - lor64",right,"FadaFest Convention (X+5, Y-2) - lor81",,,,127,128,FALSE,,,,,,,,,
"FadaFest Convention (X+3, Y-2) - lor64",left,"FadaFest Convention (X+2, Y-1) - lor3",,,,127,131,FALSE,,,,,,,,,
"FadaFest Convention (X+3, Y-2) - lor64",right,"FadaFest Convention (X+5, Y-1) - ren327",,,,127,132,FALSE,,,,,,,,,
"FadaFest Convention (X+3, Y-2) - lor64",down,"FadaFest Convention (X+3, Y+0) - lor566",,,,127,136,FALSE,,,,,,,,,
"FadaFest Convention (X+3, Y-2) - lor64",down,"FadaFest Convention (X+4, Y+0) - lor76",,,,127,137,FALSE,,,,,,,,,
"FadaFest Convention (X+5, Y-2) - lor81",up,"FadaFest Convention (X+5, Y-3) - lor103",,,,128,122,FALSE,,,,,,,,,
"FadaFest Convention (X+5, Y-2) - lor81",left,"FadaFest Convention (X+3, Y-2) - lor64",,,,128,127,FALSE,,,,,,,,,
"FadaFest Convention (X+5, Y-2) - lor81",right,"FadaFest Convention (X+6, Y-2) - lor110",,,,128,129,FALSE,,,,,,,,,
"FadaFest Convention (X+6, Y-2) - lor110",left,"FadaFest Convention (X+5, Y-2) - lor81",,,,129,128,FALSE,,,,,,,,,
"FadaFest Convention (X+6, Y-2) - lor110",right,"FadaFest Convention (X+7, Y-2) - lor116",,,,129,130,FALSE,,,,,,,,,
"FadaFest Convention (X+6, Y-2) - lor110",down,"FadaFest Convention (X+6, Y-1) - lor118",,,,129,133,FALSE,,,,,,,,,
"FadaFest Convention (X+7, Y-2) - lor116",up,"FadaFest Convention (X+7, Y-3) - lor106",,,,130,124,FALSE,,,,,,,,,
"FadaFest Convention (X+7, Y-2) - lor116",left,"FadaFest Convention (X+6, Y-2) - lor110",,,,130,129,FALSE,,,,,,,,,
"FadaFest Convention (X+7, Y-2) - lor116",down,"FadaFest Convention (X+7, Y-1) - ren335",,,,130,134,FALSE,,,,,,,,,
"FadaFest Convention (X+2, Y-1) - lor3",left,"FadaFest Convention (X+0, Y-2) - lor1",,,,131,125,FALSE,,,,,,,,,
"FadaFest Convention (X+2, Y-1) - lor3",right,"FadaFest Convention (X+3, Y-2) - lor64",,,,131,127,FALSE,,,,,,,,,
"FadaFest Convention (X+5, Y-1) - ren327",left,"FadaFest Convention (X+3, Y-2) - lor64",,,,132,127,FALSE,,,,,,,,,
"FadaFest Convention (X+5, Y-1) - ren327",down,"FadaFest Convention (X+5, Y+0) - yug750",,,,132,138,FALSE,,,,,,,,,
"FadaFest Convention (X+6, Y-1) - lor118",up,"FadaFest Convention (X+6, Y-2) - lor110",,,,133,129,FALSE,,,,,,,,,
"FadaFest Convention (X+6, Y-1) - lor118",right,"FadaFest Convention (X+7, Y-1) - ren335",,,,133,134,FALSE,,,,,,,,,
"FadaFest Convention (X+7, Y-1) - ren335",up,"FadaFest Convention (X+7, Y-2) - lor116",,,,134,130,FALSE,,,,,,,,,
"FadaFest Convention (X+7, Y-1) - ren335",left,"FadaFest Convention (X+6, Y-1) - lor118",,,,134,133,FALSE,,,,,,,,,
"FadaFest Convention (X+2, Y+0) - yug763",right,"FadaFest Convention (X+3, Y+0) - lor566",,,,135,136,FALSE,,,,,,,,,
"FadaFest Convention (X+3, Y+0) - lor566",up,"FadaFest Convention (X+3, Y-2) - lor64",,,,136,127,FALSE,,,,,,,,,
"FadaFest Convention (X+3, Y+0) - lor566",left,"FadaFest Convention (X+2, Y+0) - yug763",,,,136,135,FALSE,,,,,,,,,
"FadaFest Convention (X+3, Y+0) - lor566",right,"FadaFest Convention (X+4, Y+0) - lor76",,,,136,137,FALSE,,,,,,,,,
"FadaFest Convention (X+4, Y+0) - lor76",up,"FadaFest Convention (X+3, Y-2) - lor64",,,,137,127,FALSE,,,,,,,,,
"FadaFest Convention (X+4, Y+0) - lor76",left,"FadaFest Convention (X+3, Y+0) - lor566",,,,137,136,FALSE,,,,,,,,,
"FadaFest Convention (X+5, Y+0) - yug750",up,"FadaFest Convention (X+5, Y-1) - ren327",,,,138,132,FALSE,,,,,,,,,
"FadaFest Convention (X+5, Y+0) - yug750",right,"FadaFest Convention (X+6, Y+0) - yug752",,,,138,139,FALSE,,,,,,,,,
"FadaFest Convention (X+6, Y+0) - yug752",left,"FadaFest Convention (X+5, Y+0) - yug750",,,,139,138,FALSE,,,,,,,,,
"FadaFest Convention (X+6, Y+0) - yug752",right,"FadaFest Convention (X+7, Y+0) - ren945",,,,139,140,FALSE,,,,,,,,,
"FadaFest Convention (X+7, Y+0) - ren945",left,"FadaFest Convention (X+6, Y+0) - yug752",,,,140,139,FALSE,,,,,,,,,
"Fadalins Neighborhood (X+1, Y-15) - ren4961",right,"Fadalins Neighborhood (X+2, Y-15) - ren5026",,,,141,142,FALSE,,,,,,,,,
"Fadalins Neighborhood (X+1, Y-15) - ren4961",down,"Fadalins Neighborhood (X+1, Y-14) - ren4952",,,,141,148,FALSE,,,,,,,,,
"Fadalins Neighborhood (X+1, Y-15) - ren4961",manhole (down),"Fadalins Neighborhood (Sewers) (X+1, Y-15) - ren1638",,,,141,168,FALSE,,,,,,,,,
"Fadalins Neighborhood (X+2, Y-15) - ren5026",left,"Fadalins Neighborhood (X+1, Y-15) - ren4961",,,,142,141,FALSE,,,,,,,,,
"Fadalins Neighborhood (X+2, Y-15) - ren5026",down,"Fadalins Neighborhood (X+2, Y-14) - ren4960",,,,142,149,FALSE,,,,,,,,,
"Fadalins Neighborhood (X+3, Y-15) - ren5061",right,"Fadalins Neighborhood (X+4, Y-15) - ren4894",,,,143,144,FALSE,,,,,,,,,
"Fadalins Neighborhood (X+3, Y-15) - ren5061",down,"Fadalins Neighborhood (X+3, Y-14) - ren5031",,,,143,150,FALSE,,,,,,,,,
"Fadalins Neighborhood (X+4, Y-15) - ren4894",left,"Fadalins Neighborhood (X+3, Y-15) - ren5061",,,,144,143,FALSE,,,,,,,,,
"Fadalins Neighborhood (X+4, Y-15) - ren4894",right,"Fadalins Neighborhood (X+6, Y-15) - ren5063",,,,144,145,FALSE,,,,,,,,,
"Fadalins Neighborhood (X+4, Y-15) - ren4894",left,"Fadalins Neighborhood (X+3, Y-13) - ren4930",,,,144,152,FALSE,,,,,,,,,
"Fadalins Neighborhood (X+4, Y-15) - ren4894",right,"Fadalins Neighborhood (X+6, Y-12) - ren4889",,,,144,154,FALSE,,,,,,,,,
"Fadalins Neighborhood (X+4, Y-15) - ren4894",warp (up),"Fadalins Neighborhood (Interiors) (X+5, Y-13) - yug409",,,,144,162,FALSE,,,,,,,,,
"Fadalins Neighborhood (X+4, Y-15) - ren4894",manhole (down),"Fadalins Neighborhood (Sewers) (X+4, Y-15) - ren1660",,,,144,169,FALSE,,,,,,,,,
"Fadalins Neighborhood (X+4, Y-15) - ren4894",manhole (down),"Fadalins Neighborhood (Sewers) (X+4, Y-15) - ren1660",,,,144,169,FALSE,,,,,,,,,
"Fadalins Neighborhood (X+4, Y-15) - ren4894",manhole (down),"Fadalins Neighborhood (Sewers) (X+4, Y-12) - ren1678",,,,144,181,FALSE,,,,,,,,,
"Fadalins Neighborhood (X+4, Y-15) - ren4894",manhole (down),"Fadalins Neighborhood (Sewers) (X+4, Y-12) - ren1678",,,,144,181,FALSE,,,,,,,,,
"Fadalins Neighborhood (X+4, Y-15) - ren4894",warp (up),"Fadolio Eternatum Museum (X-1, Y-3) - yug43",,,,144,190,FALSE,,,,,,,,,
"Fadalins Neighborhood (X+6, Y-15) - ren5063",warp (up),"Escape House (X+0, Y-1) - lor10",,,,145,78,FALSE,,,,,,,,,
"Fadalins Neighborhood (X+6, Y-15) - ren5063",left,"Fadalins Neighborhood (X+4, Y-15) - ren4894",,,,145,144,FALSE,,,,,,,,,
"Fadalins Neighborhood (X+6, Y-15) - ren5063",right,"Fadalins Neighborhood (X+8, Y-15) - lor2641",,,,145,146,FALSE,,,,,,,,,
"Fadalins Neighborhood (X+6, Y-15) - ren5063",down,"Fadalins Neighborhood (X+6, Y-12) - ren4889",,,,145,154,FALSE,,,,,,,,,
"Fadalins Neighborhood (X+6, Y-15) - ren5063",down,"Fadalins Neighborhood (X+7, Y-12) - ren5069",,,,145,155,FALSE,,,,,,,,,
"Fadalins Neighborhood (X+6, Y-15) - ren5063",warp (up),"Fadalins Neighborhood (Interiors) (X+6, Y-15) - ren1022",,,,145,161,FALSE,,,,,,,,,
"Fadalins Neighborhood (X+8, Y-15) - lor2641",left,"Fadalins Neighborhood (X+6, Y-15) - ren5063",,,,146,145,FALSE,,,,,,,,,
"Fadalins Neighborhood (X+8, Y-15) - lor2641",down,"Fadalins Neighborhood (X+8, Y-12) - yug5318",,,,146,156,FALSE,,,,,,,,,
"Fadalins Neighborhood (X+8, Y-15) - lor2641",up,"Pipistrello Industries (X+5, Y-17) - lor2521",,,,146,584,FALSE,,,,,,,,,
"Fadalins Neighborhood (X+9, Y-15) - yug5291",down,"Fadalins Neighborhood (X+9, Y-8) - yug5567",,,,147,160,FALSE,,,,,,,,,
"Fadalins Neighborhood (X+1, Y-14) - ren4952",up,"Fadalins Neighborhood (X+1, Y-15) - ren4961",,,,148,141,FALSE,,,,,,,,,
"Fadalins Neighborhood (X+1, Y-14) - ren4952",right,"Fadalins Neighborhood (X+2, Y-14) - ren4960",,,,148,149,FALSE,,,,,,,,,
"Fadalins Neighborhood (X+2, Y-14) - ren4960",up,"Fadalins Neighborhood (X+2, Y-15) - ren5026",,,,149,142,FALSE,,,,,,,,,
"Fadalins Neighborhood (X+2, Y-14) - ren4960",left,"Fadalins Neighborhood (X+1, Y-14) - ren4952",,,,149,148,FALSE,,,,,,,,,
"Fadalins Neighborhood (X+2, Y-14) - ren4960",right,"Fadalins Neighborhood (X+3, Y-14) - ren5031",,,,149,150,FALSE,,,,,,,,,
"Fadalins Neighborhood (X+2, Y-14) - ren4960",down,"Fadalins Neighborhood (X+1, Y-13) - ren4933",,,,149,151,FALSE,,,,,,,,,
"Fadalins Neighborhood (X+3, Y-14) - ren5031",up,"Fadalins Neighborhood (X+3, Y-15) - ren5061",,,,150,143,FALSE,,,,,,,,,
"Fadalins Neighborhood (X+3, Y-14) - ren5031",left,"Fadalins Neighborhood (X+2, Y-14) - ren4960",,,,150,149,FALSE,,,,,,,,,
"Fadalins Neighborhood (X+1, Y-13) - ren4933",up,"Fadalins Neighborhood (X+2, Y-14) - ren4960",,,,151,149,FALSE,,,,,,,,,
"Fadalins Neighborhood (X+1, Y-13) - ren4933",right,"Fadalins Neighborhood (X+3, Y-13) - ren4930",,,,151,152,FALSE,,,,,,,,,
"Fadalins Neighborhood (X+1, Y-13) - ren4933",down,"Fadalins Neighborhood (X+1, Y-12) - ren4873",,,,151,153,FALSE,,,,,,,,,
"Fadalins Neighborhood (X+3, Y-13) - ren4930",right,"Fadalins Neighborhood (X+4, Y-15) - ren4894",,,,152,144,FALSE,,,,,,,,,
"Fadalins Neighborhood (X+3, Y-13) - ren4930",left,"Fadalins Neighborhood (X+1, Y-13) - ren4933",,,,152,151,FALSE,,,,,,,,,
"Fadalins Neighborhood (X+1, Y-12) - ren4873",warp (up),"FadaFest Convention (X+0, Y-2) - lor1",,,,153,125,FALSE,,,,,,,,,
"Fadalins Neighborhood (X+1, Y-12) - ren4873",up,"Fadalins Neighborhood (X+1, Y-13) - ren4933",,,,153,151,FALSE,,,,,,,,,
"Fadalins Neighborhood (X+1, Y-12) - ren4873",right,"Fadalins Neighborhood (X+4, Y-11) - ren4879",,,,153,157,FALSE,,,,,,,,,
"Fadalins Neighborhood (X+1, Y-12) - ren4873",down,"Fadalins Neighborhood (X+3, Y-8) - ren4861",,,,153,159,FALSE,,,,,,,,,
"Fadalins Neighborhood (X+1, Y-12) - ren4873",left,"North Plaza (X-1, Y-10) - ren4872",,,,153,452,FALSE,,,,,,,,,
"Fadalins Neighborhood (X+6, Y-12) - ren4889",left,"Fadalins Neighborhood (X+4, Y-15) - ren4894",,,,154,144,FALSE,,,,,,,,,
"Fadalins Neighborhood (X+6, Y-12) - ren4889",up,"Fadalins Neighborhood (X+6, Y-15) - ren5063",,,,154,145,FALSE,,,,,,,,,
"Fadalins Neighborhood (X+6, Y-12) - ren4889",right,"Fadalins Neighborhood (X+7, Y-12) - ren5069",,,,154,155,FALSE,,,,,,,,,
"Fadalins Neighborhood (X+6, Y-12) - ren4889",down,"Fadalins Neighborhood (X+4, Y-11) - ren4879",,,,154,157,FALSE,,,,,,,,,
"Fadalins Neighborhood (X+7, Y-12) - ren5069",up,"Fadalins Neighborhood (X+6, Y-15) - ren5063",,,,155,145,FALSE,,,,,,,,,
"Fadalins Neighborhood (X+7, Y-12) - ren5069",left,"Fadalins Neighborhood (X+6, Y-12) - ren4889",,,,155,154,FALSE,,,,,,,,,
"Fadalins Neighborhood (X+7, Y-12) - ren5069",right,"Fadalins Neighborhood (X+8, Y-12) - yug5318",,,,155,156,FALSE,,,,,,,,,
"Fadalins Neighborhood (X+7, Y-12) - ren5069",left,"Fadalins Neighborhood (X+4, Y-11) - ren4879",,,,155,157,FALSE,,,,,,,,,
"Fadalins Neighborhood (X+7, Y-12) - ren5069",left,"Fadalins Neighborhood (X+3, Y-8) - ren4861",,,,155,159,FALSE,,,,,,,,,
"Fadalins Neighborhood (X+7, Y-12) - ren5069",manhole (down),"Fadalins Neighborhood (Sewers) (X+7, Y-12) - ren3410",,,,155,182,FALSE,,,,,,,,,
"Fadalins Neighborhood (X+8, Y-12) - yug5318",up,"Fadalins Neighborhood (X+8, Y-15) - lor2641",,,,156,146,FALSE,,,,,,,,,
"Fadalins Neighborhood (X+8, Y-12) - yug5318",left,"Fadalins Neighborhood (X+7, Y-12) - ren5069",,,,156,155,FALSE,,,,,,,,,
"Fadalins Neighborhood (X+8, Y-12) - yug5318",right,"Fadalins Neighborhood (X+9, Y-8) - yug5567",,,,156,160,FALSE,,,,,,,,,
"Fadalins Neighborhood (X+4, Y-11) - ren4879",left,"Fadalins Neighborhood (X+1, Y-12) - ren4873",,,,157,153,FALSE,,,,,,,,,
"Fadalins Neighborhood (X+4, Y-11) - ren4879",up,"Fadalins Neighborhood (X+6, Y-12) - ren4889",,,,157,154,FALSE,,,,,,,,,
"Fadalins Neighborhood (X+4, Y-11) - ren4879",right,"Fadalins Neighborhood (X+7, Y-12) - ren5069",,,,157,155,FALSE,,,,,,,,,
"Fadalins Neighborhood (X+4, Y-11) - ren4879",down,"Fadalins Neighborhood (X+3, Y-8) - ren4861",,,,157,159,FALSE,,,,,,,,,
"Fadalins Neighborhood (X+4, Y-11) - ren4879",warp (up),"Fadalins Neighborhood (Interiors) (X+5, Y-11) - lor334",,,,157,163,FALSE,,,,,,,,,
"Fadalins Neighborhood (X+4, Y-11) - ren4879",warp (up),"Fadalins Neighborhood (Interiors) (X+4, Y-10) - lor442",,,,157,164,FALSE,,,,,,,,,
"Fadalins Neighborhood (X+4, Y-11) - ren4879",manhole (down),"Fadalins Neighborhood (Sewers) (X+4, Y-10) - ren1648",,,,157,185,FALSE,,,,,,,,,
"Fadalins Neighborhood (X+4, Y-11) - ren4879",manhole (down),"Fadalins Neighborhood (Sewers) (X+4, Y-10) - ren1648",,,,157,185,FALSE,,,,,,,,,
"Fadalins Neighborhood (X+1, Y-8) - lor1096",right,"Fadalins Neighborhood (X+3, Y-8) - ren4861",,,,158,159,FALSE,,,,,,,,,
"Fadalins Neighborhood (X+1, Y-8) - lor1096",down,"Faria Slimer Borough (X+1, Y-6) - lor1097",FALSE,TRUE,,158,193,FALSE,FALSE,FALSE,TRUE,FALSE,Skipping Stone+,TRUE,FALSE,FALSE,
"Fadalins Neighborhood (X+3, Y-8) - ren4861",up,"Fadalins Neighborhood (X+1, Y-12) - ren4873",,,,159,153,FALSE,,,,,,,,,
"Fadalins Neighborhood (X+3, Y-8) - ren4861",right,"Fadalins Neighborhood (X+7, Y-12) - ren5069",,,,159,155,FALSE,,,,,,,,,
"Fadalins Neighborhood (X+3, Y-8) - ren4861",up,"Fadalins Neighborhood (X+4, Y-11) - ren4879",,,,159,157,FALSE,,,,,,,,,
"Fadalins Neighborhood (X+3, Y-8) - ren4861",left,"Fadalins Neighborhood (X+1, Y-8) - lor1096",,,,159,158,FALSE,,,,,,,,,
"Fadalins Neighborhood (X+3, Y-8) - ren4861",warp (up),"Fadalins Neighborhood (Interiors) (X+3, Y-8) - lor268",,,,159,165,FALSE,,,,,,,,,
"Fadalins Neighborhood (X+3, Y-8) - ren4861",manhole (down),"Fadalins Neighborhood (Sewers) (X+4, Y-8) - yug2167",,,,159,187,FALSE,,,,,,,,,
"Fadalins Neighborhood (X+9, Y-8) - yug5567",up,"Fadalins Neighborhood (X+9, Y-15) - yug5291",,,,160,147,FALSE,,,,,,,,,
"Fadalins Neighborhood (X+9, Y-8) - yug5567",left,"Fadalins Neighborhood (X+8, Y-12) - yug5318",,,,160,156,FALSE,,,,,,,,,
"Fadalins Neighborhood (Interiors) (X+6, Y-15) - ren1022",warp (down),"Fadalins Neighborhood (X+6, Y-15) - ren5063",,,,161,145,FALSE,,,,,,,,,
"Fadalins Neighborhood (Interiors) (X+5, Y-13) - yug409",warp (down),"Fadalins Neighborhood (X+4, Y-15) - ren4894",,,,162,144,FALSE,,,,,,,,,
"Fadalins Neighborhood (Interiors) (X+5, Y-11) - lor334",warp (down),"Fadalins Neighborhood (X+4, Y-11) - ren4879",,,,163,157,FALSE,,,,,,,,,
"Fadalins Neighborhood (Interiors) (X+4, Y-10) - lor442",warp (down),"Fadalins Neighborhood (X+4, Y-11) - ren4879",,,,164,157,FALSE,,,,,,,,,
"Fadalins Neighborhood (Interiors) (X+3, Y-8) - lor268",warp (down),"Fadalins Neighborhood (X+3, Y-8) - ren4861",,,,165,159,FALSE,,,,,,,,,
"Fadalins Neighborhood (Sewers) (X+2, Y-16) - ren1669",right,"Fadalins Neighborhood (Sewers) (X+4, Y-16) - ren1673",,,,166,167,FALSE,,,,,,,,,
"Fadalins Neighborhood (Sewers) (X+2, Y-16) - ren1669",down,"Fadalins Neighborhood (Sewers) (X+2, Y-14) - ren1782",,,,166,171,FALSE,,,,,,,,,
"Fadalins Neighborhood (Sewers) (X+4, Y-16) - ren1673",left,"Fadalins Neighborhood (Sewers) (X+2, Y-16) - ren1669",,,,167,166,FALSE,,,,,,,,,
"Fadalins Neighborhood (Sewers) (X+4, Y-16) - ren1673",down,"Fadalins Neighborhood (Sewers) (X+4, Y-15) - ren1660",,,,167,169,FALSE,,,,,,,,,
"Fadalins Neighborhood (Sewers) (X+1, Y-15) - ren1638",manhole (up),"Fadalins Neighborhood (X+1, Y-15) - ren4961",,,,168,141,FALSE,,,,,,,,,
"Fadalins Neighborhood (Sewers) (X+4, Y-15) - ren1660",manhole (up),"Fadalins Neighborhood (X+4, Y-15) - ren4894",,,,169,144,FALSE,,,,,,,,,
"Fadalins Neighborhood (Sewers) (X+4, Y-15) - ren1660",manhole (up),"Fadalins Neighborhood (X+4, Y-15) - ren4894",,,,169,144,FALSE,,,,,,,,,
"Fadalins Neighborhood (Sewers) (X+4, Y-15) - ren1660",up,"Fadalins Neighborhood (Sewers) (X+4, Y-16) - ren1673",,,,169,167,FALSE,,,,,,,,,
"Fadalins Neighborhood (Sewers) (X+4, Y-15) - ren1660",right,"Fadalins Neighborhood (Sewers) (X+6, Y-15) - yug1615",,,,169,170,FALSE,,,,,,,,,
"Fadalins Neighborhood (Sewers) (X+4, Y-15) - ren1660",down,"Fadalins Neighborhood (Sewers) (X+4, Y-14) - ren1663",,,,169,173,FALSE,,,,,,,,,
"Fadalins Neighborhood (Sewers) (X+6, Y-15) - yug1615",left,"Fadalins Neighborhood (Sewers) (X+4, Y-15) - ren1660",,,,170,169,FALSE,,,,,,,,,
"Fadalins Neighborhood (Sewers) (X+6, Y-15) - yug1615",down,"Fadalins Neighborhood (Sewers) (X+6, Y-14) - ren3560",,,,170,175,FALSE,,,,,,,,,
"Fadalins Neighborhood (Sewers) (X+2, Y-14) - ren1782",up,"Fadalins Neighborhood (Sewers) (X+2, Y-16) - ren1669",,,,171,166,FALSE,,,,,,,,,
"Fadalins Neighborhood (Sewers) (X+2, Y-14) - ren1782",right,"Fadalins Neighborhood (Sewers) (X+3, Y-14) - lor242",,,,171,172,FALSE,,,,,,,,,
"Fadalins Neighborhood (Sewers) (X+3, Y-14) - lor242",left,"Fadalins Neighborhood (Sewers) (X+2, Y-14) - ren1782",,,,172,171,FALSE,,,,,,,,,
"Fadalins Neighborhood (Sewers) (X+3, Y-14) - lor242",right,"Fadalins Neighborhood (Sewers) (X+4, Y-14) - ren1663",,,,172,173,FALSE,,,,,,,,,
"Fadalins Neighborhood (Sewers) (X+4, Y-14) - ren1663",up,"Fadalins Neighborhood (Sewers) (X+4, Y-15) - ren1660",,,,173,169,FALSE,,,,,,,,,
"Fadalins Neighborhood (Sewers) (X+4, Y-14) - ren1663",left,"Fadalins Neighborhood (Sewers) (X+3, Y-14) - lor242",,,,173,172,FALSE,,,,,,,,,
"Fadalins Neighborhood (Sewers) (X+5, Y-14) - ren3871",right,"Fadalins Neighborhood (Sewers) (X+6, Y-14) - ren3560",,,,174,175,FALSE,,,,,,,,,
"Fadalins Neighborhood (Sewers) (X+6, Y-14) - ren3560",up,"Fadalins Neighborhood (Sewers) (X+6, Y-15) - yug1615",,,,175,170,FALSE,,,,,,,,,
"Fadalins Neighborhood (Sewers) (X+6, Y-14) - ren3560",left,"Fadalins Neighborhood (Sewers) (X+5, Y-14) - ren3871",,,,175,174,FALSE,,,,,,,,,
"Fadalins Neighborhood (Sewers) (X+7, Y-14) - ren3411",right,"Fadalins Neighborhood (Sewers) (X+10, Y-13) - ren3454",,,,176,179,FALSE,,,,,,,,,
"Fadalins Neighborhood (Sewers) (X+7, Y-14) - ren3411",down,"Fadalins Neighborhood (Sewers) (X+7, Y-12) - ren3410",,,,176,182,FALSE,,,,,,,,,
"Fadalins Neighborhood (Sewers) (X+4, Y-13) - ren1686",right,"Fadalins Neighborhood (Sewers) (X+5, Y-13) - ren1684",,,,177,178,FALSE,,,,,,,,,
"Fadalins Neighborhood (Sewers) (X+4, Y-13) - ren1686",down,"Fadalins Neighborhood (Sewers) (X+4, Y-12) - ren1678",,,,177,181,FALSE,,,,,,,,,
"Fadalins Neighborhood (Sewers) (X+5, Y-13) - ren1684",left,"Fadalins Neighborhood (Sewers) (X+4, Y-13) - ren1686",,,,178,177,FALSE,,,,,,,,,
"Fadalins Neighborhood (Sewers) (X+5, Y-13) - ren1684",down,"Fadalins Neighborhood (Sewers) (X+4, Y-12) - ren1678",,,,178,181,FALSE,,,,,,,,,
"Fadalins Neighborhood (Sewers) (X+10, Y-13) - ren3454",left,"Fadalins Neighborhood (Sewers) (X+7, Y-14) - ren3411",,,,179,176,FALSE,,,,,,,,,
"Fadalins Neighborhood (Sewers) (X+10, Y-13) - ren3454",down,"Fadalins Neighborhood (Sewers) (X+8, Y-12) - ren3413",,,,179,183,FALSE,,,,,,,,,
"Fadalins Neighborhood (Sewers) (X+3, Y-12) - yug1635",right,"Fadalins Neighborhood (Sewers) (X+4, Y-12) - ren1678",,,,180,181,FALSE,,,,,,,,,
"Fadalins Neighborhood (Sewers) (X+4, Y-12) - ren1678",manhole (up),"Fadalins Neighborhood (X+4, Y-15) - ren4894",,,,181,144,FALSE,,,,,,,,,
"Fadalins Neighborhood (Sewers) (X+4, Y-12) - ren1678",manhole (up),"Fadalins Neighborhood (X+4, Y-15) - ren4894",,,,181,144,FALSE,,,,,,,,,
"Fadalins Neighborhood (Sewers) (X+4, Y-12) - ren1678",up,"Fadalins Neighborhood (Sewers) (X+4, Y-13) - ren1686",,,,181,177,FALSE,,,,,,,,,
"Fadalins Neighborhood (Sewers) (X+4, Y-12) - ren1678",up,"Fadalins Neighborhood (Sewers) (X+5, Y-13) - ren1684",,,,181,178,FALSE,,,,,,,,,
"Fadalins Neighborhood (Sewers) (X+4, Y-12) - ren1678",left,"Fadalins Neighborhood (Sewers) (X+3, Y-12) - yug1635",,,,181,180,FALSE,,,,,,,,,
"Fadalins Neighborhood (Sewers) (X+7, Y-12) - ren3410",manhole (up),"Fadalins Neighborhood (X+7, Y-12) - ren5069",,,,182,155,FALSE,,,,,,,,,
"Fadalins Neighborhood (Sewers) (X+7, Y-12) - ren3410",up,"Fadalins Neighborhood (Sewers) (X+7, Y-14) - ren3411",,,,182,176,FALSE,,,,,,,,,
"Fadalins Neighborhood (Sewers) (X+7, Y-12) - ren3410",right,"Fadalins Neighborhood (Sewers) (X+8, Y-12) - ren3413",,,,182,183,FALSE,,,,,,,,,
"Fadalins Neighborhood (Sewers) (X+8, Y-12) - ren3413",up,"Fadalins Neighborhood (Sewers) (X+10, Y-13) - ren3454",,,,183,179,FALSE,,,,,,,,,
"Fadalins Neighborhood (Sewers) (X+8, Y-12) - ren3413",left,"Fadalins Neighborhood (Sewers) (X+7, Y-12) - ren3410",,,,183,182,FALSE,,,,,,,,,
"Fadalins Neighborhood (Sewers) (X+3, Y-10) - ren1769",right,"Fadalins Neighborhood (Sewers) (X+4, Y-10) - ren1648",,,,184,185,FALSE,,,,,,,,,
"Fadalins Neighborhood (Sewers) (X+3, Y-10) - ren1769",right,"Fadalins Neighborhood (Sewers) (X+4, Y-9) - ren1653",,,,184,186,FALSE,,,,,,,,,
"Fadalins Neighborhood (Sewers) (X+4, Y-10) - ren1648",manhole (up),"Fadalins Neighborhood (X+4, Y-11) - ren4879",,,,185,157,FALSE,,,,,,,,,
"Fadalins Neighborhood (Sewers) (X+4, Y-10) - ren1648",manhole (up),"Fadalins Neighborhood (X+4, Y-11) - ren4879",,,,185,157,FALSE,,,,,,,,,
"Fadalins Neighborhood (Sewers) (X+4, Y-10) - ren1648",left,"Fadalins Neighborhood (Sewers) (X+3, Y-10) - ren1769",,,,185,184,FALSE,,,,,,,,,
"Fadalins Neighborhood (Sewers) (X+4, Y-10) - ren1648",down,"Fadalins Neighborhood (Sewers) (X+4, Y-9) - ren1653",,,,185,186,FALSE,,,,,,,,,
"Fadalins Neighborhood (Sewers) (X+4, Y-9) - ren1653",left,"Fadalins Neighborhood (Sewers) (X+3, Y-10) - ren1769",,,,186,184,FALSE,,,,,,,,,
"Fadalins Neighborhood (Sewers) (X+4, Y-9) - ren1653",up,"Fadalins Neighborhood (Sewers) (X+4, Y-10) - ren1648",,,,186,185,FALSE,,,,,,,,,
"Fadalins Neighborhood (Sewers) (X+4, Y-8) - yug2167",manhole (up),"Fadalins Neighborhood (X+3, Y-8) - ren4861",,,,187,159,FALSE,,,,,,,,,
"Fadalins Neighborhood (Sewers) (X+4, Y-8) - yug2167",right,"Fadalins Neighborhood (Sewers) (X+5, Y-8) - yug2151",,,,187,188,FALSE,,,,,,,,,
"Fadalins Neighborhood (Sewers) (X+5, Y-8) - yug2151",left,"Fadalins Neighborhood (Sewers) (X+4, Y-8) - yug2167",,,,188,187,FALSE,,,,,,,,,
"Fadolio Eternatum Museum (X+1, Y-4) - yug2",left,"Fadolio Eternatum Museum (X-1, Y-3) - yug43",,,,189,190,FALSE,,,,,,,,,
"Fadolio Eternatum Museum (X-1, Y-3) - yug43",warp (down),"Fadalins Neighborhood (X+4, Y-15) - ren4894",,,,190,144,FALSE,,,,,,,,,
"Fadolio Eternatum Museum (X-1, Y-3) - yug43",right,"Fadolio Eternatum Museum (X+1, Y-4) - yug2",,,,190,189,FALSE,,,,,,,,,
"Faria Slimer Borough (X+9, Y-7) - yug3435 (Main)",right,"Faria Slimer Borough (X+9, Y-7) - yug3435 (East)",FALSE,TRUE,,191,192,FALSE,,,,,,,,,
"Faria Slimer Borough (X+9, Y-7) - yug3435 (Main)",down,"Faria Slimer Borough (X+9, Y-6) - yug3411",FALSE,FALSE,,191,199,FALSE,,,,,,,,,
"Faria Slimer Borough (X+9, Y-7) - yug3435 (East)",left,"Faria Slimer Borough (X+9, Y-7) - yug3435 (Main)",FALSE,FALSE,,192,191,FALSE,,,,,,,,,
"Faria Slimer Borough (X+9, Y-7) - yug3435 (East)",manhole (down),"Faria Slimer Borough (Sewers) (X+9, Y-7) - yug873",TRUE,FALSE,,192,286,FALSE,,,,,,,,,
"Faria Slimer Borough (X+1, Y-6) - lor1097",up,"Fadalins Neighborhood (X+1, Y-8) - lor1096",FALSE,TRUE,,193,158,FALSE,FALSE,FALSE,TRUE,FALSE,Skipping Stone+,TRUE,FALSE,FALSE,
"Faria Slimer Borough (X+1, Y-6) - lor1097",right,"Faria Slimer Borough (X+3, Y-6) - yug1263",FALSE,FALSE,,193,194,FALSE,,,,,,,,,
"Faria Slimer Borough (X+1, Y-6) - lor1097",left,"South Plaza (X-1, Y-6) - ren355 (East)",FALSE,TRUE,,193,919,FALSE,FALSE,FALSE,TRUE,FALSE,Skipping Stone+,TRUE,FALSE,FALSE,
"Faria Slimer Borough (X+3, Y-6) - yug1263",manhole (down),"Faria Slimer Borough (Sewers) (X+3, Y-6) - ren3946",TRUE,FALSE,,194,287,FALSE,,,,,,,,,
"Faria Slimer Borough (X+4, Y-6) - yug173",right,"Faria Slimer Borough (X+7, Y-6) - yug171 (Main)",TRUE,FALSE,,195,196,FALSE,,,,,,,,,
"Faria Slimer Borough (X+4, Y-6) - yug173",down,"Faria Slimer Borough (X+4, Y-5) - yug208 (North)",TRUE,FALSE,,195,201,FALSE,,,,,,,,,
"Faria Slimer Borough (X+4, Y-6) - yug173",down,"Faria Slimer Borough (X+6, Y-5) - yug23",TRUE,FALSE,,195,204,FALSE,,,,,,,,,
"Faria Slimer Borough (X+7, Y-6) - yug171 (Main)",right,"Faria Slimer Borough (X+7, Y-6) - yug171 (East)",FALSE,TRUE,,196,197,FALSE,,,,,,,,,
"Faria Slimer Borough (X+7, Y-6) - yug171 (Main)",down,"Faria Slimer Borough (X+7, Y-5) - yug3458 (Main)",TRUE,FALSE,,196,205,FALSE,,,,,,,,,
"Faria Slimer Borough (X+7, Y-6) - yug171 (East)",left,"Faria Slimer Borough (X+7, Y-6) - yug171 (Main)",FALSE,FALSE,,197,196,FALSE,,,,,,,,,
"Faria Slimer Borough (X+7, Y-6) - yug171 (East)",warp (up),"Faria Slimer Borough (Interiors) (X+6, Y-6) - yug134",TRUE,FALSE,,197,274,FALSE,,,,,,,,,
"Faria Slimer Borough (X+8, Y-6) - yug3298",warp (up),"Faria Slimer Borough (Interiors) (X+8, Y-6) - yug426",TRUE,FALSE,,198,275,FALSE,,,,,,,,,
"Faria Slimer Borough (X+9, Y-6) - yug3411",up,"Faria Slimer Borough (X+9, Y-7) - yug3435 (Main)",FALSE,TRUE,,199,191,FALSE,,,,,,,,,
"Faria Slimer Borough (X+3, Y-5) - yug20",up,"Faria Slimer Borough (X+3, Y-6) - yug1263",TRUE,FALSE,,200,194,FALSE,,,,,,,,,
"Faria Slimer Borough (X+4, Y-5) - yug208 (North)",down,"Faria Slimer Borough (X+4, Y-5) - yug208 (South)",FALSE,FALSE,,201,202,FALSE,,,,,,,,,
"Faria Slimer Borough (X+4, Y-5) - yug208 (North)",warp (up),"Faria Slimer Borough (Interiors) (X+4, Y-5) - yug47",TRUE,FALSE,,201,276,FALSE,,,,,,,,,
"Faria Slimer Borough (X+4, Y-5) - yug208 (South)",left,"Faria Slimer Borough (X+3, Y-4) - yug19",TRUE,FALSE,,202,212,FALSE,,,,,,,,,
"Faria Slimer Borough (X+5, Y-5) - yug183",down,"Faria Slimer Borough (X+5, Y-4) - yug190",TRUE,FALSE,,203,213,FALSE,,,,,,,,,
"Faria Slimer Borough (X+6, Y-5) - yug23",left,"Faria Slimer Borough (X+5, Y-5) - yug183",FALSE,FALSE,,204,203,FALSE,,,,,,,,,
"Faria Slimer Borough (X+6, Y-5) - yug23",down,"Faria Slimer Borough (X+6, Y-4) - yug187",FALSE,FALSE,,204,214,FALSE,,,,,,,,,
"Faria Slimer Borough (X+7, Y-5) - yug3458 (Main)",left,"Faria Slimer Borough (X+7, Y-5) - yug3458 (West)",FALSE,FALSE,,205,206,FALSE,,,,,,,,,
"Faria Slimer Borough (X+7, Y-5) - yug3458 (Main)",right,"Faria Slimer Borough (X+8, Y-5) - yug3276",TRUE,FALSE,,205,207,FALSE,,,,,,,,,
"Faria Slimer Borough (X+7, Y-5) - yug3458 (Main)",down,"Faria Slimer Borough (X+7, Y-4) - yug202 (Main)",TRUE,FALSE,,205,215,FALSE,,,,,,,,,
"Faria Slimer Borough (X+7, Y-5) - yug3458 (West)",down,"Faria Slimer Borough (X+7, Y-4) - yug202 (West)",FALSE,FALSE,,206,216,FALSE,,,,,,,,,
"Faria Slimer Borough (X+8, Y-5) - yug3276",up,"Faria Slimer Borough (X+8, Y-6) - yug3298",TRUE,FALSE,,207,198,FALSE,,,,,,,,,
"Faria Slimer Borough (X+8, Y-5) - yug3276",right,"Faria Slimer Borough (X+9, Y-5) - yug3320 (Main)",TRUE,FALSE,,207,208,FALSE,,,,,,,,,
"Faria Slimer Borough (X+8, Y-5) - yug3276",manhole (down),"Faria Slimer Borough (Sewers) (X+8, Y-6) - yug912 (Main)",TRUE,FALSE,,207,294,FALSE,,,,,,,,,
"Faria Slimer Borough (X+9, Y-5) - yug3320 (Main)",up,"Faria Slimer Borough (X+9, Y-6) - yug3411",TRUE,FALSE,,208,199,FALSE,,,,,,,,,
"Faria Slimer Borough (X+9, Y-5) - yug3320 (South)",down,"Faria Slimer Borough (X+9, Y-4) - yug3345",FALSE,FALSE,,209,218,FALSE,,,,,,,,,
"Faria Slimer Borough (X+2, Y-4) - lor1128 (West)",right,"Faria Slimer Borough (X+2, Y-4) - lor1128 (East)",TRUE,TRUE,,210,211,FALSE,,,,,,,,,
"Faria Slimer Borough (X+2, Y-4) - lor1128 (East)",up,"Faria Slimer Borough (X+1, Y-6) - lor1097",TRUE,FALSE,,211,193,FALSE,,,,,,,,,
"Faria Slimer Borough (X+2, Y-4) - lor1128 (East)",down,"Faria Slimer Borough (X+2, Y-3) - lor1129",TRUE,FALSE,,211,219,FALSE,,,,,,,,,
"Faria Slimer Borough (X+3, Y-4) - yug19",up,"Faria Slimer Borough (X+3, Y-5) - yug20",TRUE,FALSE,,212,200,FALSE,,,,,,,,,
"Faria Slimer Borough (X+3, Y-4) - yug19",down,"Faria Slimer Borough (X+3, Y-3) - yug71",TRUE,FALSE,,212,220,FALSE,,,,,,,,,
"Faria Slimer Borough (X+5, Y-4) - yug190",down,"Faria Slimer Borough (X+4, Y-3) - yug2741 (North)",TRUE,FALSE,,213,222,FALSE,,,,,,,,,
"Faria Slimer Borough (X+7, Y-4) - yug202 (Main)",right,"Faria Slimer Borough (X+8, Y-4) - yug169",FALSE,TRUE,,215,217,FALSE,FALSE,FALSE,FALSE,TRUE,TRUE,TRUE,FALSE,FALSE,
"Faria Slimer Borough (X+7, Y-4) - yug202 (Main)",down,"Faria Slimer Borough (X+4, Y-3) - yug2741 (Main)",FALSE,FALSE,,215,221,FALSE,,,,,,,,,
"Faria Slimer Borough (X+8, Y-4) - yug169",down,"Faria Slimer Borough (X+8, Y-3) - yug108 (North)",FALSE,TRUE,,217,224,FALSE,,,,,,,,,
"Faria Slimer Borough (X+9, Y-4) - yug3345",up,"Faria Slimer Borough (X+9, Y-5) - yug3320 (Main)",FALSE,FALSE,,218,208,FALSE,,,,,,,,,
"Faria Slimer Borough (X+2, Y-3) - lor1129",warp (up),"Canceled Subway Station (X-1, Y-2) - ren899",TRUE,FALSE,,219,22,FALSE,,,,,,,,,
"Faria Slimer Borough (X+3, Y-3) - yug71",warp (up),"Faria Slimer Borough (Interiors) (X+3, Y-3) - yug1",TRUE,FALSE,,220,277,FALSE,,,,,,,,,
"Faria Slimer Borough (X+4, Y-3) - yug2741 (Main)",up,"Faria Slimer Borough (X+4, Y-5) - yug208 (South)",TRUE,FALSE,,221,202,FALSE,,,,,,,,,
"Faria Slimer Borough (X+4, Y-3) - yug2741 (Main)",up,"Faria Slimer Borough (X+7, Y-4) - yug202 (Main)",FALSE,TRUE,,221,215,FALSE,,,,,,,,,
"Faria Slimer Borough (X+4, Y-3) - yug2741 (Main)",warp (up),"Faria Slimer Borough (Interiors) (X+7, Y-3) - lor414",TRUE,FALSE,,221,278,FALSE,,,,,,,,,
"Faria Slimer Borough (X+4, Y-3) - yug2741 (Main)",manhole (down),"Faria Slimer Borough (Sewers) (X+6, Y-2) - yug13",TRUE,FALSE,,221,307,FALSE,,,,,,,,,
"Faria Slimer Borough (X+4, Y-3) - yug2741 (Main)",manhole (down),"Faria Slimer Borough (Sewers) (X+7, Y-1) - lor194",TRUE,FALSE,,221,311,FALSE,,,,,,,,,
"Faria Slimer Borough (X+4, Y-3) - yug2741 (North)",down,"Faria Slimer Borough (X+4, Y-3) - yug2741 (Main)",FALSE,FALSE,,222,221,FALSE,,,,,,,,,
"Faria Slimer Borough (X+4, Y-3) - yug2741 (North)",warp (up),"SlimeCorp Skyscraper (X+0, Y-2) - lor2",TRUE,FALSE,,222,909,FALSE,,,,,,,,,
"Faria Slimer Borough (X+8, Y-3) - yug108 (Main)",up,"Faria Slimer Borough (X+8, Y-3) - yug108 (South)",FALSE,TRUE,,223,225,FALSE,,,,,,,,,
"Faria Slimer Borough (X+8, Y-3) - yug108 (Main)",right,"Faria Slimer Borough (X+10, Y-1) - yug61 (West)",FALSE,FALSE,,223,236,FALSE,,,,,,,,,
"Faria Slimer Borough (X+8, Y-3) - yug108 (North)",down,"Faria Slimer Borough (X+8, Y-3) - yug108 (Main)",FALSE,FALSE,,224,223,FALSE,,,,,,,,,
"Faria Slimer Borough (X+8, Y-3) - yug108 (South)",down,"Faria Slimer Borough (X+8, Y-3) - yug108 (Main)",FALSE,FALSE,,225,223,FALSE,,,,,,,,,
"Faria Slimer Borough (X+8, Y-3) - yug108 (South)",warp (up),"SlimeCorp Excavation Site (X+0, Y+0) - lor149 (Main)",TRUE,FALSE,,225,823,FALSE,,,,,,,,,
"Faria Slimer Borough (X+8, Y-3) - yug108 (West)",right,"Faria Slimer Borough (X+8, Y-3) - yug108 (Main)",TRUE,TRUE,,226,223,FALSE,,,,,,,,,
"Faria Slimer Borough (X+8, Y-3) - yug108 (West)",manhole (down),"Faria Slimer Borough (Sewers) (X+8, Y+0) - yug20",TRUE,FALSE,,226,321,FALSE,,,,,,,,,
"Faria Slimer Borough (X+8, Y-3) - yug108 (East)",left,"Faria Slimer Borough (X+8, Y-3) - yug108 (Main)",FALSE,FALSE,,227,223,FALSE,,,,,,,,,
"Faria Slimer Borough (X+8, Y-3) - yug108 (East)",right,"Faria Slimer Borough (X+10, Y+0) - yug55",TRUE,TRUE,,227,240,FALSE,,,,,,,,,
"Faria Slimer Borough (X+10, Y-3) - yug60",left,"Faria Slimer Borough (X+8, Y-3) - yug108 (North)",FALSE,TRUE,,228,224,FALSE,,,,,,,,,
"Faria Slimer Borough (X+2, Y-2) - yug2715",down,"Faria Slimer Borough (X+2, Y-1) - yug2440",FALSE,TRUE,,229,233,FALSE,FALSE,AND Wall-Dash,FALSE,AND Offstring Throw,FALSE,TRUE,FALSE,FALSE,
"Faria Slimer Borough (X+3, Y-2) - yug259",left,"Faria Slimer Borough (X+2, Y-2) - yug2715",FALSE,FALSE,,230,229,FALSE,,,,,,,,,
"Faria Slimer Borough (X+10, Y-2) - yug56 (Main)",up,"Faria Slimer Borough (X+10, Y-3) - yug60",TRUE,FALSE,,231,228,FALSE,,,,,,,,,
"Faria Slimer Borough (X+10, Y-2) - yug56 (Main)",right,"Faria Slimer Borough (X+10, Y-2) - yug56 (East)",TRUE,TRUE,,231,232,FALSE,,,,,,,,,
"Faria Slimer Borough (X+10, Y-2) - yug56 (East)",warp (up),"Faria Slimer Borough (Interiors) (X+10, Y-2) - yug59",TRUE,FALSE,,232,279,FALSE,,,,,,,,,
"Faria Slimer Borough (X+2, Y-1) - yug2440",warp (up),"Faria Slimer Borough (Interiors) (X+2, Y-1) - yug69",TRUE,FALSE,,233,280,FALSE,,,,,,,,,
"Faria Slimer Borough (X+3, Y-1) - yug96",up,"Faria Slimer Borough (X+3, Y-2) - yug259",FALSE,TRUE,,234,230,FALSE,FALSE,FALSE,FALSE,TRUE,TRUE,TRUE,FALSE,FALSE,
"Faria Slimer Borough (X+3, Y-1) - yug96",right,"Faria Slimer Borough (X+4, Y+0) - yug27",TRUE,FALSE,,234,239,FALSE,,,,,,,,,
"Faria Slimer Borough (X+10, Y-1) - yug61 (Main)",up,"Faria Slimer Borough (X+10, Y-2) - yug56 (Main)",TRUE,FALSE,,235,231,FALSE,,,,,,,,,
"Faria Slimer Borough (X+2, Y+0) - yug220 (West)",manhole (down),"Faria Slimer Borough (Sewers) (X+2, Y+0) - ren1453",TRUE,FALSE,,237,313,FALSE,,,,,,,,,
"Faria Slimer Borough (X+2, Y+0) - yug220 (East)",right,"Faria Slimer Borough (X+3, Y-1) - yug96",TRUE,FALSE,,238,234,FALSE,,,,,,,,,
"Faria Slimer Borough (X+2, Y+0) - yug220 (East)",left,"Faria Slimer Borough (X+2, Y+0) - yug220 (West)",FALSE,FALSE,,238,237,FALSE,,,,,,,,,
"Faria Slimer Borough (X+2, Y+0) - yug220 (East)",manhole (down),"Faria Slimer Borough (Sewers) (X+2, Y+0) - ren1453",TRUE,FALSE,,238,313,FALSE,,,,,,,,,
"Faria Slimer Borough (X+4, Y+0) - yug27",up,"Faria Slimer Borough (X+4, Y-3) - yug2741 (Main)",TRUE,FALSE,,239,221,FALSE,,,,,,,,,
"Faria Slimer Borough (X+4, Y+0) - yug27",right,"Faria Slimer Borough (X+8, Y-3) - yug108 (West)",TRUE,FALSE,,239,226,FALSE,,,,,,,,,
"Faria Slimer Borough (X+4, Y+0) - yug27",down,"Faria Slimer Borough (X+4, Y+3) - yug2 (East)",TRUE,FALSE,,239,253,FALSE,,,,,,,,,
"Faria Slimer Borough (X+4, Y+0) - yug27",warp (up),"Faria Slimer Borough (Interiors) (X+5, Y+0) - lor296",TRUE,FALSE,,239,281,FALSE,,,,,,,,,
"Faria Slimer Borough (X+4, Y+0) - yug27",manhole (down),"Faria Slimer Borough (Sewers) (X+5, Y+1) - yug4",TRUE,FALSE,,239,324,FALSE,,,,,,,,,
"Faria Slimer Borough (X+10, Y+0) - yug55",up,"Faria Slimer Borough (X+10, Y-1) - yug61 (Main)",TRUE,FALSE,,240,235,FALSE,,,,,,,,,
"Faria Slimer Borough (X+10, Y+0) - yug55",down,"Faria Slimer Borough (X+10, Y+1) - lor2298",FALSE,FALSE,,240,244,FALSE,,,,,,,,,
"Faria Slimer Borough (X+10, Y+0) - yug55",manhole (down),"Faria Slimer Borough (Sewers) (X+10, Y+0) - yug1803",TRUE,FALSE,,240,323,FALSE,,,,,,,,,
"Faria Slimer Borough (X+2, Y+1) - yug219",warp (up),"Faria Slimer Borough (Interiors) (X+3, Y+1) - yug119",TRUE,TRUE,,241,282,FALSE,,,,,,,,,
"Faria Slimer Borough (X+8, Y+1) - yug17",down,"Faria Slimer Borough (X+8, Y+2) - yug15",FALSE,FALSE,,242,245,FALSE,,,,,,,,,
"Faria Slimer Borough (X+8, Y+1) - yug17",manhole (down),"Faria Slimer Borough (Sewers) (X+8, Y+1) - yug619",TRUE,FALSE,,242,326,FALSE,,,,,,,,,
"Faria Slimer Borough (X+9, Y+1) - yug18",up,"Faria Slimer Borough (X+8, Y-3) - yug108 (East)",TRUE,FALSE,,243,227,FALSE,,,,,,,,,
"Faria Slimer Borough (X+10, Y+1) - lor2298",down,"Faria Slimer Borough (X+10, Y+2) - lor2334 (Main)",FALSE,FALSE,,244,247,FALSE,,,,,,,,,
"Faria Slimer Borough (X+8, Y+2) - yug15",up,"Faria Slimer Borough (X+8, Y+1) - yug17",FALSE,TRUE,,245,242,FALSE,,,,,,,,,
"Faria Slimer Borough (X+9, Y+2) - yug22",up,"Faria Slimer Borough (X+9, Y+1) - yug18",TRUE,FALSE,,246,243,FALSE,,,,,,,,,
"Faria Slimer Borough (X+9, Y+2) - yug22",left,"Faria Slimer Borough (X+8, Y+2) - yug15",TRUE,FALSE,,246,245,FALSE,,,,,,,,,
"Faria Slimer Borough (X+10, Y+2) - lor2334 (Main)",warp (up),"Faria Slimer Borough (X+3, Y+4) - yug4250",FALSE,TRUE,,247,258,FALSE,,,,,,,,,
"Faria Slimer Borough (X+10, Y+2) - lor2334 (Main)",warp (up),"Faria Slimer Borough (X+7, Y+4) - yug4153",FALSE,TRUE,,247,262,FALSE,,,,,,,,,
"Faria Slimer Borough (X+10, Y+2) - lor2334 (Main)",right,"Faria Slimer Borough (X+11, Y+4) - lor2884",FALSE,TRUE,,247,266,FALSE,FALSE,FALSE,TRUE,AND Skipping stone+ AND wallride,FALSE,AND Skipping stone + and Wall-Dash,FALSE,FALSE,Walldash AND Skipping Stone AND Wallride cuts through the southern transition into X+10 Y+4. UFO AND Skipping Stone+ can also go through the southern transition but cant reach X+10 Y+2
"Faria Slimer Borough (X+3, Y+3) - yug217",up,"Faria Slimer Borough (X+2, Y+1) - yug219",FALSE,TRUE,,251,241,FALSE,FALSE,FALSE,FALSE,TRUE,TRUE,TRUE,FALSE,FALSE,
"Faria Slimer Borough (X+3, Y+3) - yug217",left,"Faria Slimer Borough (X+2, Y+3) - yug1",TRUE,FALSE,,251,250,FALSE,,,,,,,,,
"Faria Slimer Borough (X+4, Y+3) - yug2 (West)",left,"Faria Slimer Borough (X+3, Y+3) - yug217",TRUE,FALSE,,252,251,FALSE,,,,,,,,,
"Faria Slimer Borough (X+4, Y+3) - yug2 (West)",manhole (down),"Faria Slimer Borough (Sewers) (X+4, Y+3) - yug47",TRUE,FALSE,,252,327,FALSE,,,,,,,,,
"Faria Slimer Borough (X+4, Y+3) - yug2 (East)",left,"Faria Slimer Borough (X+4, Y+3) - yug2 (West)",TRUE,TRUE,,253,252,FALSE,,,,,,,,,
"Faria Slimer Borough (X+5, Y+3) - yug2165",right,"Faria Slimer Borough (X+6, Y+3) - yug2099 (North)",FALSE,FALSE,,254,255,FALSE,,,,,,,,,
"Faria Slimer Borough (X+6, Y+3) - yug2099 (South)",left,"Faria Slimer Borough (X+5, Y+3) - yug2165",FALSE,FALSE,,256,254,FALSE,,,,,,,,,
"Faria Slimer Borough (X+7, Y+3) - yug9",up,"Faria Slimer Borough (X+4, Y+0) - yug27",FALSE,FALSE,,257,239,FALSE,,,,,,,,,
"Faria Slimer Borough (X+7, Y+3) - yug9",up,"Faria Slimer Borough (X+9, Y+2) - yug22",FALSE,FALSE,,257,246,FALSE,,,,,,,,,
"Faria Slimer Borough (X+7, Y+3) - yug9",left,"Faria Slimer Borough (X+6, Y+3) - yug2099 (South)",FALSE,FALSE,,257,256,FALSE,,,,,,,,,
"Faria Slimer Borough (X+3, Y+4) - yug4250",warp (up),"Faria Slimer Borough (X+10, Y+2) - lor2334 (Main)",FALSE,FALSE,,258,247,FALSE,,,,,,,,,
"Faria Slimer Borough (X+3, Y+4) - yug4250",left,"Faria Slimer Borough (X+1, Y+5) - yug4288",FALSE,FALSE,,258,267,FALSE,,,,,,,,,
"Faria Slimer Borough (X+4, Y+4) - yug4303",left,"Faria Slimer Borough (X+3, Y+4) - yug4250",FALSE,TRUE,,259,258,FALSE,FALSE,FALSE,TRUE,AND Wall RIde AND Skipping stone,FALSE,AND Wall Dash AND Skipping stone,FALSE,FALSE,
"Faria Slimer Borough (X+4, Y+4) - yug4303",right,"Faria Slimer Borough (X+5, Y+4) - yug4308",FALSE,TRUE,,259,260,FALSE,FALSE,FALSE,TRUE,AND Wall RIde AND Skipping stone,FALSE,AND Wall Dash AND Skipping stone,FALSE,FALSE,
"Faria Slimer Borough (X+6, Y+4) - yug4185",down,"Faria Slimer Borough (X+6, Y+5) - yug4194",FALSE,FALSE,,261,270,FALSE,,,,,,,,,
"Faria Slimer Borough (X+7, Y+4) - yug4153",warp (up),"Faria Slimer Borough (X+10, Y+2) - lor2334 (Main)",FALSE,FALSE,,262,247,FALSE,,,,,,,,,
"Faria Slimer Borough (X+7, Y+4) - yug4153",left,"Faria Slimer Borough (X+6, Y+4) - yug4185",FALSE,TRUE,,262,261,FALSE,,,,,,,,,
"Faria Slimer Borough (X+8, Y+4) - yug4144",left,"Faria Slimer Borough (X+7, Y+4) - yug4153",FALSE,TRUE,,263,262,FALSE,FALSE,FALSE,TRUE,AND Skipping Stone+ AND Wall Ride,FALSE,AND Skipping Stone+ AND Wall-Dash,FALSE,FALSE,
"Faria Slimer Borough (X+9, Y+4) - yug4136",left,"Faria Slimer Borough (X+8, Y+4) - yug4144",FALSE,FALSE,,264,263,FALSE,,,,,,,,,
"Faria Slimer Borough (X+11, Y+4) - lor2884",up,"Faria Slimer Borough (X+10, Y+2) - lor2334 (North)",FALSE,TRUE,,266,248,FALSE,,,,,,,,,
"Faria Slimer Borough (X+11, Y+4) - lor2884",left,"Faria Slimer Borough (X+10, Y+4) - yug4122",FALSE,TRUE,,266,265,FALSE,FALSE,FALSE,TRUE,AND Skipping stone AND Wall Ride,FALSE,AND Skipping Stone AND Wall-Dash,FALSE,FALSE,
"Faria Slimer Borough (X+11, Y+4) - lor2884",down,"Faria Slimer Borough (X+11, Y+5) - lor2866",FALSE,TRUE,,266,273,FALSE,FALSE,FALSE,TRUE,AND Wall ride AND Skipping stone,FALSE,AND wall-Dash AND Skipping stone,FALSE,FALSE,
"Faria Slimer Borough (X+1, Y+5) - yug4288",left,"South Plaza (X-1, Y+4) - lor2248 (Southeast)",FALSE,TRUE,,267,931,TRUE,FALSE,FALSE,FALSE,FALSE,FALSE,FALSE,FALSE,Lever 3,
"Faria Slimer Borough (X+4, Y+5) - yug4222",up,"Faria Slimer Borough (X+4, Y+4) - yug4303",FALSE,TRUE,,268,259,FALSE,FALSE,FALSE,TRUE,AND Wall Ride AND Skipping stone,FALSE,AND Wall-Dash AND Skipping stone,FALSE,FALSE,
"Faria Slimer Borough (X+5, Y+5) - yug4236",left,"Faria Slimer Borough (X+4, Y+5) - yug4222",FALSE,TRUE,,269,268,FALSE,FALSE,FALSE,TRUE,AND Wall Ride AND Skipping stone,FALSE,AND Wall-Dash AND Skipping stone,FALSE,FALSE,
"Faria Slimer Borough (X+6, Y+5) - yug4194",left,"Faria Slimer Borough (X+5, Y+5) - yug4236",FALSE,TRUE,,270,269,FALSE,FALSE,FALSE,TRUE,AND Wall Ride AND Skipping stone,FALSE,AND Wall-Dash AND Skipping stone,FALSE,FALSE,
"Faria Slimer Borough (X+9, Y+5) - yug4113",up,"Faria Slimer Borough (X+9, Y+4) - yug4136",FALSE,TRUE,,271,264,FALSE,FALSE,FALSE,TRUE,AND Wall-Ride AND Skipping Stone,FALSE,AND Wall-Dash AND Skipping stone,FALSE,FALSE,
"Faria Slimer Borough (X+10, Y+5) - yug4798",left,"Faria Slimer Borough (X+9, Y+5) - yug4113",FALSE,TRUE,,272,271,FALSE,FALSE,FALSE,TRUE,AND Wall Ride AND Skipping stone,FALSE,AND Wall-Dash AND Skipping stone,FALSE,FALSE,
"Faria Slimer Borough (X+11, Y+5) - lor2866",left,"Faria Slimer Borough (X+10, Y+5) - yug4798",FALSE,TRUE,,273,272,FALSE,FALSE,FALSE,TRUE,AND Wall Ride AND Skipping stone,FALSE,AND Wall-Dash AND Skipping stone,FALSE,FALSE,
"Faria Slimer Borough (Sewers) (X+3, Y-7) - ren3974",right,"Faria Slimer Borough (Sewers) (X+4, Y-7) - ren3993",FALSE,FALSE,,283,284,FALSE,,,,,,,,,
"Faria Slimer Borough (Sewers) (X+4, Y-7) - ren3993",down,"Faria Slimer Borough (Sewers) (X+4, Y-6) - ren3982 (North)",FALSE,FALSE,,284,289,FALSE,,,,,,,,,
"Faria Slimer Borough (Sewers) (X+8, Y-7) - yug882",down,"Faria Slimer Borough (Sewers) (X+8, Y-6) - yug912 (North)",FALSE,TRUE,,285,295,FALSE,,,,,,,,,
"Faria Slimer Borough (Sewers) (X+9, Y-7) - yug873",left,"Faria Slimer Borough (Sewers) (X+8, Y-7) - yug882",FALSE,TRUE,,286,285,FALSE,,,,,,,,,
"Faria Slimer Borough (Sewers) (X+3, Y-6) - ren3946",right,"Faria Slimer Borough (Sewers) (X+4, Y-6) - ren3982 (Main)",FALSE,FALSE,,287,288,FALSE,,,,,,,,,
"Faria Slimer Borough (Sewers) (X+4, Y-6) - ren3982 (Main)",up,"Faria Slimer Borough (Sewers) (X+3, Y-7) - ren3974",FALSE,FALSE,,288,283,FALSE,,,,,,,,,
"Faria Slimer Borough (Sewers) (X+4, Y-6) - ren3982 (Main)",right,"Faria Slimer Borough (Sewers) (X+5, Y-6) - ren4029 (Main)",FALSE,TRUE,,288,291,FALSE,,,,,,,,,
"Faria Slimer Borough (Sewers) (X+4, Y-6) - ren3982 (Main)",down,"Faria Slimer Borough (Sewers) (X+2, Y-5) - ren3998",FALSE,FALSE,,288,299,FALSE,,,,,,,,,
"Faria Slimer Borough (Sewers) (X+5, Y-6) - ren4029 (Main)",down,"Faria Slimer Borough (Sewers) (X+5, Y-6) - ren4029 (South)",FALSE,TRUE,,291,292,FALSE,,,,,,,,,
"Faria Slimer Borough (Sewers) (X+5, Y-6) - ren4029 (South)",manhole (up),"Faria Slimer Borough (X+4, Y-6) - yug173",TRUE,FALSE,,292,195,FALSE,,,,,,,,,
"Faria Slimer Borough (Sewers) (X+7, Y-6) - yug817",right,"Faria Slimer Borough (Sewers) (X+8, Y-6) - yug912 (West)",FALSE,FALSE,,293,296,FALSE,,,,,,,,,
"Faria Slimer Borough (Sewers) (X+8, Y-6) - yug912 (Main)",left,"Faria Slimer Borough (Sewers) (X+7, Y-5) - yug804",FALSE,FALSE,,294,301,FALSE,,,,,,,,,
"Faria Slimer Borough (Sewers) (X+8, Y-6) - yug912 (Main)",right,"Faria Slimer Borough (Sewers) (X+9, Y-5) - yug838 (West)",FALSE,TRUE,,294,302,FALSE,,,,,,,,,
"Faria Slimer Borough (Sewers) (X+8, Y-6) - yug912 (Main)",down,"Faria Slimer Borough (Sewers) (X+8, Y-4) - yug829",FALSE,FALSE,,294,304,FALSE,,,,,,,,,
"Faria Slimer Borough (Sewers) (X+9, Y-6) - yug860",left,"Faria Slimer Borough (Sewers) (X+8, Y-6) - yug912 (East)",FALSE,TRUE,,298,297,FALSE,,,,,,,,,
"Faria Slimer Borough (Sewers) (X+2, Y-5) - ren3998",right,"Faria Slimer Borough (Sewers) (X+4, Y-5) - ren3965",FALSE,FALSE,,299,300,FALSE,,,,,,,,,
"Faria Slimer Borough (Sewers) (X+4, Y-5) - ren3965",up,"Faria Slimer Borough (Sewers) (X+4, Y-6) - ren3982 (South)",FALSE,FALSE,,300,290,FALSE,,,,,,,,,
"Faria Slimer Borough (Sewers) (X+7, Y-5) - yug804",up,"Faria Slimer Borough (Sewers) (X+7, Y-6) - yug817",FALSE,FALSE,,301,293,FALSE,,,,,,,,,
"Faria Slimer Borough (Sewers) (X+9, Y-5) - yug838 (West)",manhole (up),"Faria Slimer Borough (X+9, Y-5) - yug3320 (South)",TRUE,FALSE,,302,209,FALSE,,,,,,,,,
"Faria Slimer Borough (Sewers) (X+9, Y-5) - yug838 (East)",up,"Faria Slimer Borough (Sewers) (X+9, Y-6) - yug860",FALSE,TRUE,,303,298,FALSE,,,,,,,,,
"Faria Slimer Borough (Sewers) (X+8, Y-4) - yug829",right,"Faria Slimer Borough (Sewers) (X+9, Y-4) - yug848",FALSE,TRUE,,304,305,FALSE,,,,,,,,,
"Faria Slimer Borough (Sewers) (X+9, Y-4) - yug848",up,"Faria Slimer Borough (Sewers) (X+9, Y-5) - yug838 (East)",FALSE,FALSE,,305,303,FALSE,,,,,,,,,
"Faria Slimer Borough (Sewers) (X+6, Y-2) - yug13",down,"Faria Slimer Borough (Sewers) (X+6, Y-1) - yug31",FALSE,FALSE,,307,310,FALSE,,,,,,,,,
"Faria Slimer Borough (Sewers) (X+5, Y-1) - lor176",up,"Faria Slimer Borough (Sewers) (X+6, Y-2) - yug13",FALSE,FALSE,,309,307,FALSE,,,,,,,,,
"Faria Slimer Borough (Sewers) (X+6, Y-1) - yug31",down,"Faria Slimer Borough (Sewers) (X+6, Y+0) - yug26 (North)",FALSE,TRUE,,310,316,FALSE,FALSE,TRUE,FALSE,TRUE,TRUE,TRUE,FALSE,FALSE,Timing a tight jump around a corner lets you go through this room with no abilities. 
"Faria Slimer Borough (Sewers) (X+7, Y-1) - lor194",right,"Faria Slimer Borough (Sewers) (X+8, Y-1) - yug23",FALSE,FALSE,,311,312,FALSE,,,,,,,,,
"Faria Slimer Borough (Sewers) (X+2, Y+0) - ren1453",up,"Faria Slimer Borough (Sewers) (X+2, Y-1) - ren1477",FALSE,TRUE,,313,308,FALSE,Skipping Stone+,FALSE,TRUE,FALSE,TRUE,TRUE,FALSE,FALSE,
"Faria Slimer Borough (Sewers) (X+6, Y+0) - yug26 (North)",left,"Faria Slimer Borough (Sewers) (X+5, Y-1) - lor176",FALSE,FALSE,,316,309,FALSE,,,,,,,,,
"Faria Slimer Borough (Sewers) (X+6, Y+0) - yug26 (South)",left,"Faria Slimer Borough (Sewers) (X+5, Y+1) - yug4",FALSE,FALSE,,317,324,FALSE,,,,,,,,,
"Faria Slimer Borough (Sewers) (X+6, Y+0) - yug26 (East)",left,"Faria Slimer Borough (Sewers) (X+6, Y+0) - yug26 (Main)",FALSE,TRUE,,318,315,FALSE,,,,,,,,,
"Faria Slimer Borough (Sewers) (X+6, Y+0) - yug26 (East)",right,"Faria Slimer Borough (Sewers) (X+7, Y+0) - yug39 (North)",FALSE,FALSE,,318,319,FALSE,,,,,,,,,
"Faria Slimer Borough (Sewers) (X+7, Y+0) - yug39 (North)",right,"Faria Slimer Borough (Sewers) (X+8, Y+0) - yug20",FALSE,FALSE,,319,321,FALSE,,,,,,,,,
"Faria Slimer Borough (Sewers) (X+7, Y+0) - yug39 (South)",left,"Faria Slimer Borough (Sewers) (X+6, Y+0) - yug26 (East)",FALSE,TRUE,,320,318,FALSE,,,,,,,,,"you can just jump into the pit and hit the enemies mid air, no abilities required."
"Faria Slimer Borough (Sewers) (X+8, Y+0) - yug20",left,"Faria Slimer Borough (Sewers) (X+7, Y+0) - yug39 (South)",FALSE,FALSE,,321,320,FALSE,,,,,,,,,
"Faria Slimer Borough (Sewers) (X+10, Y+0) - yug1803",left,"Faria Slimer Borough (Sewers) (X+9, Y+0) - yug1330",FALSE,TRUE,,323,322,FALSE,FALSE,FALSE,FALSE,AND Wall Ride,TRUE,AND Wall-Dash,FALSE,,
"Faria Slimer Borough (Sewers) (X+5, Y+1) - yug4",right,"Faria Slimer Borough (Sewers) (X+6, Y+1) - yug35",FALSE,FALSE,,324,325,FALSE,,,,,,,,,
"Faria Slimer Borough (Sewers) (X+6, Y+1) - yug35",up,"Faria Slimer Borough (Sewers) (X+6, Y+0) - yug26 (South)",FALSE,TRUE,,325,317,FALSE,FALSE,TRUE,FALSE,TRUE,TRUE,TRUE,FALSE,FALSE,Cats cradle could clear this room but the enemies dont respawn so if you accidently kill the first one cats cradle cant do it. If a way to respawn this enemy is found cats cradle can be added
"Faria Slimer Borough (Sewers) (X+4, Y+3) - yug47",right,"Faria Slimer Borough (Sewers) (X+5, Y+3) - lor779",FALSE,FALSE,,327,328,FALSE,,,,,,,,,
"Faria Slimer Borough (Sewers) (X+5, Y+3) - lor779",left,"Faria Slimer Borough (Sewers) (X+4, Y+3) - yug47",FALSE,TRUE,,328,327,FALSE,,,,,,,,,
"Faria Slimer Borough (Sewers) (X+5, Y+3) - lor779",right,"Faria Slimer Borough (Sewers) (X+6, Y+3) - yug382",TRUE,FALSE,,328,329,FALSE,,,,,,,,,
"Faria Slimer Borough (Sewers) (X+5, Y+3) - lor779",down,"Faria Slimer Borough (Sewers) (X+4, Y+4) - yug385",FALSE,TRUE,,328,332,FALSE,,,,,,,,,
"Faria Slimer Borough (Sewers) (X+6, Y+3) - yug382",right,"Faria Slimer Borough (Sewers) (X+7, Y+3) - lor173",TRUE,FALSE,,329,330,FALSE,,,,,,,,,
"Faria Slimer Borough (Sewers) (X+7, Y+3) - lor173",manhole (up),"Faria Slimer Borough (X+7, Y+3) - yug9",TRUE,FALSE,,330,257,FALSE,,,,,,,,,
"Faria Slimer Borough (Sewers) (X+7, Y+3) - lor173",right,"Faria Slimer Borough (Sewers) (X+8, Y+3) - yug1141",FALSE,TRUE,,330,331,FALSE,,,,,,,,,
"Faria Slimer Borough (Sewers) (X+8, Y+3) - yug1141",down,"Faria Slimer Borough (Sewers) (X+8, Y+4) - ren3800",FALSE,TRUE,,331,335,FALSE,,,,,,,,,
"Faria Slimer Borough (Sewers) (X+4, Y+4) - yug385",right,"Faria Slimer Borough (Sewers) (X+6, Y+4) - yug528",FALSE,FALSE,,332,333,FALSE,,,,,,,,,
"Faria Slimer Borough (Sewers) (X+8, Y+4) - ren3800",left,"Faria Slimer Borough (Sewers) (X+7, Y+4) - yug1206",FALSE,TRUE,,335,334,FALSE,,,,,,,,,
"Gallineiros District (X-10, Y-15) - ren5317",right,"Gallineiros District (X-9, Y-15) - ren6741",,,,336,337,FALSE,,,,,,,,,
"Gallineiros District (X-10, Y-15) - ren5317",down,"Gallineiros District (X-10, Y-14) - ren5255",,,,336,344,FALSE,,,,,,,,,
"Gallineiros District (X-10, Y-15) - ren5317",manhole (down),"Gallineiros District (Sewers) (X-10, Y-15) - ren2288",,,,336,401,FALSE,,,,,,,,,
"Gallineiros District (X-9, Y-15) - ren6741",left,"Gallineiros District (X-10, Y-15) - ren5317",,,,337,336,FALSE,,,,,,,,,
"Gallineiros District (X-9, Y-15) - ren6741",down,"Gallineiros District (X-9, Y-14) - ren5243",,,,337,345,FALSE,,,,,,,,,
"Gallineiros District (X-8, Y-15) - ren5279",right,"Gallineiros District (X-7, Y-15) - ren5381",,,,338,339,FALSE,,,,,,,,,
"Gallineiros District (X-8, Y-15) - ren5279",down,"Gallineiros District (X-8, Y-14) - ren5379",,,,338,346,FALSE,,,,,,,,,
"Gallineiros District (X-7, Y-15) - ren5381",left,"Gallineiros District (X-8, Y-15) - ren5279",,,,339,338,FALSE,,,,,,,,,
"Gallineiros District (X-7, Y-15) - ren5381",right,"Gallineiros District (X-6, Y-15) - ren5476",,,,339,340,FALSE,,,,,,,,,
"Gallineiros District (X-7, Y-15) - ren5381",down,"Gallineiros District (X-7, Y-14) - lor1485",,,,339,347,FALSE,,,,,,,,,
"Gallineiros District (X-6, Y-15) - ren5476",left,"Gallineiros District (X-7, Y-15) - ren5381",,,,340,339,FALSE,,,,,,,,,
"Gallineiros District (X-6, Y-15) - ren5476",right,"Gallineiros District (X-5, Y-15) - ren5388",,,,340,341,FALSE,,,,,,,,,
"Gallineiros District (X-6, Y-15) - ren5476",down,"Gallineiros District (X-6, Y-14) - ren5414",,,,340,348,FALSE,,,,,,,,,
"Gallineiros District (X-6, Y-15) - ren5476",manhole (down),"Gallineiros District (Sewers) (X-6, Y-15) - ren2046",,,,340,404,FALSE,,,,,,,,,
"Gallineiros District (X-5, Y-15) - ren5388",left,"Gallineiros District (X-6, Y-15) - ren5476",,,,341,340,FALSE,,,,,,,,,
"Gallineiros District (X-5, Y-15) - ren5388",right,"Gallineiros District (X-4, Y-15) - lor1277",,,,341,342,FALSE,,,,,,,,,
"Gallineiros District (X-4, Y-15) - lor1277",left,"Gallineiros District (X-5, Y-15) - ren5388",,,,342,341,FALSE,,,,,,,,,
"Gallineiros District (X-4, Y-15) - lor1277",right,"Gallineiros District (X-3, Y-15) - ren6788",,,,342,343,FALSE,,,,,,,,,
"Gallineiros District (X-4, Y-15) - lor1277",left,"Gallineiros District (X-5, Y-14) - ren5431",,,,342,349,FALSE,,,,,,,,,
"Gallineiros District (X-3, Y-15) - ren6788",left,"Gallineiros District (X-4, Y-15) - lor1277",,,,343,342,FALSE,,,,,,,,,
"Gallineiros District (X-3, Y-15) - ren6788",down,"Gallineiros District (X-2, Y-12) - ren5478",,,,343,361,FALSE,,,,,,,,,
"Gallineiros District (X-3, Y-15) - ren6788",warp (up),"Gallineiros District (Interiors) (X-2, Y-16) - ren1082",,,,343,395,FALSE,,,,,,,,,
"Gallineiros District (X-10, Y-14) - ren5255",up,"Gallineiros District (X-10, Y-15) - ren5317",,,,344,336,FALSE,,,,,,,,,
"Gallineiros District (X-10, Y-14) - ren5255",right,"Gallineiros District (X-9, Y-14) - ren5243",,,,344,345,FALSE,,,,,,,,,
"Gallineiros District (X-10, Y-14) - ren5255",right,"Gallineiros District (X-9, Y-13) - ren5359",,,,344,350,FALSE,,,,,,,,,
"Gallineiros District (X-10, Y-14) - ren5255",down,"Gallineiros District (X-10, Y-12) - ren5347",,,,344,353,FALSE,,,,,,,,,
"Gallineiros District (X-9, Y-14) - ren5243",up,"Gallineiros District (X-9, Y-15) - ren6741",,,,345,337,FALSE,,,,,,,,,
"Gallineiros District (X-9, Y-14) - ren5243",left,"Gallineiros District (X-10, Y-14) - ren5255",,,,345,344,FALSE,,,,,,,,,
"Gallineiros District (X-8, Y-14) - ren5379",up,"Gallineiros District (X-8, Y-15) - ren5279",,,,346,338,FALSE,,,,,,,,,
"Gallineiros District (X-8, Y-14) - ren5379",left,"Gallineiros District (X-9, Y-13) - ren5359",,,,346,350,FALSE,,,,,,,,,
"Gallineiros District (X-8, Y-14) - ren5379",right,"Gallineiros District (X-7, Y-13) - ren5565",,,,346,351,FALSE,,,,,,,,,
"Gallineiros District (X-8, Y-14) - ren5379",down,"Gallineiros District (X-8, Y-12) - ren6836",,,,346,355,FALSE,,,,,,,,,
"Gallineiros District (X-8, Y-14) - ren5379",warp (up),"Gallineiros District (Interiors) (X-8, Y-13) - ren1362",,,,346,397,FALSE,,,,,,,,,
"Gallineiros District (X-8, Y-14) - ren5379",manhole (down),"Gallineiros District (Sewers) (X-8, Y-14) - ren1960",,,,346,409,FALSE,,,,,,,,,
"Gallineiros District (X-7, Y-14) - lor1485",up,"Gallineiros District (X-7, Y-15) - ren5381",,,,347,339,FALSE,,,,,,,,,
"Gallineiros District (X-7, Y-14) - lor1485",down,"Gallineiros District (X-7, Y-13) - ren5565",,,,347,351,FALSE,,,,,,,,,
"Gallineiros District (X-6, Y-14) - ren5414",up,"Gallineiros District (X-6, Y-15) - ren5476",,,,348,340,FALSE,,,,,,,,,
"Gallineiros District (X-6, Y-14) - ren5414",right,"Gallineiros District (X-5, Y-14) - ren5431",,,,348,349,FALSE,,,,,,,,,
"Gallineiros District (X-6, Y-14) - ren5414",down,"Gallineiros District (X-6, Y-13) - ren5433",,,,348,352,FALSE,,,,,,,,,
"Gallineiros District (X-5, Y-14) - ren5431",right,"Gallineiros District (X-4, Y-15) - lor1277",,,,349,342,FALSE,,,,,,,,,
"Gallineiros District (X-5, Y-14) - ren5431",left,"Gallineiros District (X-6, Y-14) - ren5414",,,,349,348,FALSE,,,,,,,,,
"Gallineiros District (X-5, Y-14) - ren5431",left,"Gallineiros District (X-6, Y-13) - ren5433",,,,349,352,FALSE,,,,,,,,,
"Gallineiros District (X-5, Y-14) - ren5431",down,"Gallineiros District (X-5, Y-12) - lor1529",,,,349,358,FALSE,,,,,,,,,
"Gallineiros District (X-5, Y-14) - ren5431",warp (up),"Galliner Appliances Factory (X-1, Y-1) - ren144",,,,349,447,FALSE,,,,,,,,,
"Gallineiros District (X-5, Y-14) - ren5431",warp (up),"Galliner Appliances Factory (X+0, Y+0) - ren96",,,,349,449,FALSE,,,,,,,,,
"Gallineiros District (X-9, Y-13) - ren5359",left,"Gallineiros District (X-10, Y-14) - ren5255",,,,350,344,FALSE,,,,,,,,,
"Gallineiros District (X-9, Y-13) - ren5359",right,"Gallineiros District (X-8, Y-14) - ren5379",,,,350,346,FALSE,,,,,,,,,
"Gallineiros District (X-9, Y-13) - ren5359",down,"Gallineiros District (X-9, Y-12) - ren5693",,,,350,354,FALSE,,,,,,,,,
"Gallineiros District (X-7, Y-13) - ren5565",left,"Gallineiros District (X-8, Y-14) - ren5379",,,,351,346,FALSE,,,,,,,,,
"Gallineiros District (X-7, Y-13) - ren5565",up,"Gallineiros District (X-7, Y-14) - lor1485",,,,351,347,FALSE,,,,,,,,,
"Gallineiros District (X-6, Y-13) - ren5433",up,"Gallineiros District (X-6, Y-14) - ren5414",,,,352,348,FALSE,,,,,,,,,
"Gallineiros District (X-6, Y-13) - ren5433",right,"Gallineiros District (X-5, Y-14) - ren5431",,,,352,349,FALSE,,,,,,,,,
"Gallineiros District (X-10, Y-12) - ren5347",up,"Gallineiros District (X-10, Y-14) - ren5255",,,,353,344,FALSE,,,,,,,,,
"Gallineiros District (X-10, Y-12) - ren5347",right,"Gallineiros District (X-9, Y-11) - ren5663",,,,353,362,FALSE,,,,,,,,,
"Gallineiros District (X-10, Y-12) - ren5347",right,"Gallineiros District (X-9, Y-10) - ren5632",,,,353,370,FALSE,,,,,,,,,
"Gallineiros District (X-10, Y-12) - ren5347",down,"Gallineiros District (X-10, Y-9) - ren5183",,,,353,377,FALSE,,,,,,,,,
"Gallineiros District (X-10, Y-12) - ren5347",warp (up),"Gallineiros District (Interiors) (X-10, Y-11) - lor185",,,,353,399,FALSE,,,,,,,,,
"Gallineiros District (X-10, Y-12) - ren5347",manhole (down),"Gallineiros District (Sewers) (X-10, Y-11) - ren2296",,,,353,427,FALSE,,,,,,,,,
"Gallineiros District (X-9, Y-12) - ren5693",up,"Gallineiros District (X-9, Y-13) - ren5359",,,,354,350,FALSE,,,,,,,,,
"Gallineiros District (X-9, Y-12) - ren5693",down,"Gallineiros District (X-9, Y-11) - ren5663",,,,354,362,FALSE,,,,,,,,,
"Gallineiros District (X-8, Y-12) - ren6836",up,"Gallineiros District (X-8, Y-14) - ren5379",,,,355,346,FALSE,,,,,,,,,
"Gallineiros District (X-8, Y-12) - ren6836",down,"Gallineiros District (X-8, Y-11) - ren5434",,,,355,363,FALSE,,,,,,,,,
"Gallineiros District (X-7, Y-12) - ren5234",right,"Gallineiros District (X-6, Y-12) - ren5422",,,,356,357,FALSE,,,,,,,,,
"Gallineiros District (X-6, Y-12) - ren5422",left,"Gallineiros District (X-7, Y-12) - ren5234",,,,357,356,FALSE,,,,,,,,,
"Gallineiros District (X-6, Y-12) - ren5422",right,"Gallineiros District (X-5, Y-12) - lor1529",,,,357,358,FALSE,,,,,,,,,
"Gallineiros District (X-6, Y-12) - ren5422",down,"Gallineiros District (X-6, Y-11) - ren5474",,,,357,365,FALSE,,,,,,,,,
"Gallineiros District (X-6, Y-12) - ren5422",manhole (down),"Gallineiros District (Sewers) (X-6, Y-12) - ren1927",,,,357,422,FALSE,,,,,,,,,
"Gallineiros District (X-5, Y-12) - lor1529",up,"Gallineiros District (X-5, Y-14) - ren5431",,,,358,349,FALSE,,,,,,,,,
"Gallineiros District (X-5, Y-12) - lor1529",left,"Gallineiros District (X-6, Y-12) - ren5422",,,,358,357,FALSE,,,,,,,,,
"Gallineiros District (X-5, Y-12) - lor1529",right,"Gallineiros District (X-4, Y-12) - ren5507",,,,358,359,FALSE,,,,,,,,,
"Gallineiros District (X-5, Y-12) - lor1529",down,"Gallineiros District (X-5, Y-11) - ren5475",,,,358,366,FALSE,,,,,,,,,
"Gallineiros District (X-5, Y-12) - lor1529",manhole (down),"Gallineiros District (Sewers) (X-5, Y-12) - ren1976",,,,358,423,FALSE,,,,,,,,,
"Gallineiros District (X-4, Y-12) - ren5507",left,"Gallineiros District (X-5, Y-12) - lor1529",,,,359,358,FALSE,,,,,,,,,
"Gallineiros District (X-4, Y-12) - ren5507",right,"Gallineiros District (X-3, Y-12) - ren5985",,,,359,360,FALSE,,,,,,,,,
"Gallineiros District (X-3, Y-12) - ren5985",left,"Gallineiros District (X-4, Y-12) - ren5507",,,,360,359,FALSE,,,,,,,,,
"Gallineiros District (X-3, Y-12) - ren5985",right,"Gallineiros District (X-2, Y-12) - ren5478",,,,360,361,FALSE,,,,,,,,,
"Gallineiros District (X-2, Y-12) - ren5478",up,"Gallineiros District (X-3, Y-15) - ren6788",,,,361,343,FALSE,,,,,,,,,
"Gallineiros District (X-2, Y-12) - ren5478",left,"Gallineiros District (X-3, Y-12) - ren5985",,,,361,360,FALSE,,,,,,,,,
"Gallineiros District (X-2, Y-12) - ren5478",down,"Gallineiros District (X-2, Y-11) - ren5495",,,,361,369,FALSE,,,,,,,,,
"Gallineiros District (X-2, Y-12) - ren5478",manhole (down),"Gallineiros District (Sewers) (X-2, Y-12) - ren1979",,,,361,426,FALSE,,,,,,,,,
"Gallineiros District (X-9, Y-11) - ren5663",left,"Gallineiros District (X-10, Y-12) - ren5347",,,,362,353,FALSE,,,,,,,,,
"Gallineiros District (X-9, Y-11) - ren5663",up,"Gallineiros District (X-9, Y-12) - ren5693",,,,362,354,FALSE,,,,,,,,,
"Gallineiros District (X-9, Y-11) - ren5663",right,"Gallineiros District (X-8, Y-11) - ren5434",,,,362,363,FALSE,,,,,,,,,
"Gallineiros District (X-8, Y-11) - ren5434",up,"Gallineiros District (X-8, Y-12) - ren6836",,,,363,355,FALSE,,,,,,,,,
"Gallineiros District (X-8, Y-11) - ren5434",left,"Gallineiros District (X-9, Y-11) - ren5663",,,,363,362,FALSE,,,,,,,,,
"Gallineiros District (X-8, Y-11) - ren5434",right,"Gallineiros District (X-7, Y-11) - ren5436",,,,363,364,FALSE,,,,,,,,,
"Gallineiros District (X-8, Y-11) - ren5434",down,"Gallineiros District (X-8, Y-10) - ren5343",,,,363,371,FALSE,,,,,,,,,
"Gallineiros District (X-8, Y-11) - ren5434",manhole (down),"Gallineiros District (Sewers) (X-8, Y-11) - lor702",,,,363,428,FALSE,,,,,,,,,
"Gallineiros District (X-7, Y-11) - ren5436",left,"Gallineiros District (X-8, Y-11) - ren5434",,,,364,363,FALSE,,,,,,,,,
"Gallineiros District (X-7, Y-11) - ren5436",right,"Gallineiros District (X-6, Y-11) - ren5474",,,,364,365,FALSE,,,,,,,,,
"Gallineiros District (X-7, Y-11) - ren5436",down,"Gallineiros District (X-7, Y-10) - ren5213",,,,364,372,FALSE,,,,,,,,,
"Gallineiros District (X-6, Y-11) - ren5474",up,"Gallineiros District (X-6, Y-12) - ren5422",,,,365,357,FALSE,,,,,,,,,
"Gallineiros District (X-6, Y-11) - ren5474",left,"Gallineiros District (X-7, Y-11) - ren5436",,,,365,364,FALSE,,,,,,,,,
"Gallineiros District (X-6, Y-11) - ren5474",right,"Gallineiros District (X-5, Y-11) - ren5475",,,,365,366,FALSE,,,,,,,,,
"Gallineiros District (X-5, Y-11) - ren5475",up,"Gallineiros District (X-5, Y-12) - lor1529",,,,366,358,FALSE,,,,,,,,,
"Gallineiros District (X-5, Y-11) - ren5475",left,"Gallineiros District (X-6, Y-11) - ren5474",,,,366,365,FALSE,,,,,,,,,
"Gallineiros District (X-5, Y-11) - ren5475",right,"Gallineiros District (X-4, Y-11) - ren5545",,,,366,367,FALSE,,,,,,,,,
"Gallineiros District (X-5, Y-11) - ren5475",down,"Gallineiros District (X-5, Y-10) - ren5209",,,,366,374,FALSE,,,,,,,,,
"Gallineiros District (X-4, Y-11) - ren5545",left,"Gallineiros District (X-5, Y-11) - ren5475",,,,367,366,FALSE,,,,,,,,,
"Gallineiros District (X-4, Y-11) - ren5545",right,"Gallineiros District (X-3, Y-11) - ren5496",,,,367,368,FALSE,,,,,,,,,
"Gallineiros District (X-4, Y-11) - ren5545",down,"Gallineiros District (X-4, Y-10) - ren5161",,,,367,375,FALSE,,,,,,,,,
"Gallineiros District (X-3, Y-11) - ren5496",left,"Gallineiros District (X-4, Y-11) - ren5545",,,,368,367,FALSE,,,,,,,,,
"Gallineiros District (X-3, Y-11) - ren5496",right,"Gallineiros District (X-2, Y-11) - ren5495",,,,368,369,FALSE,,,,,,,,,
"Gallineiros District (X-2, Y-11) - ren5495",up,"Gallineiros District (X-2, Y-12) - ren5478",,,,369,361,FALSE,,,,,,,,,
"Gallineiros District (X-2, Y-11) - ren5495",left,"Gallineiros District (X-3, Y-11) - ren5496",,,,369,368,FALSE,,,,,,,,,
"Gallineiros District (X-2, Y-11) - ren5495",down,"Gallineiros District (X-2, Y-10) - ren5488",,,,369,376,FALSE,,,,,,,,,
"Gallineiros District (X-9, Y-10) - ren5632",left,"Gallineiros District (X-10, Y-12) - ren5347",,,,370,353,FALSE,,,,,,,,,
"Gallineiros District (X-9, Y-10) - ren5632",manhole (down),"Gallineiros District (Sewers) (X-9, Y-10) - ren1921",,,,370,435,FALSE,,,,,,,,,
"Gallineiros District (X-8, Y-10) - ren5343",up,"Gallineiros District (X-8, Y-11) - ren5434",,,,371,363,FALSE,,,,,,,,,
"Gallineiros District (X-8, Y-10) - ren5343",right,"Gallineiros District (X-7, Y-10) - ren5213",,,,371,372,FALSE,,,,,,,,,
"Gallineiros District (X-8, Y-10) - ren5343",down,"Gallineiros District (X-8, Y-9) - ren5341",,,,371,378,FALSE,,,,,,,,,
"Gallineiros District (X-7, Y-10) - ren5213",up,"Gallineiros District (X-7, Y-11) - ren5436",,,,372,364,FALSE,,,,,,,,,
"Gallineiros District (X-7, Y-10) - ren5213",left,"Gallineiros District (X-8, Y-10) - ren5343",,,,372,371,FALSE,,,,,,,,,
"Gallineiros District (X-7, Y-10) - ren5213",right,"Gallineiros District (X-6, Y-10) - ren5211",,,,372,373,FALSE,,,,,,,,,
"Gallineiros District (X-7, Y-10) - ren5213",down,"Gallineiros District (X-7, Y-9) - ren5205",,,,372,379,FALSE,,,,,,,,,
"Gallineiros District (X-6, Y-10) - ren5211",left,"Gallineiros District (X-7, Y-10) - ren5213",,,,373,372,FALSE,,,,,,,,,
"Gallineiros District (X-6, Y-10) - ren5211",manhole (down),"Gallineiros District (Sewers) (X-6, Y-10) - ren1967",,,,373,438,FALSE,,,,,,,,,
"Gallineiros District (X-5, Y-10) - ren5209",up,"Gallineiros District (X-5, Y-11) - ren5475",,,,374,366,FALSE,,,,,,,,,
"Gallineiros District (X-5, Y-10) - ren5209",right,"Gallineiros District (X-4, Y-10) - ren5161",,,,374,375,FALSE,,,,,,,,,
"Gallineiros District (X-4, Y-10) - ren5161",up,"Gallineiros District (X-4, Y-11) - ren5545",,,,375,367,FALSE,,,,,,,,,
"Gallineiros District (X-4, Y-10) - ren5161",left,"Gallineiros District (X-5, Y-10) - ren5209",,,,375,374,FALSE,,,,,,,,,
"Gallineiros District (X-4, Y-10) - ren5161",right,"Gallineiros District (X-2, Y-10) - ren5488",,,,375,376,FALSE,,,,,,,,,
"Gallineiros District (X-4, Y-10) - ren5161",left,"Gallineiros District (X-5, Y-9) - ren6245",,,,375,381,FALSE,,,,,,,,,
"Gallineiros District (X-4, Y-10) - ren5161",right,"Gallineiros District (X-2, Y-8) - ren5157",,,,375,386,FALSE,,,,,,,,,
"Gallineiros District (X-4, Y-10) - ren5161",manhole (down),"Gallineiros District (Sewers) (X-4, Y-9) - lor344",,,,375,440,FALSE,,,,,,,,,
"Gallineiros District (X-4, Y-10) - ren5161",manhole (down),"Gallineiros District (Sewers) (X-4, Y-8) - lor280",,,,375,441,FALSE,,,,,,,,,
"Gallineiros District (X-4, Y-10) - ren5161",warp (up),"PoultryFC Stadium (X+0, Y+0) - lor583",,,,375,769,FALSE,,,,,,,,,
"Gallineiros District (X-2, Y-10) - ren5488",up,"Gallineiros District (X-2, Y-11) - ren5495",,,,376,369,FALSE,,,,,,,,,
"Gallineiros District (X-2, Y-10) - ren5488",left,"Gallineiros District (X-4, Y-10) - ren5161",,,,376,375,FALSE,,,,,,,,,
"Gallineiros District (X-2, Y-10) - ren5488",down,"Gallineiros District (X-2, Y-8) - ren5157",,,,376,386,FALSE,,,,,,,,,
"Gallineiros District (X-2, Y-10) - ren5488",warp (up),"Gallineiros District (Interiors) (X-2, Y-10) - lor517",,,,376,400,FALSE,,,,,,,,,
"Gallineiros District (X-10, Y-9) - ren5183",up,"Gallineiros District (X-10, Y-12) - ren5347",,,,377,353,FALSE,,,,,,,,,
"Gallineiros District (X-10, Y-9) - ren5183",right,"Gallineiros District (X-8, Y-9) - ren5341",,,,377,378,FALSE,,,,,,,,,
"Gallineiros District (X-10, Y-9) - ren5183",down,"Gallineiros District (X-10, Y-7) - ren6367",,,,377,387,FALSE,,,,,,,,,
"Gallineiros District (X-8, Y-9) - ren5341",up,"Gallineiros District (X-8, Y-10) - ren5343",,,,378,371,FALSE,,,,,,,,,
"Gallineiros District (X-8, Y-9) - ren5341",left,"Gallineiros District (X-10, Y-9) - ren5183",,,,378,377,FALSE,,,,,,,,,
"Gallineiros District (X-8, Y-9) - ren5341",right,"Gallineiros District (X-7, Y-9) - ren5205",,,,378,379,FALSE,,,,,,,,,
"Gallineiros District (X-7, Y-9) - ren5205",up,"Gallineiros District (X-7, Y-10) - ren5213",,,,379,372,FALSE,,,,,,,,,
"Gallineiros District (X-7, Y-9) - ren5205",left,"Gallineiros District (X-8, Y-9) - ren5341",,,,379,378,FALSE,,,,,,,,,
"Gallineiros District (X-7, Y-9) - ren5205",right,"Gallineiros District (X-6, Y-9) - ren5553",,,,379,380,FALSE,,,,,,,,,
"Gallineiros District (X-6, Y-9) - ren5553",left,"Gallineiros District (X-7, Y-9) - ren5205",,,,380,379,FALSE,,,,,,,,,
"Gallineiros District (X-6, Y-9) - ren5553",right,"Gallineiros District (X-5, Y-9) - ren6245",,,,380,381,FALSE,,,,,,,,,
"Gallineiros District (X-6, Y-9) - ren5553",down,"Gallineiros District (X-6, Y-8) - ren6355",,,,380,384,FALSE,,,,,,,,,
"Gallineiros District (X-5, Y-9) - ren6245",right,"Gallineiros District (X-4, Y-10) - ren5161",,,,381,375,FALSE,,,,,,,,,
"Gallineiros District (X-5, Y-9) - ren6245",left,"Gallineiros District (X-6, Y-9) - ren5553",,,,381,380,FALSE,,,,,,,,,
"Gallineiros District (X-8, Y-8) - ren6362",right,"Gallineiros District (X-7, Y-8) - ren6358",,,,382,383,FALSE,,,,,,,,,
"Gallineiros District (X-8, Y-8) - ren6362",left,"Gallineiros District (X-10, Y-7) - ren6367",,,,382,387,FALSE,,,,,,,,,
"Gallineiros District (X-7, Y-8) - ren6358",left,"Gallineiros District (X-8, Y-8) - ren6362",,,,383,382,FALSE,,,,,,,,,
"Gallineiros District (X-7, Y-8) - ren6358",right,"Gallineiros District (X-6, Y-8) - ren6355",,,,383,384,FALSE,,,,,,,,,
"Gallineiros District (X-6, Y-8) - ren6355",up,"Gallineiros District (X-6, Y-9) - ren5553",,,,384,380,FALSE,,,,,,,,,
"Gallineiros District (X-6, Y-8) - ren6355",left,"Gallineiros District (X-7, Y-8) - ren6358",,,,384,383,FALSE,,,,,,,,,
"Gallineiros District (X-6, Y-8) - ren6355",right,"Gallineiros District (X-5, Y-8) - ren6354",,,,384,385,FALSE,,,,,,,,,
"Gallineiros District (X-6, Y-8) - ren6355",down,"Gallineiros District (X-6, Y-7) - ren6356",,,,384,388,FALSE,,,,,,,,,
"Gallineiros District (X-5, Y-8) - ren6354",left,"Gallineiros District (X-6, Y-8) - ren6355",,,,385,384,FALSE,,,,,,,,,
"Gallineiros District (X-5, Y-8) - ren6354",down,"Gallineiros District (X-5, Y-7) - ren6340",,,,385,389,FALSE,,,,,,,,,
"Gallineiros District (X-2, Y-8) - ren5157",left,"Gallineiros District (X-4, Y-10) - ren5161",,,,386,375,FALSE,,,,,,,,,
"Gallineiros District (X-2, Y-8) - ren5157",up,"Gallineiros District (X-2, Y-10) - ren5488",,,,386,376,FALSE,,,,,,,,,
"Gallineiros District (X-2, Y-8) - ren5157",right,"North Plaza (X-1, Y-10) - ren4872",,,,386,452,FALSE,,,,,,,,,
"Gallineiros District (X-10, Y-7) - ren6367",up,"Gallineiros District (X-10, Y-9) - ren5183",,,,387,377,FALSE,,,,,,,,,
"Gallineiros District (X-10, Y-7) - ren6367",right,"Gallineiros District (X-8, Y-8) - ren6362",,,,387,382,FALSE,,,,,,,,,
"Gallineiros District (X-10, Y-7) - ren6367",down,"Old Rattalia Town (X-9, Y-5) - ren3952",FALSE,TRUE,,387,469,FALSE,,,,,,,,,
"Gallineiros District (X-6, Y-7) - ren6356",up,"Gallineiros District (X-6, Y-8) - ren6355",,,,388,384,FALSE,,,,,,,,,
"Gallineiros District (X-6, Y-7) - ren6356",right,"Gallineiros District (X-5, Y-7) - ren6340",,,,388,389,FALSE,,,,,,,,,
"Gallineiros District (X-5, Y-7) - ren6340",up,"Gallineiros District (X-5, Y-8) - ren6354",,,,389,385,FALSE,,,,,,,,,
"Gallineiros District (X-5, Y-7) - ren6340",left,"Gallineiros District (X-6, Y-7) - ren6356",,,,389,388,FALSE,,,,,,,,,
"Gallineiros District (X-5, Y-7) - ren6340",right,"Gallineiros District (X-2, Y-7) - ren6339",,,,389,390,FALSE,,,,,,,,,
"Gallineiros District (X-5, Y-7) - ren6340",right,"Gallineiros District (X-2, Y-5) - ren6337",,,,389,391,FALSE,,,,,,,,,
"Gallineiros District (X-5, Y-7) - ren6340",down,"Gallineiros District (X-5, Y-4) - ren6334",,,,389,392,FALSE,,,,,,,,,
"Gallineiros District (X-2, Y-7) - ren6339",left,"Gallineiros District (X-5, Y-7) - ren6340",,,,390,389,FALSE,,,,,,,,,
"Gallineiros District (X-2, Y-7) - ren6339",down,"Gallineiros District (X-2, Y-5) - ren6337",,,,390,391,FALSE,,,,,,,,,
"Gallineiros District (X-2, Y-7) - ren6339",right,"South Plaza (X-1, Y-6) - ren355 (West)",FALSE,TRUE,,390,918,FALSE,,,,,,,,,
"Gallineiros District (X-2, Y-5) - ren6337",left,"Gallineiros District (X-5, Y-7) - ren6340",,,,391,389,FALSE,,,,,,,,,
"Gallineiros District (X-2, Y-5) - ren6337",up,"Gallineiros District (X-2, Y-7) - ren6339",,,,391,390,FALSE,,,,,,,,,
"Gallineiros District (X-2, Y-5) - ren6337",right,"South Plaza (X-1, Y-6) - ren355 (West)",FALSE,TRUE,,391,918,FALSE,,,,,,,,,
"Gallineiros District (X-5, Y-4) - ren6334",up,"Gallineiros District (X-5, Y-7) - ren6340",,,,392,389,FALSE,,,,,,,,,
"Gallineiros District (X-5, Y-4) - ren6334",right,"Gallineiros District (X-3, Y-4) - lor1740",,,,392,393,FALSE,,,,,,,,,
"Gallineiros District (X-3, Y-4) - lor1740",left,"Gallineiros District (X-5, Y-4) - ren6334",,,,393,392,FALSE,,,,,,,,,
"Gallineiros District (X-3, Y-4) - lor1740",down,"Gallineiros District (X-3, Y-3) - ren6329",,,,393,394,FALSE,,,,,,,,,
"Gallineiros District (X-3, Y-3) - ren6329",up,"Gallineiros District (X-3, Y-4) - lor1740",,,,394,393,FALSE,,,,,,,,,
"Gallineiros District (Interiors) (X-2, Y-16) - ren1082",warp (down),"Gallineiros District (X-3, Y-15) - ren6788",,,,395,343,FALSE,,,,,,,,,
"Gallineiros District (Interiors) (X-9, Y-13) - ren1360",right,"Gallineiros District (Interiors) (X-8, Y-13) - ren1362",,,,396,397,FALSE,,,,,,,,,
"Gallineiros District (Interiors) (X-8, Y-13) - ren1362",warp (down),"Gallineiros District (X-8, Y-14) - ren5379",,,,397,346,FALSE,,,,,,,,,
"Gallineiros District (Interiors) (X-8, Y-13) - ren1362",left,"Gallineiros District (Interiors) (X-9, Y-13) - ren1360",,,,397,396,FALSE,,,,,,,,,
"Gallineiros District (Interiors) (X-8, Y-13) - ren1362",right,"Gallineiros District (Interiors) (X-7, Y-13) - ren1363",,,,397,398,FALSE,,,,,,,,,
"Gallineiros District (Interiors) (X-7, Y-13) - ren1363",left,"Gallineiros District (Interiors) (X-8, Y-13) - ren1362",,,,398,397,FALSE,,,,,,,,,
"Gallineiros District (Interiors) (X-10, Y-11) - lor185",warp (down),"Gallineiros District (X-10, Y-12) - ren5347",,,,399,353,FALSE,,,,,,,,,
"Gallineiros District (Interiors) (X-2, Y-10) - lor517",warp (down),"Gallineiros District (X-2, Y-10) - ren5488",,,,400,376,FALSE,,,,,,,,,
"Gallineiros District (Sewers) (X-10, Y-15) - ren2288",manhole (up),"Gallineiros District (X-10, Y-15) - ren5317",,,,401,336,FALSE,,,,,,,,,
"Gallineiros District (Sewers) (X-10, Y-15) - ren2288",right,"Gallineiros District (Sewers) (X-9, Y-15) - ren2603",,,,401,402,FALSE,,,,,,,,,
"Gallineiros District (Sewers) (X-10, Y-15) - ren2288",down,"Gallineiros District (Sewers) (X-10, Y-14) - ren3177",,,,401,408,FALSE,,,,,,,,,
"Gallineiros District (Sewers) (X-9, Y-15) - ren2603",left,"Gallineiros District (Sewers) (X-10, Y-15) - ren2288",,,,402,401,FALSE,,,,,,,,,
"Gallineiros District (Sewers) (X-9, Y-15) - ren2603",right,"Gallineiros District (Sewers) (X-8, Y-14) - ren1960",,,,402,409,FALSE,,,,,,,,,
"Gallineiros District (Sewers) (X-9, Y-15) - ren2603",down,"Gallineiros District (Sewers) (X-9, Y-12) - lor377",,,,402,419,FALSE,,,,,,,,,
"Gallineiros District (Sewers) (X-7, Y-15) - ren3339",down,"Gallineiros District (Sewers) (X-7, Y-14) - ren2203",,,,403,410,FALSE,,,,,,,,,
"Gallineiros District (Sewers) (X-6, Y-15) - ren2046",manhole (up),"Gallineiros District (X-6, Y-15) - ren5476",,,,404,340,FALSE,,,,,,,,,
"Gallineiros District (Sewers) (X-6, Y-15) - ren2046",right,"Gallineiros District (Sewers) (X-5, Y-15) - ren2007",,,,404,405,FALSE,,,,,,,,,
"Gallineiros District (Sewers) (X-6, Y-15) - ren2046",down,"Gallineiros District (Sewers) (X-6, Y-14) - ren2745",,,,404,411,FALSE,,,,,,,,,
"Gallineiros District (Sewers) (X-5, Y-15) - ren2007",left,"Gallineiros District (Sewers) (X-6, Y-15) - ren2046",,,,405,404,FALSE,,,,,,,,,
"Gallineiros District (Sewers) (X-5, Y-15) - ren2007",right,"Gallineiros District (Sewers) (X-4, Y-15) - ren2826",,,,405,406,FALSE,,,,,,,,,
"Gallineiros District (Sewers) (X-4, Y-15) - ren2826",left,"Gallineiros District (Sewers) (X-5, Y-15) - ren2007",,,,406,405,FALSE,,,,,,,,,
"Gallineiros District (Sewers) (X-4, Y-15) - ren2826",right,"Gallineiros District (Sewers) (X-3, Y-15) - lor577",,,,406,407,FALSE,,,,,,,,,
"Gallineiros District (Sewers) (X-4, Y-15) - ren2826",left,"Gallineiros District (Sewers) (X-5, Y-14) - lor595",,,,406,412,FALSE,,,,,,,,,
"Gallineiros District (Sewers) (X-4, Y-15) - ren2826",down,"Gallineiros District (Sewers) (X-4, Y-13) - lor354",,,,406,417,FALSE,,,,,,,,,
"Gallineiros District (Sewers) (X-3, Y-15) - lor577",left,"Gallineiros District (Sewers) (X-4, Y-15) - ren2826",,,,407,406,FALSE,,,,,,,,,
"Gallineiros District (Sewers) (X-10, Y-14) - ren3177",up,"Gallineiros District (Sewers) (X-10, Y-15) - ren2288",,,,408,401,FALSE,,,,,,,,,
"Gallineiros District (Sewers) (X-10, Y-14) - ren3177",down,"Gallineiros District (Sewers) (X-10, Y-13) - ren2701",,,,408,413,FALSE,,,,,,,,,
"Gallineiros District (Sewers) (X-8, Y-14) - ren1960",manhole (up),"Gallineiros District (X-8, Y-14) - ren5379",,,,409,346,FALSE,,,,,,,,,
"Gallineiros District (Sewers) (X-8, Y-14) - ren1960",left,"Gallineiros District (Sewers) (X-9, Y-15) - ren2603",,,,409,402,FALSE,,,,,,,,,
"Gallineiros District (Sewers) (X-8, Y-14) - ren1960",right,"Gallineiros District (Sewers) (X-7, Y-14) - ren2203",,,,409,410,FALSE,,,,,,,,,
"Gallineiros District (Sewers) (X-8, Y-14) - ren1960",down,"Gallineiros District (Sewers) (X-8, Y-13) - ren2051",,,,409,414,FALSE,,,,,,,,,
"Gallineiros District (Sewers) (X-7, Y-14) - ren2203",up,"Gallineiros District (Sewers) (X-7, Y-15) - ren3339",,,,410,403,FALSE,,,,,,,,,
"Gallineiros District (Sewers) (X-7, Y-14) - ren2203",left,"Gallineiros District (Sewers) (X-8, Y-14) - ren1960",,,,410,409,FALSE,,,,,,,,,
"Gallineiros District (Sewers) (X-7, Y-14) - ren2203",right,"Gallineiros District (Sewers) (X-6, Y-14) - ren2745",,,,410,411,FALSE,,,,,,,,,
"Gallineiros District (Sewers) (X-6, Y-14) - ren2745",up,"Gallineiros District (Sewers) (X-6, Y-15) - ren2046",,,,411,404,FALSE,,,,,,,,,
"Gallineiros District (Sewers) (X-6, Y-14) - ren2745",left,"Gallineiros District (Sewers) (X-7, Y-14) - ren2203",,,,411,410,FALSE,,,,,,,,,
"Gallineiros District (Sewers) (X-6, Y-14) - ren2745",down,"Gallineiros District (Sewers) (X-6, Y-13) - ren2066",,,,411,416,FALSE,,,,,,,,,
"Gallineiros District (Sewers) (X-5, Y-14) - lor595",right,"Gallineiros District (Sewers) (X-4, Y-15) - ren2826",,,,412,406,FALSE,,,,,,,,,
"Gallineiros District (Sewers) (X-10, Y-13) - ren2701",up,"Gallineiros District (Sewers) (X-10, Y-14) - ren3177",,,,413,408,FALSE,,,,,,,,,
"Gallineiros District (Sewers) (X-10, Y-13) - ren2701",down,"Gallineiros District (Sewers) (X-10, Y-12) - ren3126",,,,413,418,FALSE,,,,,,,,,
"Gallineiros District (Sewers) (X-8, Y-13) - ren2051",up,"Gallineiros District (Sewers) (X-8, Y-14) - ren1960",,,,414,409,FALSE,,,,,,,,,
"Gallineiros District (Sewers) (X-8, Y-13) - ren2051",right,"Gallineiros District (Sewers) (X-7, Y-13) - lor455",,,,414,415,FALSE,,,,,,,,,
"Gallineiros District (Sewers) (X-8, Y-13) - ren2051",down,"Gallineiros District (Sewers) (X-8, Y-12) - ren1990",,,,414,420,FALSE,,,,,,,,,
"Gallineiros District (Sewers) (X-7, Y-13) - lor455",left,"Gallineiros District (Sewers) (X-8, Y-13) - ren2051",,,,415,414,FALSE,,,,,,,,,
"Gallineiros District (Sewers) (X-6, Y-13) - ren2066",up,"Gallineiros District (Sewers) (X-6, Y-14) - ren2745",,,,416,411,FALSE,,,,,,,,,
"Gallineiros District (Sewers) (X-6, Y-13) - ren2066",down,"Gallineiros District (Sewers) (X-6, Y-12) - ren1927",,,,416,422,FALSE,,,,,,,,,
"Gallineiros District (Sewers) (X-4, Y-13) - lor354",up,"Gallineiros District (Sewers) (X-4, Y-15) - ren2826",,,,417,406,FALSE,,,,,,,,,
"Gallineiros District (Sewers) (X-4, Y-13) - lor354",down,"Gallineiros District (Sewers) (X-2, Y-12) - ren1979",,,,417,426,FALSE,,,,,,,,,
"Gallineiros District (Sewers) (X-10, Y-12) - ren3126",up,"Gallineiros District (Sewers) (X-10, Y-13) - ren2701",,,,418,413,FALSE,,,,,,,,,
"Gallineiros District (Sewers) (X-10, Y-12) - ren3126",down,"Gallineiros District (Sewers) (X-10, Y-11) - ren2296",,,,418,427,FALSE,,,,,,,,,
"Gallineiros District (Sewers) (X-9, Y-12) - lor377",up,"Gallineiros District (Sewers) (X-9, Y-15) - ren2603",,,,419,402,FALSE,,,,,,,,,
"Gallineiros District (Sewers) (X-9, Y-12) - lor377",right,"Gallineiros District (Sewers) (X-8, Y-12) - ren1990",,,,419,420,FALSE,,,,,,,,,
"Gallineiros District (Sewers) (X-9, Y-12) - lor377",left,"Gallineiros District (Sewers) (X-10, Y-11) - ren2296",,,,419,427,FALSE,,,,,,,,,
"Gallineiros District (Sewers) (X-9, Y-12) - lor377",down,"Gallineiros District (Sewers) (X-9, Y-10) - ren1921",,,,419,435,FALSE,,,,,,,,,
"Gallineiros District (Sewers) (X-8, Y-12) - ren1990",up,"Gallineiros District (Sewers) (X-8, Y-13) - ren2051",,,,420,414,FALSE,,,,,,,,,
"Gallineiros District (Sewers) (X-8, Y-12) - ren1990",left,"Gallineiros District (Sewers) (X-9, Y-12) - lor377",,,,420,419,FALSE,,,,,,,,,
"Gallineiros District (Sewers) (X-8, Y-12) - ren1990",right,"Gallineiros District (Sewers) (X-7, Y-12) - ren1926",,,,420,421,FALSE,,,,,,,,,
"Gallineiros District (Sewers) (X-7, Y-12) - ren1926",left,"Gallineiros District (Sewers) (X-8, Y-12) - ren1990",,,,421,420,FALSE,,,,,,,,,
"Gallineiros District (Sewers) (X-7, Y-12) - ren1926",right,"Gallineiros District (Sewers) (X-6, Y-12) - ren1927",,,,421,422,FALSE,,,,,,,,,
"Gallineiros District (Sewers) (X-7, Y-12) - ren1926",down,"Gallineiros District (Sewers) (X-7, Y-11) - ren1995",,,,421,429,FALSE,,,,,,,,,
"Gallineiros District (Sewers) (X-6, Y-12) - ren1927",manhole (up),"Gallineiros District (X-6, Y-12) - ren5422",,,,422,357,FALSE,,,,,,,,,
"Gallineiros District (Sewers) (X-6, Y-12) - ren1927",up,"Gallineiros District (Sewers) (X-6, Y-13) - ren2066",,,,422,416,FALSE,,,,,,,,,
"Gallineiros District (Sewers) (X-6, Y-12) - ren1927",left,"Gallineiros District (Sewers) (X-7, Y-12) - ren1926",,,,422,421,FALSE,,,,,,,,,
"Gallineiros District (Sewers) (X-6, Y-12) - ren1927",right,"Gallineiros District (Sewers) (X-5, Y-12) - ren1976",,,,422,423,FALSE,,,,,,,,,
"Gallineiros District (Sewers) (X-5, Y-12) - ren1976",manhole (up),"Gallineiros District (X-5, Y-12) - lor1529",,,,423,358,FALSE,,,,,,,,,
"Gallineiros District (Sewers) (X-5, Y-12) - ren1976",left,"Gallineiros District (Sewers) (X-6, Y-12) - ren1927",,,,423,422,FALSE,,,,,,,,,
"Gallineiros District (Sewers) (X-5, Y-12) - ren1976",right,"Gallineiros District (Sewers) (X-4, Y-12) - ren1933",,,,423,424,FALSE,,,,,,,,,
"Gallineiros District (Sewers) (X-5, Y-12) - ren1976",down,"Gallineiros District (Sewers) (X-5, Y-11) - ren1975",,,,423,431,FALSE,,,,,,,,,
"Gallineiros District (Sewers) (X-4, Y-12) - ren1933",left,"Gallineiros District (Sewers) (X-5, Y-12) - ren1976",,,,424,423,FALSE,,,,,,,,,
"Gallineiros District (Sewers) (X-4, Y-12) - ren1933",right,"Gallineiros District (Sewers) (X-3, Y-12) - ren1978",,,,424,425,FALSE,,,,,,,,,
"Gallineiros District (Sewers) (X-3, Y-12) - ren1978",left,"Gallineiros District (Sewers) (X-4, Y-12) - ren1933",,,,425,424,FALSE,,,,,,,,,
"Gallineiros District (Sewers) (X-3, Y-12) - ren1978",right,"Gallineiros District (Sewers) (X-2, Y-12) - ren1979",,,,425,426,FALSE,,,,,,,,,
"Gallineiros District (Sewers) (X-3, Y-12) - ren1978",down,"Gallineiros District (Sewers) (X-4, Y-11) - ren1981",,,,425,432,FALSE,,,,,,,,,
"Gallineiros District (Sewers) (X-2, Y-12) - ren1979",manhole (up),"Gallineiros District (X-2, Y-12) - ren5478",,,,426,361,FALSE,,,,,,,,,
"Gallineiros District (Sewers) (X-2, Y-12) - ren1979",up,"Gallineiros District (Sewers) (X-4, Y-13) - lor354",,,,426,417,FALSE,,,,,,,,,
"Gallineiros District (Sewers) (X-2, Y-12) - ren1979",left,"Gallineiros District (Sewers) (X-3, Y-12) - ren1978",,,,426,425,FALSE,,,,,,,,,
"Gallineiros District (Sewers) (X-10, Y-11) - ren2296",manhole (up),"Gallineiros District (X-10, Y-12) - ren5347",,,,427,353,FALSE,,,,,,,,,
"Gallineiros District (Sewers) (X-10, Y-11) - ren2296",up,"Gallineiros District (Sewers) (X-10, Y-12) - ren3126",,,,427,418,FALSE,,,,,,,,,
"Gallineiros District (Sewers) (X-10, Y-11) - ren2296",right,"Gallineiros District (Sewers) (X-9, Y-12) - lor377",,,,427,419,FALSE,,,,,,,,,
"Gallineiros District (Sewers) (X-10, Y-11) - ren2296",down,"Gallineiros District (Sewers) (X-10, Y-10) - ren3403",,,,427,434,FALSE,,,,,,,,,
"Gallineiros District (Sewers) (X-8, Y-11) - lor702",manhole (up),"Gallineiros District (X-8, Y-11) - ren5434",,,,428,363,FALSE,,,,,,,,,
"Gallineiros District (Sewers) (X-8, Y-11) - lor702",right,"Gallineiros District (Sewers) (X-7, Y-11) - ren1995",,,,428,429,FALSE,,,,,,,,,
"Gallineiros District (Sewers) (X-7, Y-11) - ren1995",up,"Gallineiros District (Sewers) (X-7, Y-12) - ren1926",,,,429,421,FALSE,,,,,,,,,
"Gallineiros District (Sewers) (X-7, Y-11) - ren1995",left,"Gallineiros District (Sewers) (X-8, Y-11) - lor702",,,,429,428,FALSE,,,,,,,,,
"Gallineiros District (Sewers) (X-7, Y-11) - ren1995",down,"Gallineiros District (Sewers) (X-7, Y-10) - ren1938",,,,429,437,FALSE,,,,,,,,,
"Gallineiros District (Sewers) (X-6, Y-11) - lor618",down,"Gallineiros District (Sewers) (X-6, Y-10) - ren1967",,,,430,438,FALSE,,,,,,,,,
"Gallineiros District (Sewers) (X-5, Y-11) - ren1975",up,"Gallineiros District (Sewers) (X-5, Y-12) - ren1976",,,,431,423,FALSE,,,,,,,,,
"Gallineiros District (Sewers) (X-5, Y-11) - ren1975",down,"Gallineiros District (Sewers) (X-5, Y-10) - ren1974",,,,431,439,FALSE,,,,,,,,,
"Gallineiros District (Sewers) (X-4, Y-11) - ren1981",up,"Gallineiros District (Sewers) (X-3, Y-12) - ren1978",,,,432,425,FALSE,,,,,,,,,
"Gallineiros District (Sewers) (X-4, Y-11) - ren1981",right,"Gallineiros District (Sewers) (X-2, Y-11) - ren2574",,,,432,433,FALSE,,,,,,,,,
"Gallineiros District (Sewers) (X-2, Y-11) - ren2574",left,"Gallineiros District (Sewers) (X-4, Y-11) - ren1981",,,,433,432,FALSE,,,,,,,,,
"Gallineiros District (Sewers) (X-10, Y-10) - ren3403",up,"Gallineiros District (Sewers) (X-10, Y-11) - ren2296",,,,434,427,FALSE,,,,,,,,,
"Gallineiros District (Sewers) (X-9, Y-10) - ren1921",manhole (up),"Gallineiros District (X-9, Y-10) - ren5632",,,,435,370,FALSE,,,,,,,,,
"Gallineiros District (Sewers) (X-9, Y-10) - ren1921",up,"Gallineiros District (Sewers) (X-9, Y-12) - lor377",,,,435,419,FALSE,,,,,,,,,
"Gallineiros District (Sewers) (X-9, Y-10) - ren1921",right,"Gallineiros District (Sewers) (X-8, Y-10) - ren1950",,,,435,436,FALSE,,,,,,,,,
"Gallineiros District (Sewers) (X-8, Y-10) - ren1950",left,"Gallineiros District (Sewers) (X-9, Y-10) - ren1921",,,,436,435,FALSE,,,,,,,,,
"Gallineiros District (Sewers) (X-8, Y-10) - ren1950",right,"Gallineiros District (Sewers) (X-7, Y-10) - ren1938",,,,436,437,FALSE,,,,,,,,,
"Gallineiros District (Sewers) (X-7, Y-10) - ren1938",up,"Gallineiros District (Sewers) (X-7, Y-11) - ren1995",,,,437,429,FALSE,,,,,,,,,
"Gallineiros District (Sewers) (X-7, Y-10) - ren1938",left,"Gallineiros District (Sewers) (X-8, Y-10) - ren1950",,,,437,436,FALSE,,,,,,,,,
"Gallineiros District (Sewers) (X-7, Y-10) - ren1938",right,"Gallineiros District (Sewers) (X-6, Y-10) - ren1967",,,,437,438,FALSE,,,,,,,,,
"Gallineiros District (Sewers) (X-6, Y-10) - ren1967",manhole (up),"Gallineiros District (X-6, Y-10) - ren5211",,,,438,373,FALSE,,,,,,,,,
"Gallineiros District (Sewers) (X-6, Y-10) - ren1967",up,"Gallineiros District (Sewers) (X-6, Y-11) - lor618",,,,438,430,FALSE,,,,,,,,,
"Gallineiros District (Sewers) (X-6, Y-10) - ren1967",left,"Gallineiros District (Sewers) (X-7, Y-10) - ren1938",,,,438,437,FALSE,,,,,,,,,
"Gallineiros District (Sewers) (X-6, Y-10) - ren1967",right,"Gallineiros District (Sewers) (X-5, Y-10) - ren1974",,,,438,439,FALSE,,,,,,,,,
"Gallineiros District (Sewers) (X-5, Y-10) - ren1974",up,"Gallineiros District (Sewers) (X-5, Y-11) - ren1975",,,,439,431,FALSE,,,,,,,,,
"Gallineiros District (Sewers) (X-5, Y-10) - ren1974",left,"Gallineiros District (Sewers) (X-6, Y-10) - ren1967",,,,439,438,FALSE,,,,,,,,,
"Gallineiros District (Sewers) (X-4, Y-9) - lor344",manhole (up),"Gallineiros District (X-4, Y-10) - ren5161",,,,440,375,FALSE,,,,,,,,,
"Gallineiros District (Sewers) (X-4, Y-9) - lor344",down,"Gallineiros District (Sewers) (X-4, Y-8) - lor280",,,,440,441,FALSE,,,,,,,,,
"Gallineiros District (Sewers) (X-4, Y-8) - lor280",manhole (up),"Gallineiros District (X-4, Y-10) - ren5161",,,,441,375,FALSE,,,,,,,,,
"Gallineiros District (Sewers) (X-4, Y-8) - lor280",up,"Gallineiros District (Sewers) (X-4, Y-9) - lor344",,,,441,440,FALSE,,,,,,,,,
"Galliner Appliances Factory (X-1, Y-3) - ren186",right,"Galliner Appliances Factory (X+0, Y-3) - ren160",,,,442,443,FALSE,,,,,,,,,
"Galliner Appliances Factory (X-1, Y-3) - ren186",down,"Galliner Appliances Factory (X-1, Y-2) - ren120",,,,442,444,FALSE,,,,,,,,,
"Galliner Appliances Factory (X+0, Y-3) - ren160",left,"Galliner Appliances Factory (X-1, Y-3) - ren186",,,,443,442,FALSE,,,,,,,,,
"Galliner Appliances Factory (X+0, Y-3) - ren160",down,"Galliner Appliances Factory (X+0, Y-2) - ren110",,,,443,445,FALSE,,,,,,,,,
"Galliner Appliances Factory (X-1, Y-2) - ren120",up,"Galliner Appliances Factory (X-1, Y-3) - ren186",,,,444,442,FALSE,,,,,,,,,
"Galliner Appliances Factory (X-1, Y-2) - ren120",down,"Galliner Appliances Factory (X-1, Y-1) - ren144",,,,444,447,FALSE,,,,,,,,,
"Galliner Appliances Factory (X+0, Y-2) - ren110",up,"Galliner Appliances Factory (X+0, Y-3) - ren160",,,,445,443,FALSE,,,,,,,,,
"Galliner Appliances Factory (X+0, Y-2) - ren110",down,"Galliner Appliances Factory (X+0, Y-1) - ren103",,,,445,448,FALSE,,,,,,,,,
"Galliner Appliances Factory (X-2, Y-1) - ren289",right,"Galliner Appliances Factory (X-1, Y-1) - ren144",,,,446,447,FALSE,,,,,,,,,
"Galliner Appliances Factory (X-1, Y-1) - ren144",warp (down),"Gallineiros District (X-5, Y-14) - ren5431",,,,447,349,FALSE,,,,,,,,,
"Galliner Appliances Factory (X-1, Y-1) - ren144",up,"Galliner Appliances Factory (X-1, Y-2) - ren120",,,,447,444,FALSE,,,,,,,,,
"Galliner Appliances Factory (X-1, Y-1) - ren144",left,"Galliner Appliances Factory (X-2, Y-1) - ren289",,,,447,446,FALSE,,,,,,,,,
"Galliner Appliances Factory (X+0, Y-1) - ren103",up,"Galliner Appliances Factory (X+0, Y-2) - ren110",,,,448,445,FALSE,,,,,,,,,
"Galliner Appliances Factory (X+0, Y-1) - ren103",down,"Galliner Appliances Factory (X+0, Y+0) - ren96",,,,448,449,FALSE,,,,,,,,,
"Galliner Appliances Factory (X+0, Y+0) - ren96",warp (down),"Gallineiros District (X-5, Y-14) - ren5431",,,,449,349,FALSE,,,,,,,,,
"Galliner Appliances Factory (X+0, Y+0) - ren96",up,"Galliner Appliances Factory (X+0, Y-1) - ren103",,,,449,448,FALSE,,,,,,,,,
"North Plaza (X-1, Y-15) - ren6429",down,"North Plaza (X-1, Y-14) - ren6404",,,,450,451,FALSE,,,,,,,,,
"North Plaza (X-1, Y-15) - ren6429",up,"Pipistrello Industries (X-1, Y-20) - ren1496",,,,450,580,FALSE,,,,,,,,,
"North Plaza (X-1, Y-14) - ren6404",up,"North Plaza (X-1, Y-15) - ren6429",,,,451,450,FALSE,,,,,,,,,
"North Plaza (X-1, Y-14) - ren6404",down,"North Plaza (X-1, Y-10) - ren4872",,,,451,452,FALSE,,,,,,,,,
"North Plaza (X-1, Y-14) - ren6404",manhole (down),"North Plaza (Sewers) (X-1, Y-14) - ren3332",,,,451,453,FALSE,,,,,,,,,
"North Plaza (X-1, Y-14) - ren6404",manhole (down),"North Plaza (Sewers) (X-1, Y-11) - ren3314",,,,451,455,FALSE,,,,,,,,,
"North Plaza (X-1, Y-10) - ren4872",warp (up),"Cinemeco Movie Theater (X+0, Y+0) - ren475",,,,452,65,FALSE,,,,,,,,,
"North Plaza (X-1, Y-10) - ren4872",right,"Fadalins Neighborhood (X+1, Y-12) - ren4873",,,,452,153,FALSE,,,,,,,,,
"North Plaza (X-1, Y-10) - ren4872",left,"Gallineiros District (X-2, Y-8) - ren5157",,,,452,386,FALSE,,,,,,,,,
"North Plaza (X-1, Y-10) - ren4872",up,"North Plaza (X-1, Y-14) - ren6404",,,,452,451,FALSE,,,,,,,,,
"North Plaza (X-1, Y-10) - ren4872",manhole (down),"North Plaza (Sewers) (X+0, Y-9) - yug1433",,,,452,459,FALSE,,,,,,,,,
"North Plaza (Sewers) (X-1, Y-14) - ren3332",manhole (up),"North Plaza (X-1, Y-14) - ren6404",,,,453,451,FALSE,,,,,,,,,
"North Plaza (Sewers) (X-1, Y-14) - ren3332",down,"North Plaza (Sewers) (X-1, Y-12) - ren3326",,,,453,454,FALSE,,,,,,,,,
"North Plaza (Sewers) (X-1, Y-12) - ren3326",up,"North Plaza (Sewers) (X-1, Y-14) - ren3332",,,,454,453,FALSE,,,,,,,,,
"North Plaza (Sewers) (X-1, Y-12) - ren3326",down,"North Plaza (Sewers) (X-1, Y-11) - ren3314",,,,454,455,FALSE,,,,,,,,,
"North Plaza (Sewers) (X-1, Y-11) - ren3314",manhole (up),"North Plaza (X-1, Y-14) - ren6404",,,,455,451,FALSE,,,,,,,,,
"North Plaza (Sewers) (X-1, Y-11) - ren3314",up,"North Plaza (Sewers) (X-1, Y-12) - ren3326",,,,455,454,FALSE,,,,,,,,,
"North Plaza (Sewers) (X-3, Y-9) - yug1417",right,"North Plaza (Sewers) (X-2, Y-9) - yug2086",,,,456,457,FALSE,,,,,,,,,
"North Plaza (Sewers) (X-2, Y-9) - yug2086",right,"North Plaza (Sewers) (X-1, Y-9) - yug2065",,,,457,458,FALSE,,,,,,,,,
"North Plaza (Sewers) (X-1, Y-9) - yug2065",left,"North Plaza (Sewers) (X-2, Y-9) - yug2086",,,,458,457,FALSE,,,,,,,,,
"North Plaza (Sewers) (X-1, Y-9) - yug2065",right,"North Plaza (Sewers) (X+0, Y-9) - yug1433",,,,458,459,FALSE,,,,,,,,,
"North Plaza (Sewers) (X-1, Y-9) - yug2065",down,"North Plaza (Sewers) (X-1, Y-8) - yug2071",,,,458,460,FALSE,,,,,,,,,
"North Plaza (Sewers) (X+0, Y-9) - yug1433",manhole (up),"North Plaza (X-1, Y-10) - ren4872",,,,459,452,FALSE,,,,,,,,,
"North Plaza (Sewers) (X+0, Y-9) - yug1433",left,"North Plaza (Sewers) (X-1, Y-9) - yug2065",,,,459,458,FALSE,,,,,,,,,
"North Plaza (Sewers) (X-1, Y-8) - yug2071",up,"North Plaza (Sewers) (X-1, Y-9) - yug2065",,,,460,458,FALSE,,,,,,,,,
"Old Rattalia Town (X-12, Y-7) - ren6886",right,"Gallineiros District (X-10, Y-7) - ren6367",FALSE,TRUE,,461,387,FALSE,FALSE,,FALSE,And Wall ride AND Skipping Stone+,FALSE,AND Skipping Stone+ AND Wall-Dash,FALSE,FALSE,"Intended solution is Cheaters Unleashed, without it its quite difficult so might be better to mark it as uncompleteable until cheaters badges are added"
"Old Rattalia Town (X-7, Y-7) - ren1583 (West)",right,"Old Rattalia Town (X-7, Y-7) - ren1583 (East)",TRUE,TRUE,,462,463,FALSE,,,,,,,,,
"Old Rattalia Town (X-7, Y-7) - ren1583 (East)",warp (up),"Old Rattalia Town (Interiors) (X-7, Y-7) - ren556",TRUE,FALSE,,463,535,FALSE,,,,,,,,,
"Old Rattalia Town (X-8, Y-6) - ren1523",manhole (down),"Old Rattalia Town (Sewers) (X-8, Y-6) - ren1596",TRUE,FALSE,,464,543,FALSE,,,,,,,,,
"Old Rattalia Town (X-7, Y-6) - ren6986",up,"Old Rattalia Town (X-7, Y-7) - ren1583 (West)",TRUE,FALSE,,465,462,FALSE,,,,,,,,,
"Old Rattalia Town (X-7, Y-6) - ren6986",left,"Old Rattalia Town (X-8, Y-6) - ren1523",TRUE,TRUE,,465,464,FALSE,FALSE,FALSE,TRUE,FALSE,AND Skipping Stone,TRUE,FALSE,FALSE,
"Old Rattalia Town (X-7, Y-6) - ren6986",down,"Old Rattalia Town (X-7, Y-5) - ren7019",TRUE,FALSE,,465,471,FALSE,,,,,,,,,
"Old Rattalia Town (X-12, Y-5) - ren6904",up,"Old Rattalia Town (X-12, Y-7) - ren6886",TRUE,TRUE,,466,461,FALSE,FALSE,FALSE,TRUE,FALSE,FALSE,FALSE,FALSE,FALSE,
"Old Rattalia Town (X-11, Y-5) - ren3958",right,"Old Rattalia Town (X-10, Y-5) - ren3953",TRUE,FALSE,,467,468,FALSE,,,,,,,,,
"Old Rattalia Town (X-10, Y-5) - ren3953",right,"Old Rattalia Town (X-9, Y-5) - ren3952",TRUE,FALSE,,468,469,FALSE,,,,,,,,,
"Old Rattalia Town (X-10, Y-5) - ren3953",down,"Old Rattalia Town (X-10, Y-4) - ren3963",TRUE,FALSE,,468,474,FALSE,,,,,,,,,
"Old Rattalia Town (X-10, Y-5) - ren3953",warp (up),"Trevosos Motor Club (Interiors) (X-10, Y-6) - ren93",TRUE,FALSE,,468,944,FALSE,,,,,,,,,
"Old Rattalia Town (X-9, Y-5) - ren3952",right,"Old Rattalia Town (X-8, Y-5) - ren3972",TRUE,FALSE,,469,470,FALSE,,,,,,,,,
"Old Rattalia Town (X-9, Y-5) - ren3952",down,"Old Rattalia Town (X-9, Y-4) - ren3951",FALSE,FALSE,,469,475,FALSE,,,,,,,,,Possible by using the life raft in the room on the left side and using coyote time to jump in the next room.
"Old Rattalia Town (X-8, Y-5) - ren3972",down,"Old Rattalia Town (X-8, Y-4) - ren3970",TRUE,FALSE,,470,476,FALSE,,,,,,,,,
"Old Rattalia Town (X-7, Y-5) - ren7019",left,"Old Rattalia Town (X-8, Y-5) - ren3972",TRUE,TRUE,,471,470,FALSE,FALSE,FALSE,FALSE,TRUE,TRUE,TRUE,FALSE,FALSE,
"Old Rattalia Town (X-7, Y-5) - ren7019",down,"Old Rattalia Town (X-7, Y-4) - ren3966",TRUE,FALSE,,471,477,FALSE,,,,,,,,,
"Old Rattalia Town (X-6, Y-5) - ren6980",up,"Old Rattalia Town (X-7, Y-6) - ren6986",TRUE,FALSE,,472,465,FALSE,,,,,,,,,
"Old Rattalia Town (X-11, Y-4) - ren3912",up,"Old Rattalia Town (X-11, Y-5) - ren3958",TRUE,FALSE,,473,467,FALSE,,,,,,,,,
"Old Rattalia Town (X-11, Y-4) - ren3912",down,"Old Rattalia Town (X-11, Y-2) - ren2",TRUE,FALSE,,473,488,FALSE,,,,,,,,,
"Old Rattalia Town (X-10, Y-4) - ren3963",warp (up),"Old Rattalia Town (Interiors) (X-11, Y-4) - ren901",TRUE,FALSE,,474,536,FALSE,,,,,,,,,
"Old Rattalia Town (X-10, Y-4) - ren3963",warp (up),"Old Rattalia Town (Interiors) (X-10, Y-4) - ren911",TRUE,FALSE,,474,537,FALSE,,,,,,,,,
"Old Rattalia Town (X-8, Y-4) - ren3970",warp (up),"Old Rattalia Town (Interiors) (X-8, Y-4) - ren847",TRUE,FALSE,,476,538,FALSE,,,,,,,,,
"Old Rattalia Town (X-8, Y-4) - ren3970",manhole (down),"Old Rattalia Town (Sewers) (X-8, Y-4) - ren1529",TRUE,FALSE,,476,545,FALSE,,,,,,,,,
"Old Rattalia Town (X-7, Y-4) - ren3966",down,"Old Rattalia Town (X-7, Y-3) - ren3933",TRUE,TRUE,,477,484,FALSE,Skipping Stone,FALSE,TRUE,FALSE,TRUE,TRUE,FALSE,FALSE,
"Old Rattalia Town (X-7, Y-4) - ren3966",manhole (down),"Old Rattalia Town (Sewers) (X-7, Y-4) - ren1531",TRUE,FALSE,,477,546,FALSE,,,,,,,,,
"Old Rattalia Town (X-6, Y-4) - ren6971",up,"Old Rattalia Town (X-6, Y-5) - ren6980",TRUE,FALSE,,478,472,FALSE,,,,,,,,,
"Old Rattalia Town (X-12, Y-3) - ren6927 (North)",up,"Old Rattalia Town (X-12, Y-5) - ren6904",TRUE,TRUE,,479,466,FALSE,FALSE,FALSE,TRUE,FALSE,FALSE,FALSE,FALSE,FALSE,
"Old Rattalia Town (X-10, Y-3) - ren3930",left,"Old Rattalia Town (X-11, Y-4) - ren3912",TRUE,FALSE,,481,473,FALSE,,,,,,,,,
"Old Rattalia Town (X-9, Y-3) - ren3931",left,"Old Rattalia Town (X-10, Y-3) - ren3930",TRUE,FALSE,,482,481,FALSE,,,,,,,,,
"Old Rattalia Town (X-8, Y-3) - ren3932",left,"Old Rattalia Town (X-9, Y-3) - ren3931",TRUE,FALSE,,483,482,FALSE,,,,,,,,,
"Old Rattalia Town (X-7, Y-3) - ren3933",left,"Old Rattalia Town (X-8, Y-3) - ren3932",TRUE,FALSE,,484,483,FALSE,,,,,,,,,
"Old Rattalia Town (X-7, Y-3) - ren3933",right,"Old Rattalia Town (X-6, Y-3) - ren3934",FALSE,FALSE,,484,485,FALSE,,,,,,,,,
"Old Rattalia Town (X-7, Y-3) - ren3933",manhole (down),"Old Rattalia Town (Sewers) (X-7, Y-3) - ren1533",TRUE,FALSE,,484,548,FALSE,,,,,,,,,
"Old Rattalia Town (X-6, Y-3) - ren3934",up,"Old Rattalia Town (X-6, Y-4) - ren6971",TRUE,FALSE,,485,478,FALSE,,,,,,,,,
"Old Rattalia Town (X-6, Y-3) - ren3934",manhole (down),"Old Rattalia Town (Sewers) (X-6, Y-3) - ren789",TRUE,FALSE,,485,549,FALSE,,,,,,,,,
"Old Rattalia Town (X-5, Y-3) - ren3981",left,"Old Rattalia Town (X-6, Y-3) - ren3934",TRUE,FALSE,,486,485,FALSE,,,,,,,,,
"Old Rattalia Town (X-4, Y-3) - ren4014",left,"Old Rattalia Town (X-5, Y-3) - ren3981",TRUE,FALSE,,487,486,FALSE,,,,,,,,,
"Old Rattalia Town (X-4, Y-3) - ren4014",warp (up),"Old Rattalia Town (Interiors) (X-4, Y-3) - lor105",TRUE,FALSE,,487,539,FALSE,,,,,,,,,
"Old Rattalia Town (X-11, Y-2) - ren2",right,"Old Rattalia Town (X-9, Y-2) - ren3949",FALSE,FALSE,,488,489,FALSE,,,,,,,,,
"Old Rattalia Town (X-11, Y-2) - ren2",down,"Old Rattalia Town (X-11, Y+0) - ren3887",TRUE,FALSE,,488,500,FALSE,,,,,,,,,
"Old Rattalia Town (X-11, Y-2) - ren2",manhole (down),"Old Rattalia Town (Sewers) (X-10, Y-1) - ren1537",TRUE,FALSE,,488,559,FALSE,,,,,,,,,
"Old Rattalia Town (X-11, Y-2) - ren2",warp (up),"Police Department (X+0, Y+0) - lor2",TRUE,FALSE,,488,724,FALSE,,,,,,,,,
"Old Rattalia Town (X-8, Y-2) - ren3772",up,"Old Rattalia Town (X-8, Y-3) - ren3932",FALSE,FALSE,,490,483,FALSE,,,,,,,,,
"Old Rattalia Town (X-8, Y-2) - ren3772",right,"Old Rattalia Town (X-6, Y-2) - ren1300 (Main)",TRUE,FALSE,,490,491,FALSE,,,,,,,,,
"Old Rattalia Town (X-8, Y-2) - ren3772",left,"Old Rattalia Town (X-9, Y-1) - ren3 (East)",FALSE,FALSE,,490,496,FALSE,,,,,,,,,
"Old Rattalia Town (X-8, Y-2) - ren3772",down,"Old Rattalia Town (X-8, Y+0) - yug3472",FALSE,FALSE,,490,503,FALSE,,,,,,,,,
"Old Rattalia Town (X-6, Y-2) - ren1300 (Main)",up,"Old Rattalia Town (X-6, Y-3) - ren3934",FALSE,FALSE,,491,485,FALSE,,,,,,,,,
"Old Rattalia Town (X-6, Y-2) - ren1300 (Main)",right,"Old Rattalia Town (X-6, Y-2) - ren1300 (East)",FALSE,FALSE,,491,492,FALSE,,,,,,,,,
"Old Rattalia Town (X-6, Y-2) - ren1300 (Main)",down,"Old Rattalia Town (X-5, Y+1) - ren3740",FALSE,FALSE,,491,509,FALSE,,,,,,,,,
"Old Rattalia Town (X-6, Y-2) - ren1300 (Main)",manhole (down),"Old Rattalia Town (Sewers) (X-6, Y+0) - lor150",TRUE,FALSE,,491,565,FALSE,,,,,,,,,
"Old Rattalia Town (X-6, Y-2) - ren1300 (Main)",warp (up),"Plaza Roquefort Shopping Mall (X-1, Y-2) - ren3969 (Main)",TRUE,FALSE,,491,692,FALSE,,,,,,,,,
"Old Rattalia Town (X-6, Y-2) - ren1300 (East)",up,"Old Rattalia Town (X-4, Y-3) - ren4014",TRUE,FALSE,,492,487,FALSE,,,,,,,,,
"Old Rattalia Town (X-6, Y-2) - ren1300 (East)",left,"Old Rattalia Town (X-6, Y-2) - ren1300 (Main)",FALSE,TRUE,,492,491,FALSE,Skipping Stone,FALSE,TRUE,FALSE,TRUE,TRUE,FALSE,FALSE,
"Old Rattalia Town (X-6, Y-2) - ren1300 (East)",right,"Old Rattalia Town (X-3, Y-2) - lor572 (West)",TRUE,FALSE,,492,493,FALSE,,,,,,,,,
"Old Rattalia Town (X-6, Y-2) - ren1300 (East)",down,"Old Rattalia Town (X-4, Y+1) - ren1445",TRUE,FALSE,,492,510,FALSE,,,,,,,,,
"Old Rattalia Town (X-3, Y-2) - lor572 (West)",right,"Old Rattalia Town (X-3, Y-2) - lor572 (East)",FALSE,TRUE,,493,494,FALSE,FALSE,TRUE,FALSE,FALSE,FALSE,FALSE,FALSE,FALSE,
"Old Rattalia Town (X-3, Y-2) - lor572 (East)",left,"Old Rattalia Town (X-3, Y-2) - lor572 (West)",FALSE,FALSE,,494,493,FALSE,,,,,,,,,
"Old Rattalia Town (X-3, Y-2) - lor572 (East)",manhole (down),"Old Rattalia Town (Sewers) (X-3, Y-2) - yug953",TRUE,FALSE,,494,558,FALSE,,,,,,,,,
"Old Rattalia Town (X-9, Y-1) - ren3 (West)",left,"Old Rattalia Town (X-11, Y-2) - ren2",FALSE,FALSE,,495,488,FALSE,,,,,,,,,
"Old Rattalia Town (X-9, Y-1) - ren3 (East)",left,"Old Rattalia Town (X-9, Y-1) - ren3 (West)",FALSE,FALSE,,496,495,FALSE,,,,,,,,,
"Old Rattalia Town (X-3, Y-1) - ren1833 (West)",left,"Old Rattalia Town (X-6, Y-2) - ren1300 (East)",TRUE,FALSE,,497,492,FALSE,,,,,,,,,
"Old Rattalia Town (X-3, Y-1) - ren1833 (West)",right,"Old Rattalia Town (X-3, Y-1) - ren1833 (East)",FALSE,FALSE,,497,498,FALSE,,,,,,,,,
"Old Rattalia Town (X-3, Y-1) - ren1833 (West)",manhole (down),"Old Rattalia Town (Sewers) (X-3, Y-1) - yug7",TRUE,FALSE,,497,563,FALSE,,,,,,,,,
"Old Rattalia Town (X-3, Y-1) - ren1833 (East)",manhole (down),"Old Rattalia Town (Sewers) (X-3, Y-1) - yug7",TRUE,FALSE,,498,563,FALSE,,,,,,,,,
"Old Rattalia Town (X-12, Y+0) - lor1907",up,"Old Rattalia Town (X-12, Y-3) - ren6927 (South)",TRUE,TRUE,,499,480,FALSE,,,,,,,,,
"Old Rattalia Town (X-11, Y+0) - ren3887",left,"Old Rattalia Town (X-12, Y+0) - lor1907",TRUE,TRUE,,500,499,FALSE,,,,,,,,,
"Old Rattalia Town (X-8, Y+0) - yug3472",left,"Old Rattalia Town (X-9, Y+1) - ren1477",TRUE,FALSE,,503,506,FALSE,,,,,,,,,
"Old Rattalia Town (X-8, Y+0) - yug3472",right,"Old Rattalia Town (X-6, Y+1) - ren1447 (West)",TRUE,FALSE,,503,507,FALSE,,,,,,,,,
"Old Rattalia Town (X-3, Y+0) - lor547",manhole (down),"Old Rattalia Town (Sewers) (X-3, Y+0) - lor162 (North)",TRUE,TRUE,,504,567,FALSE,FALSE,FALSE,TRUE,FALSE,AND Skipping Stone +,AND Skipping Stone,FALSE,FALSE,
"Old Rattalia Town (X-3, Y+0) - lor547",manhole (down),"Old Rattalia Town (Sewers) (X-3, Y+0) - lor162 (South)",TRUE,TRUE,,504,568,FALSE,FALSE,FALSE,TRUE,FALSE,AND Skipping Stone +,AND Skipping Stone,FALSE,FALSE,
"Old Rattalia Town (X-10, Y+1) - ren3821",up,"Old Rattalia Town (X-10, Y+0) - ren3889",FALSE,TRUE,,505,501,FALSE,,,,,,,,,
"Old Rattalia Town (X-10, Y+1) - ren3821",left,"Old Rattalia Town (X-11, Y+2) - ren4561",TRUE,FALSE,,505,512,FALSE,,,,,,,,,
"Old Rattalia Town (X-10, Y+1) - ren3821",right,"Old Rattalia Town (X-9, Y+3) - lor2135",TRUE,TRUE,,505,516,FALSE,,,,,,,,,
"Old Rattalia Town (X-9, Y+1) - ren1477",up,"Old Rattalia Town (X-9, Y+0) - ren3950",FALSE,TRUE,,506,502,FALSE,,,,,,,,,
"Old Rattalia Town (X-9, Y+1) - ren1477",down,"Old Rattalia Town (X-9, Y+2) - ren3779",TRUE,FALSE,,506,513,FALSE,,,,,,,,,
"Old Rattalia Town (X-6, Y+1) - ren1447 (West)",warp (up),"Old Rattalia Town (Interiors) (X-6, Y+1) - ren925",TRUE,FALSE,,507,540,FALSE,,,,,,,,,
"Old Rattalia Town (X-5, Y+1) - ren3740",manhole (down),"Old Rattalia Town (Sewers) (X-5, Y+1) - ren791",TRUE,FALSE,,509,571,FALSE,,,,,,,,,
"Old Rattalia Town (X-4, Y+1) - ren1445",right,"Old Rattalia Town (X-3, Y+0) - lor547",TRUE,TRUE,,510,504,FALSE,FALSE,FALSE,TRUE,FALSE,AND Skipping Stone +,AND Skipping Stone,FALSE,FALSE,
"Old Rattalia Town (X-4, Y+1) - ren1445",down,"Old Rattalia Town (X-7, Y+2) - ren3720",TRUE,FALSE,,510,515,FALSE,,,,,,,,,
"Old Rattalia Town (X-4, Y+1) - ren1445",warp (up),"Old Rattalia Town (Interiors) (X-4, Y+1) - ren24",TRUE,FALSE,,510,541,FALSE,,,,,,,,,
"Old Rattalia Town (X-11, Y+2) - ren4561",up,"Old Rattalia Town (X-11, Y+0) - ren3887",TRUE,FALSE,,512,500,FALSE,,,,,,,,,
"Old Rattalia Town (X-11, Y+2) - ren4561",left,"Old Rattalia Town (X-12, Y+2) - lor1912",TRUE,TRUE,,512,511,FALSE,,,,,,,,,
"Old Rattalia Town (X-11, Y+2) - ren4561",down,"Old Rattalia Town (X-11, Y+5) - lor1923",TRUE,TRUE,,512,530,FALSE,,,,,,,,,
"Old Rattalia Town (X-9, Y+2) - ren3779",left,"Old Rattalia Town (X-10, Y+1) - ren3821",TRUE,TRUE,,513,505,FALSE,,,,,,,,,
"Old Rattalia Town (X-7, Y+2) - ren3720",up,"Old Rattalia Town (X-8, Y+0) - yug3472",TRUE,FALSE,,515,503,FALSE,,,,,,,,,
"Old Rattalia Town (X-7, Y+2) - ren3720",up,"Old Rattalia Town (X-5, Y+1) - ren3740",TRUE,FALSE,,515,509,FALSE,,,,,,,,,
"Old Rattalia Town (X-7, Y+2) - ren3720",down,"Old Rattalia Town (X-6, Y+3) - ren4151",TRUE,FALSE,,515,518,FALSE,,,,,,,,,
"Old Rattalia Town (X-7, Y+2) - ren3720",down,"Old Rattalia Town (X-4, Y+3) - ren4147",TRUE,FALSE,,515,520,FALSE,,,,,,,,,
"Old Rattalia Town (X-9, Y+3) - lor2135",right,"Old Rattalia Town (X-8, Y+3) - lor571",TRUE,TRUE,,516,517,FALSE,,,,,,,,,
"Old Rattalia Town (X-8, Y+3) - lor571",down,"Old Rattalia Town (X-8, Y+4) - lor1916",FALSE,TRUE,,517,525,FALSE,,,,,,,,,
"Old Rattalia Town (X-6, Y+3) - ren4151",manhole (down),"Old Rattalia Town (Sewers) (X-6, Y+3) - yug223",TRUE,FALSE,,518,572,FALSE,,,,,,,,,
"Old Rattalia Town (X-5, Y+3) - ren4154",left,"Old Rattalia Town (X-6, Y+3) - ren4151",FALSE,FALSE,,519,518,FALSE,,,,,,,,,
"Old Rattalia Town (X-5, Y+3) - ren4154",right,"Old Rattalia Town (X-4, Y+3) - ren4147",FALSE,FALSE,,519,520,FALSE,,,,,,,,,
"Old Rattalia Town (X-4, Y+3) - ren4147",down,"Old Rattalia Town (X-4, Y+4) - ren4148",TRUE,FALSE,,520,528,FALSE,,,,,,,,,
"Old Rattalia Town (X-4, Y+3) - ren4147",right,"South Plaza (X-3, Y+3) - ren4152",FALSE,FALSE,7:09:27 PM,520,926,TRUE,,,,,,,,,
"Old Rattalia Town (X-9, Y+4) - lor1915",left,"Old Rattalia Town (X-12, Y+5) - lor1924",FALSE,TRUE,,524,529,FALSE,,,,,,,,,
"Old Rattalia Town (X-8, Y+4) - lor1916",right,"Old Rattalia Town (X-6, Y+5) - lor1919",FALSE,TRUE,,525,533,FALSE,,,,,,,,,
"Old Rattalia Town (X-6, Y+4) - ren4150",up,"Old Rattalia Town (X-6, Y+3) - ren4151",TRUE,FALSE,,526,518,FALSE,,,,,,,,,
"Old Rattalia Town (X-5, Y+4) - ren4593",left,"Old Rattalia Town (X-6, Y+4) - ren4150",TRUE,FALSE,,527,526,FALSE,,,,,,,,,
"Old Rattalia Town (X-5, Y+4) - ren4593",warp (up),"Old Rattalia Town (Interiors) (X-5, Y+4) - lor1",TRUE,FALSE,,527,542,FALSE,,,,,,,,,
"Old Rattalia Town (X-5, Y+4) - ren4593",manhole (down),"Old Rattalia Town (Sewers) (X-5, Y+4) - lor21",TRUE,FALSE,,527,578,FALSE,,,,,,,,,
"Old Rattalia Town (X-4, Y+4) - ren4148",left,"Old Rattalia Town (X-5, Y+4) - ren4593",TRUE,FALSE,,528,527,FALSE,,,,,,,,,
"Old Rattalia Town (X-4, Y+4) - ren4148",manhole (down),"Old Rattalia Town (Sewers) (X-4, Y+4) - yug220",TRUE,FALSE,,528,579,FALSE,,,,,,,,,
"Old Rattalia Town (X-11, Y+5) - lor1923",up,"Old Rattalia Town (X-12, Y-3) - ren6927 (North)",TRUE,TRUE,,530,479,FALSE,FALSE,FALSE,TRUE,FALSE,FALSE,FALSE,FALSE,FALSE,
"Old Rattalia Town (X-11, Y+5) - lor1923",right,"Old Rattalia Town (X-10, Y+5) - lor1922",TRUE,TRUE,,530,531,FALSE,,,,,,,,,
"Old Rattalia Town (X-10, Y+5) - lor1922",right,"Old Rattalia Town (X-9, Y+5) - lor1921",TRUE,TRUE,,531,532,FALSE,,,,,,,,,
"Old Rattalia Town (X-9, Y+5) - lor1921",up,"Old Rattalia Town (X-9, Y+4) - lor1915",TRUE,TRUE,,532,524,FALSE,,,,,,,,,
"Old Rattalia Town (X-6, Y+5) - lor1919",right,"Old Rattalia Town (X-3, Y+5) - lor2247",FALSE,TRUE,,533,534,FALSE,,,,,,,,,
"Old Rattalia Town (X-3, Y+5) - lor2247",right,"South Plaza (X-1, Y+4) - lor2248 (South)",FALSE,TRUE,,534,930,FALSE,,,,,,,,,
"Old Rattalia Town (Sewers) (X-8, Y-6) - ren1596",left,"Old Rattalia Town (Sewers) (X-9, Y-5) - ren3577",FALSE,TRUE,,543,544,FALSE,SS+,FALSE,TRUE,AND Wall ride,TRUE,AND Wall-Dash,FALSE,FALSE,
"Old Rattalia Town (Sewers) (X-8, Y-4) - ren1529",right,"Old Rattalia Town (Sewers) (X-7, Y-4) - ren1531",FALSE,FALSE,,545,546,FALSE,,,,,,,,,
"Old Rattalia Town (Sewers) (X-7, Y-4) - ren1531",down,"Old Rattalia Town (Sewers) (X-7, Y-3) - ren1533",TRUE,FALSE,,546,548,FALSE,,,,,,,,,
"Old Rattalia Town (Sewers) (X-6, Y-3) - ren789",right,"Old Rattalia Town (Sewers) (X-5, Y-3) - lor119",TRUE,TRUE,,549,550,FALSE,FALSE,FALSE,TRUE,FALSE,AND SS+,TRUE,,,
"Old Rattalia Town (Sewers) (X-6, Y-3) - ren789",down,"Old Rattalia Town (Sewers) (X-6, Y-2) - ren793",TRUE,FALSE,,549,556,FALSE,,,,,,,,,
"Old Rattalia Town (Sewers) (X-4, Y-3) - lor122",left,"Old Rattalia Town (Sewers) (X-5, Y-3) - lor119",TRUE,TRUE,,551,550,FALSE,FALSE,FALSE,TRUE,FALSE,FALSE,AND SS+,FALSE,FALSE,
"Old Rattalia Town (Sewers) (X-3, Y-3) - yug941",right,"Old Rattalia Town (Sewers) (X-2, Y-3) - yug969",FALSE,TRUE,,552,553,FALSE,FALSE,AND Wall ride,FALSE,TRUE,TRUE,AND Offstring throw,FALSE,FALSE,
"Old Rattalia Town (Sewers) (X-9, Y-2) - yug1018",up,"Old Rattalia Town (Sewers) (X-9, Y-3) - yug1038",FALSE,TRUE,,554,547,FALSE,FALSE,FALSE,FALSE,TRUE,TRUE,TRUE,FALSE,FALSE,
"Old Rattalia Town (Sewers) (X-8, Y-2) - ren1535",manhole (up),"Old Rattalia Town (X-8, Y-2) - ren3772",TRUE,FALSE,,555,490,FALSE,,,,,,,,,
"Old Rattalia Town (Sewers) (X-8, Y-2) - ren1535",left,"Old Rattalia Town (Sewers) (X-9, Y-2) - yug1018",FALSE,FALSE,,555,554,FALSE,,,,,,,,,
"Old Rattalia Town (Sewers) (X-6, Y-2) - ren793",right,"Old Rattalia Town (Sewers) (X-5, Y-2) - ren1608",FALSE,TRUE,,556,557,FALSE,FALSE,FALSE,TRUE,FALSE,FALSE,TRUE,FALSE,FALSE,
"Old Rattalia Town (Sewers) (X-6, Y-2) - ren793",down,"Old Rattalia Town (Sewers) (X-6, Y-1) - ren797",TRUE,FALSE,,556,561,FALSE,,,,,,,,,
"Old Rattalia Town (Sewers) (X-3, Y-2) - yug953",up,"Old Rattalia Town (Sewers) (X-3, Y-3) - yug941",FALSE,FALSE,,558,552,FALSE,,,,,,,,,
"Old Rattalia Town (Sewers) (X-10, Y-1) - ren1537",right,"Old Rattalia Town (Sewers) (X-9, Y-1) - ren899",FALSE,TRUE,,559,560,FALSE,,,,,,,,,
"Old Rattalia Town (Sewers) (X-9, Y-1) - ren899",up,"Old Rattalia Town (Sewers) (X-8, Y-2) - ren1535",TRUE,FALSE,,560,555,FALSE,,,,,,,,,
"Old Rattalia Town (Sewers) (X-9, Y-1) - ren899",down,"Old Rattalia Town (Sewers) (X-8, Y+0) - ren1577",FALSE,TRUE,,560,564,FALSE,SS+,FALSE,TRUE,FALSE,TRUE,TRUE,FALSE,FALSE,
"Old Rattalia Town (Sewers) (X-6, Y-1) - ren797",right,"Old Rattalia Town (Sewers) (X-5, Y-1) - ren798",TRUE,FALSE,,561,562,FALSE,,,,,,,,,
"Old Rattalia Town (Sewers) (X-5, Y-1) - ren798",up,"Old Rattalia Town (Sewers) (X-5, Y-2) - ren1608",FALSE,TRUE,,562,557,FALSE,FALSE,FALSE,AND SS+,FALSE,FALSE,AND SS,FALSE,FALSE,"Currently redundant due to line 1057, however once cheater badges are allowed this will change"
"Old Rattalia Town (Sewers) (X-5, Y-1) - ren798",down,"Old Rattalia Town (Sewers) (X-5, Y+1) - ren791",TRUE,FALSE,,562,571,FALSE,,,,,,,,,
"Old Rattalia Town (Sewers) (X-6, Y+0) - lor150",down,"Old Rattalia Town (Sewers) (X-6, Y+1) - ren1541 (West)",FALSE,TRUE,,565,569,FALSE,SS,TRUE,TRUE,TRUE,TRUE,TRUE,Coin-Fip,FALSE,
"Old Rattalia Town (Sewers) (X-3, Y+0) - lor162 (Main)",up,"Old Rattalia Town (Sewers) (X-3, Y+0) - lor162 (North)",FALSE,TRUE,,566,567,FALSE,FALSE,FALSE,TRUE,AND SS+ OR (UFO Throw AND SS),AND SS+ OR (Wall-Dash AND SS),TRUE,FALSE,FALSE,
"Old Rattalia Town (Sewers) (X-3, Y+0) - lor162 (Main)",down,"Old Rattalia Town (Sewers) (X-3, Y+0) - lor162 (South)",FALSE,TRUE,,566,568,FALSE,,,,,,,,,
"Old Rattalia Town (Sewers) (X-3, Y+0) - lor162 (North)",down,"Old Rattalia Town (Sewers) (X-3, Y+0) - lor162 (Main)",FALSE,TRUE,,567,566,FALSE,FALSE,FALSE,TRUE,AND SS+ OR (UFO Throw AND SS),AND SS+ OR (Wall-Dash AND SS),TRUE,FALSE,FALSE,
"Old Rattalia Town (Sewers) (X-3, Y+0) - lor162 (South)",up,"Old Rattalia Town (Sewers) (X-3, Y+0) - lor162 (Main)",FALSE,TRUE,,568,566,FALSE,SS+,FALSE,TRUE,AND UFO Throw,AND Wall-Dash OR SS,TRUE,FALSE,FALSE,
"Old Rattalia Town (Sewers) (X-6, Y+1) - ren1541 (West)",up,"Old Rattalia Town (Sewers) (X-6, Y+0) - lor150",FALSE,TRUE,,569,565,FALSE,,,,,,,,,
"Old Rattalia Town (Sewers) (X-6, Y+1) - ren1541 (West)",right,"Old Rattalia Town (Sewers) (X-6, Y+1) - ren1541 (East)",FALSE,TRUE,,569,570,FALSE,SS,TRUE,TRUE,TRUE,TRUE,TRUE,Coin-Flip,FALSE,Everything but offstring and coinflip require bringing an item to hold the switch down
"Old Rattalia Town (Sewers) (X-6, Y+1) - ren1541 (East)",manhole (up),"Old Rattalia Town (X-6, Y+1) - ren1447 (East)",TRUE,FALSE,,570,508,FALSE,,,,,,,,,
"Old Rattalia Town (Sewers) (X-6, Y+1) - ren1541 (East)",left,"Old Rattalia Town (Sewers) (X-6, Y+1) - ren1541 (West)",FALSE,FALSE,,570,569,FALSE,,,,,,,,,
"Old Rattalia Town (Sewers) (X-5, Y+1) - ren791",right,"Old Rattalia Town (Sewers) (X-4, Y-3) - lor122",TRUE,TRUE,,571,551,FALSE,FALSE,FALSE,TRUE,FALSE,AND SS+,TRUE,FALSE,FALSE,
"Old Rattalia Town (Sewers) (X-6, Y+3) - yug223",right,"Old Rattalia Town (Sewers) (X-5, Y+3) - yug225 (West)",FALSE,TRUE,,572,574,FALSE,,,,,,,,,
"Old Rattalia Town (Sewers) (X-5, Y+3) - yug225 (Main)",manhole (up),"Old Rattalia Town (X-5, Y+3) - ren4154",TRUE,FALSE,,573,519,FALSE,,,,,,,,,
"Old Rattalia Town (Sewers) (X-5, Y+3) - yug225 (West)",down,"Old Rattalia Town (Sewers) (X-5, Y+4) - lor21",FALSE,FALSE,,574,578,FALSE,,,,,,,,,
"Old Rattalia Town (Sewers) (X-5, Y+3) - yug225 (East)",down,"Old Rattalia Town (Sewers) (X-5, Y+4) - lor21",FALSE,FALSE,,575,578,FALSE,,,,,,,,,
"Old Rattalia Town (Sewers) (X-4, Y+3) - yug232",left,"Old Rattalia Town (Sewers) (X-5, Y+3) - yug225 (East)",FALSE,TRUE,,576,575,FALSE,,,,,,,,,
"Old Rattalia Town (Sewers) (X-5, Y+4) - lor21",up,"Old Rattalia Town (Sewers) (X-5, Y+3) - yug225 (Main)",FALSE,TRUE,,578,573,FALSE,,,,,,,,,
"Old Rattalia Town (Sewers) (X-4, Y+4) - yug220",up,"Old Rattalia Town (Sewers) (X-4, Y+3) - yug232",FALSE,TRUE,,579,576,FALSE,,,,,,,,,
"Pipistrello Industries (X-1, Y-20) - ren1496",down,"North Plaza (X-1, Y-15) - ren6429",,,,580,450,FALSE,,,,,,,,,
"Pipistrello Industries (X-1, Y-20) - ren1496",left,"Pipistrello Industries (X-5, Y-17) - lor2564",,,,580,582,FALSE,,,,,,,,,
"Pipistrello Industries (X-1, Y-20) - ren1496",right,"Pipistrello Industries (X+1, Y-17) - lor1608",,,,580,583,FALSE,,,,,,,,,
"Pipistrello Industries (X-1, Y-20) - ren1496",warp (up),"Pipistrello Manor (X+0, Y+0) - ren1",,,,580,644,FALSE,,,,,,,,,
"Pipistrello Industries (X-10, Y-17) - lor2599",right,"Pipistrello Industries (X-5, Y-17) - lor2564",,,,581,582,FALSE,,,,,,,,,
"Pipistrello Industries (X-5, Y-17) - lor2564",right,"Pipistrello Industries (X-1, Y-20) - ren1496",,,,582,580,FALSE,,,,,,,,,
"Pipistrello Industries (X-5, Y-17) - lor2564",left,"Pipistrello Industries (X-10, Y-17) - lor2599",,,,582,581,FALSE,,,,,,,,,
"Pipistrello Industries (X+1, Y-17) - lor1608",left,"Pipistrello Industries (X-1, Y-20) - ren1496",,,,583,580,FALSE,,,,,,,,,
"Pipistrello Industries (X+1, Y-17) - lor1608",right,"Pipistrello Industries (X+5, Y-17) - lor2521",,,,583,584,FALSE,,,,,,,,,
"Pipistrello Industries (X+5, Y-17) - lor2521",down,"Fadalins Neighborhood (X+8, Y-15) - lor2641",,,,584,146,FALSE,,,,,,,,,
"Pipistrello Industries (X+5, Y-17) - lor2521",left,"Pipistrello Industries (X+1, Y-17) - lor1608",,,,584,583,FALSE,,,,,,,,,
"Pipistrello Laboratory (X+0, Y+3) - ren2465",down,"Pipistrello Laboratory (X+0, Y+4) - ren2333",,,,585,587,FALSE,,,,,,,,,
"Pipistrello Laboratory (X-5, Y+4) - ren2366",down,"Pipistrello Laboratory (X-5, Y+5) - ren2385",,,,586,589,FALSE,,,,,,,,,
"Pipistrello Laboratory (X-5, Y+4) - ren2366",down,"Pipistrello Laboratory (X-3, Y+5) - ren2357",,,,586,590,FALSE,,,,,,,,,
"Pipistrello Laboratory (X+0, Y+4) - ren2333",up,"Pipistrello Laboratory (X+0, Y+3) - ren2465",,,,587,585,FALSE,,,,,,,,,
"Pipistrello Laboratory (X+0, Y+4) - ren2333",left,"Pipistrello Laboratory (X-1, Y+5) - ren2353",,,,587,591,FALSE,,,,,,,,,
"Pipistrello Laboratory (X+0, Y+4) - ren2333",right,"Pipistrello Laboratory (X+2, Y+5) - ren2350",,,,587,592,FALSE,,,,,,,,,
"Pipistrello Laboratory (X+0, Y+4) - ren2333",left,"Pipistrello Laboratory (X-3, Y+6) - ren2768",,,,587,593,FALSE,,,,,,,,,
"Pipistrello Laboratory (X+4, Y+4) - lor382",left,"Pipistrello Laboratory (X+2, Y+5) - ren2350",,,,588,592,FALSE,,,,,,,,,
"Pipistrello Laboratory (X-5, Y+5) - ren2385",up,"Pipistrello Laboratory (X-5, Y+4) - ren2366",,,,589,586,FALSE,,,,,,,,,
"Pipistrello Laboratory (X-5, Y+5) - ren2385",right,"Pipistrello Laboratory (X-3, Y+6) - ren2768",,,,589,593,FALSE,,,,,,,,,
"Pipistrello Laboratory (X-5, Y+5) - ren2385",down,"Pipistrello Laboratory (X-5, Y+7) - ren2397",,,,589,594,FALSE,,,,,,,,,
"Pipistrello Laboratory (X-5, Y+5) - ren2385",down,"Pipistrello Laboratory (X-4, Y+7) - ren2436",,,,589,595,FALSE,,,,,,,,,
"Pipistrello Laboratory (X-3, Y+5) - ren2357",up,"Pipistrello Laboratory (X-5, Y+4) - ren2366",,,,590,586,FALSE,,,,,,,,,
"Pipistrello Laboratory (X-3, Y+5) - ren2357",right,"Pipistrello Laboratory (X-1, Y+5) - ren2353",,,,590,591,FALSE,,,,,,,,,
"Pipistrello Laboratory (X-1, Y+5) - ren2353",right,"Pipistrello Laboratory (X+0, Y+4) - ren2333",,,,591,587,FALSE,,,,,,,,,
"Pipistrello Laboratory (X-1, Y+5) - ren2353",left,"Pipistrello Laboratory (X-3, Y+5) - ren2357",,,,591,590,FALSE,,,,,,,,,
"Pipistrello Laboratory (X+2, Y+5) - ren2350",left,"Pipistrello Laboratory (X+0, Y+4) - ren2333",,,,592,587,FALSE,,,,,,,,,
"Pipistrello Laboratory (X+2, Y+5) - ren2350",right,"Pipistrello Laboratory (X+4, Y+4) - lor382",,,,592,588,FALSE,,,,,,,,,
"Pipistrello Laboratory (X-3, Y+6) - ren2768",right,"Pipistrello Laboratory (X+0, Y+4) - ren2333",,,,593,587,FALSE,,,,,,,,,
"Pipistrello Laboratory (X-3, Y+6) - ren2768",left,"Pipistrello Laboratory (X-5, Y+5) - ren2385",,,,593,589,FALSE,,,,,,,,,
"Pipistrello Laboratory (X-5, Y+7) - ren2397",up,"Pipistrello Laboratory (X-5, Y+5) - ren2385",,,,594,589,FALSE,,,,,,,,,
"Pipistrello Laboratory (X-5, Y+7) - ren2397",down,"Pipistrello Laboratory (X-5, Y+8) - ren2406",,,,594,597,FALSE,,,,,,,,,
"Pipistrello Laboratory (X-4, Y+7) - ren2436",up,"Pipistrello Laboratory (X-5, Y+5) - ren2385",,,,595,589,FALSE,,,,,,,,,
"Pipistrello Laboratory (X-4, Y+7) - ren2436",right,"Pipistrello Laboratory (X-2, Y+7) - ren2426",,,,595,596,FALSE,,,,,,,,,
"Pipistrello Laboratory (X-2, Y+7) - ren2426",left,"Pipistrello Laboratory (X-4, Y+7) - ren2436",,,,596,595,FALSE,,,,,,,,,
"Pipistrello Laboratory (X-2, Y+7) - ren2426",left,"Pipistrello Laboratory (X-3, Y+8) - ren2418",,,,596,598,FALSE,,,,,,,,,
"Pipistrello Laboratory (X-5, Y+8) - ren2406",up,"Pipistrello Laboratory (X-5, Y+7) - ren2397",,,,597,594,FALSE,,,,,,,,,
"Pipistrello Laboratory (X-5, Y+8) - ren2406",right,"Pipistrello Laboratory (X-3, Y+8) - ren2418",,,,597,598,FALSE,,,,,,,,,
"Pipistrello Laboratory (X-3, Y+8) - ren2418",right,"Pipistrello Laboratory (X-2, Y+7) - ren2426",,,,598,596,FALSE,,,,,,,,,
"Pipistrello Laboratory (X-3, Y+8) - ren2418",left,"Pipistrello Laboratory (X-5, Y+8) - ren2406",,,,598,597,FALSE,,,,,,,,,
"Pipistrello Manor (X-4, Y-6) - ren2292",right,"Pipistrello Manor (X-3, Y-6) - ren1998",,,,599,600,FALSE,,,,,,,,,
"Pipistrello Manor (X-4, Y-6) - ren2292",down,"Pipistrello Manor (X-4, Y-5) - ren2302",,,,599,607,FALSE,,,,,,,,,
"Pipistrello Manor (X-3, Y-6) - ren1998",left,"Pipistrello Manor (X-4, Y-6) - ren2292",,,,600,599,FALSE,,,,,,,,,
"Pipistrello Manor (X-3, Y-6) - ren1998",down,"Pipistrello Manor (X-3, Y-5) - ren1970",,,,600,608,FALSE,,,,,,,,,
"Pipistrello Manor (X-2, Y-6) - ren1686",right,"Pipistrello Manor (X-1, Y-6) - ren1677",,,,601,602,FALSE,,,,,,,,,
"Pipistrello Manor (X-2, Y-6) - ren1686",down,"Pipistrello Manor (X-2, Y-5) - ren1706",,,,601,609,FALSE,,,,,,,,,
"Pipistrello Manor (X-1, Y-6) - ren1677",left,"Pipistrello Manor (X-2, Y-6) - ren1686",,,,602,601,FALSE,,,,,,,,,
"Pipistrello Manor (X-1, Y-6) - ren1677",right,"Pipistrello Manor (X+0, Y-6) - ren2098",,,,602,603,FALSE,,,,,,,,,
"Pipistrello Manor (X-1, Y-6) - ren1677",down,"Pipistrello Manor (X-1, Y-5) - ren1651",,,,602,610,FALSE,,,,,,,,,
"Pipistrello Manor (X+0, Y-6) - ren2098",left,"Pipistrello Manor (X-1, Y-6) - ren1677",,,,603,602,FALSE,,,,,,,,,
"Pipistrello Manor (X+0, Y-6) - ren2098",down,"Pipistrello Manor (X+0, Y-5) - ren2063",,,,603,611,FALSE,,,,,,,,,
"Pipistrello Manor (X+1, Y-6) - ren2931",right,"Pipistrello Manor (X+3, Y-6) - ren2970",,,,604,605,FALSE,,,,,,,,,
"Pipistrello Manor (X+1, Y-6) - ren2931",down,"Pipistrello Manor (X+2, Y-5) - ren2200",,,,604,613,FALSE,,,,,,,,,
"Pipistrello Manor (X+3, Y-6) - ren2970",left,"Pipistrello Manor (X+1, Y-6) - ren2931",,,,605,604,FALSE,,,,,,,,,
"Pipistrello Manor (X+3, Y-6) - ren2970",right,"Pipistrello Manor (X+4, Y-6) - ren3006",,,,605,606,FALSE,,,,,,,,,
"Pipistrello Manor (X+4, Y-6) - ren3006",left,"Pipistrello Manor (X+3, Y-6) - ren2970",,,,606,605,FALSE,,,,,,,,,
"Pipistrello Manor (X+4, Y-6) - ren3006",left,"Pipistrello Manor (X+3, Y-5) - ren3016",,,,606,614,FALSE,,,,,,,,,
"Pipistrello Manor (X-4, Y-5) - ren2302",up,"Pipistrello Manor (X-4, Y-6) - ren2292",,,,607,599,FALSE,,,,,,,,,
"Pipistrello Manor (X-4, Y-5) - ren2302",down,"Pipistrello Manor (X-4, Y-4) - ren1784",,,,607,615,FALSE,,,,,,,,,
"Pipistrello Manor (X-3, Y-5) - ren1970",up,"Pipistrello Manor (X-3, Y-6) - ren1998",,,,608,600,FALSE,,,,,,,,,
"Pipistrello Manor (X-3, Y-5) - ren1970",down,"Pipistrello Manor (X-3, Y-4) - ren1812",,,,608,616,FALSE,,,,,,,,,
"Pipistrello Manor (X-2, Y-5) - ren1706",up,"Pipistrello Manor (X-2, Y-6) - ren1686",,,,609,601,FALSE,,,,,,,,,
"Pipistrello Manor (X-2, Y-5) - ren1706",right,"Pipistrello Manor (X-1, Y-5) - ren1651",,,,609,610,FALSE,,,,,,,,,
"Pipistrello Manor (X-1, Y-5) - ren1651",up,"Pipistrello Manor (X-1, Y-6) - ren1677",,,,610,602,FALSE,,,,,,,,,
"Pipistrello Manor (X-1, Y-5) - ren1651",left,"Pipistrello Manor (X-2, Y-5) - ren1706",,,,610,609,FALSE,,,,,,,,,
"Pipistrello Manor (X-1, Y-5) - ren1651",right,"Pipistrello Manor (X+0, Y-5) - ren2063",,,,610,611,FALSE,,,,,,,,,
"Pipistrello Manor (X+0, Y-5) - ren2063",up,"Pipistrello Manor (X+0, Y-6) - ren2098",,,,611,603,FALSE,,,,,,,,,
"Pipistrello Manor (X+0, Y-5) - ren2063",left,"Pipistrello Manor (X-1, Y-5) - ren1651",,,,611,610,FALSE,,,,,,,,,
"Pipistrello Manor (X+0, Y-5) - ren2063",right,"Pipistrello Manor (X+1, Y-5) - ren2313",,,,611,612,FALSE,,,,,,,,,
"Pipistrello Manor (X+0, Y-5) - ren2063",down,"Pipistrello Manor (X-1, Y-4) - ren2657",,,,611,618,FALSE,,,,,,,,,
"Pipistrello Manor (X+1, Y-5) - ren2313",left,"Pipistrello Manor (X+0, Y-5) - ren2063",,,,612,611,FALSE,,,,,,,,,
"Pipistrello Manor (X+1, Y-5) - ren2313",right,"Pipistrello Manor (X+2, Y-5) - ren2200",,,,612,613,FALSE,,,,,,,,,
"Pipistrello Manor (X+2, Y-5) - ren2200",up,"Pipistrello Manor (X+1, Y-6) - ren2931",,,,613,604,FALSE,,,,,,,,,
"Pipistrello Manor (X+2, Y-5) - ren2200",left,"Pipistrello Manor (X+1, Y-5) - ren2313",,,,613,612,FALSE,,,,,,,,,
"Pipistrello Manor (X+2, Y-5) - ren2200",left,"Pipistrello Manor (X-1, Y-4) - ren2657",,,,613,618,FALSE,,,,,,,,,
"Pipistrello Manor (X+2, Y-5) - ren2200",right,"Pipistrello Manor (X+3, Y-4) - ren2220",,,,613,619,FALSE,,,,,,,,,
"Pipistrello Manor (X+3, Y-5) - ren3016",right,"Pipistrello Manor (X+4, Y-6) - ren3006",,,,614,606,FALSE,,,,,,,,,
"Pipistrello Manor (X-4, Y-4) - ren1784",up,"Pipistrello Manor (X-4, Y-5) - ren2302",,,,615,607,FALSE,,,,,,,,,
"Pipistrello Manor (X-4, Y-4) - ren1784",right,"Pipistrello Manor (X-3, Y-4) - ren1812",,,,615,616,FALSE,,,,,,,,,
"Pipistrello Manor (X-3, Y-4) - ren1812",up,"Pipistrello Manor (X-3, Y-5) - ren1970",,,,616,608,FALSE,,,,,,,,,
"Pipistrello Manor (X-3, Y-4) - ren1812",left,"Pipistrello Manor (X-4, Y-4) - ren1784",,,,616,615,FALSE,,,,,,,,,
"Pipistrello Manor (X-3, Y-4) - ren1812",right,"Pipistrello Manor (X-2, Y-4) - ren1761",,,,616,617,FALSE,,,,,,,,,
"Pipistrello Manor (X-2, Y-4) - ren1761",left,"Pipistrello Manor (X-3, Y-4) - ren1812",,,,617,616,FALSE,,,,,,,,,
"Pipistrello Manor (X-2, Y-4) - ren1761",right,"Pipistrello Manor (X-1, Y-4) - ren2657",,,,617,618,FALSE,,,,,,,,,
"Pipistrello Manor (X-1, Y-4) - ren2657",up,"Pipistrello Manor (X+0, Y-5) - ren2063",,,,618,611,FALSE,,,,,,,,,
"Pipistrello Manor (X-1, Y-4) - ren2657",right,"Pipistrello Manor (X+2, Y-5) - ren2200",,,,618,613,FALSE,,,,,,,,,
"Pipistrello Manor (X-1, Y-4) - ren2657",left,"Pipistrello Manor (X-2, Y-4) - ren1761",,,,618,617,FALSE,,,,,,,,,
"Pipistrello Manor (X-1, Y-4) - ren2657",left,"Pipistrello Manor (X-2, Y-3) - ren1829",,,,618,623,FALSE,,,,,,,,,
"Pipistrello Manor (X-1, Y-4) - ren2657",right,"Pipistrello Manor (X+2, Y-3) - lor104",,,,618,624,FALSE,,,,,,,,,
"Pipistrello Manor (X-1, Y-4) - ren2657",down,"Pipistrello Manor (X+0, Y-1) - ren2177",,,,618,636,FALSE,,,,,,,,,
"Pipistrello Manor (X+3, Y-4) - ren2220",left,"Pipistrello Manor (X+2, Y-5) - ren2200",,,,619,613,FALSE,,,,,,,,,
"Pipistrello Manor (X+3, Y-4) - ren2220",right,"Pipistrello Manor (X+4, Y-4) - ren2229",,,,619,620,FALSE,,,,,,,,,
"Pipistrello Manor (X+4, Y-4) - ren2229",left,"Pipistrello Manor (X+3, Y-4) - ren2220",,,,620,619,FALSE,,,,,,,,,
"Pipistrello Manor (X+4, Y-4) - ren2229",down,"Pipistrello Manor (X+4, Y-3) - ren2258",,,,620,625,FALSE,,,,,,,,,
"Pipistrello Manor (X-4, Y-3) - ren1852",right,"Pipistrello Manor (X-3, Y-3) - ren2320",,,,621,622,FALSE,,,,,,,,,
"Pipistrello Manor (X-4, Y-3) - ren1852",down,"Pipistrello Manor (X-4, Y-2) - ren1628",,,,621,626,FALSE,,,,,,,,,
"Pipistrello Manor (X-3, Y-3) - ren2320",left,"Pipistrello Manor (X-4, Y-3) - ren1852",,,,622,621,FALSE,,,,,,,,,
"Pipistrello Manor (X-3, Y-3) - ren2320",right,"Pipistrello Manor (X-2, Y-3) - ren1829",,,,622,623,FALSE,,,,,,,,,
"Pipistrello Manor (X-2, Y-3) - ren1829",right,"Pipistrello Manor (X-1, Y-4) - ren2657",,,,623,618,FALSE,,,,,,,,,
"Pipistrello Manor (X-2, Y-3) - ren1829",left,"Pipistrello Manor (X-3, Y-3) - ren2320",,,,623,622,FALSE,,,,,,,,,
"Pipistrello Manor (X-2, Y-3) - ren1829",down,"Pipistrello Manor (X-2, Y-2) - ren1994",,,,623,628,FALSE,,,,,,,,,
"Pipistrello Manor (X+2, Y-3) - lor104",warp (down),"Abandoned Tunnels (X+0, Y+0) - ren1",FALSE,FALSE,7:15:50 PM,624,2,FALSE,,,,,,,,,
"Pipistrello Manor (X+2, Y-3) - lor104",down,"Pipistrello Manor (X+2, Y-2) - ren84",,,,624,629,FALSE,,,,,,,,,
"Pipistrello Manor (X+4, Y-3) - ren2258",up,"Pipistrello Manor (X+4, Y-4) - ren2229",,,,625,620,FALSE,,,,,,,,,
"Pipistrello Manor (X+4, Y-3) - ren2258",down,"Pipistrello Manor (X+4, Y-2) - ren2273",,,,625,631,FALSE,,,,,,,,,
"Pipistrello Manor (X-4, Y-2) - ren1628",up,"Pipistrello Manor (X-4, Y-3) - ren1852",,,,626,621,FALSE,,,,,,,,,
"Pipistrello Manor (X-4, Y-2) - ren1628",right,"Pipistrello Manor (X-3, Y-2) - ren1840",,,,626,627,FALSE,,,,,,,,,
"Pipistrello Manor (X-3, Y-2) - ren1840",left,"Pipistrello Manor (X-4, Y-2) - ren1628",,,,627,626,FALSE,,,,,,,,,
"Pipistrello Manor (X-3, Y-2) - ren1840",right,"Pipistrello Manor (X-2, Y-2) - ren1994",,,,627,628,FALSE,,,,,,,,,
"Pipistrello Manor (X-2, Y-2) - ren1994",up,"Pipistrello Manor (X-2, Y-3) - ren1829",,,,628,623,FALSE,,,,,,,,,
"Pipistrello Manor (X-2, Y-2) - ren1994",left,"Pipistrello Manor (X-3, Y-2) - ren1840",,,,628,627,FALSE,,,,,,,,,
"Pipistrello Manor (X+2, Y-2) - ren84",up,"Pipistrello Manor (X+2, Y-3) - lor104",,,,629,624,FALSE,,,,,,,,,
"Pipistrello Manor (X+2, Y-2) - ren84",right,"Pipistrello Manor (X+3, Y-2) - ren670",,,,629,630,FALSE,,,,,,,,,
"Pipistrello Manor (X+2, Y-2) - ren84",down,"Pipistrello Manor (X+2, Y-1) - ren655",,,,629,638,FALSE,,,,,,,,,
"Pipistrello Manor (X+3, Y-2) - ren670",left,"Pipistrello Manor (X+2, Y-2) - ren84",,,,630,629,FALSE,,,,,,,,,
"Pipistrello Manor (X+4, Y-2) - ren2273",up,"Pipistrello Manor (X+4, Y-3) - ren2258",,,,631,625,FALSE,,,,,,,,,
"Pipistrello Manor (X-4, Y-1) - ren1945",right,"Pipistrello Manor (X-3, Y-1) - ren1710",,,,632,633,FALSE,,,,,,,,,
"Pipistrello Manor (X-3, Y-1) - ren1710",left,"Pipistrello Manor (X-4, Y-1) - ren1945",,,,633,632,FALSE,,,,,,,,,
"Pipistrello Manor (X-3, Y-1) - ren1710",right,"Pipistrello Manor (X-2, Y-1) - ren1914",,,,633,634,FALSE,,,,,,,,,
"Pipistrello Manor (X-3, Y-1) - ren1710",down,"Pipistrello Manor (X-4, Y+0) - ren1731",,,,633,641,FALSE,,,,,,,,,
"Pipistrello Manor (X-2, Y-1) - ren1914",left,"Pipistrello Manor (X-3, Y-1) - ren1710",,,,634,633,FALSE,,,,,,,,,
"Pipistrello Manor (X-2, Y-1) - ren1914",right,"Pipistrello Manor (X-1, Y-1) - ren1643",,,,634,635,FALSE,,,,,,,,,
"Pipistrello Manor (X-2, Y-1) - ren1914",down,"Pipistrello Manor (X-2, Y+0) - ren1754",,,,634,642,FALSE,,,,,,,,,
"Pipistrello Manor (X-1, Y-1) - ren1643",left,"Pipistrello Manor (X-2, Y-1) - ren1914",,,,635,634,FALSE,,,,,,,,,
"Pipistrello Manor (X-1, Y-1) - ren1643",right,"Pipistrello Manor (X+0, Y-1) - ren2177",,,,635,636,FALSE,,,,,,,,,
"Pipistrello Manor (X+0, Y-1) - ren2177",up,"Pipistrello Manor (X-1, Y-4) - ren2657",,,,636,618,FALSE,,,,,,,,,
"Pipistrello Manor (X+0, Y-1) - ren2177",left,"Pipistrello Manor (X-1, Y-1) - ren1643",,,,636,635,FALSE,,,,,,,,,
"Pipistrello Manor (X+0, Y-1) - ren2177",right,"Pipistrello Manor (X+1, Y-1) - ren2187",,,,636,637,FALSE,,,,,,,,,
"Pipistrello Manor (X+1, Y-1) - ren2187",left,"Pipistrello Manor (X+0, Y-1) - ren2177",,,,637,636,FALSE,,,,,,,,,
"Pipistrello Manor (X+2, Y-1) - ren655",up,"Pipistrello Manor (X+2, Y-2) - ren84",,,,638,629,FALSE,,,,,,,,,
"Pipistrello Manor (X+2, Y-1) - ren655",right,"Pipistrello Manor (X+3, Y-1) - ren33",,,,638,639,FALSE,,,,,,,,,
"Pipistrello Manor (X+3, Y-1) - ren33",left,"Pipistrello Manor (X+2, Y-1) - ren655",,,,639,638,FALSE,,,,,,,,,
"Pipistrello Manor (X+3, Y-1) - ren33",right,"Pipistrello Manor (X+4, Y-1) - ren3041",,,,639,640,FALSE,,,,,,,,,
"Pipistrello Manor (X+4, Y-1) - ren3041",left,"Pipistrello Manor (X+3, Y-1) - ren33",,,,640,639,FALSE,,,,,,,,,
"Pipistrello Manor (X+4, Y-1) - ren3041",down,"Pipistrello Manor (X+4, Y+0) - ren632",,,,640,648,FALSE,,,,,,,,,
"Pipistrello Manor (X-4, Y+0) - ren1731",up,"Pipistrello Manor (X-3, Y-1) - ren1710",,,,641,633,FALSE,,,,,,,,,
"Pipistrello Manor (X-4, Y+0) - ren1731",right,"Pipistrello Manor (X-2, Y+0) - ren1754",,,,641,642,FALSE,,,,,,,,,
"Pipistrello Manor (X-2, Y+0) - ren1754",up,"Pipistrello Manor (X-2, Y-1) - ren1914",,,,642,634,FALSE,,,,,,,,,
"Pipistrello Manor (X-2, Y+0) - ren1754",left,"Pipistrello Manor (X-4, Y+0) - ren1731",,,,642,641,FALSE,,,,,,,,,
"Pipistrello Manor (X-2, Y+0) - ren1754",right,"Pipistrello Manor (X-1, Y+0) - ren1939",,,,642,643,FALSE,,,,,,,,,
"Pipistrello Manor (X-1, Y+0) - ren1939",left,"Pipistrello Manor (X-2, Y+0) - ren1754",,,,643,642,FALSE,,,,,,,,,
"Pipistrello Manor (X-1, Y+0) - ren1939",right,"Pipistrello Manor (X+0, Y+0) - ren1",,,,643,644,FALSE,,,,,,,,,
"Pipistrello Manor (X+0, Y+0) - ren1",warp (down),"Pipistrello Industries (X-1, Y-20) - ren1496",,,,644,580,FALSE,,,,,,,,,
"Pipistrello Manor (X+0, Y+0) - ren1",left,"Pipistrello Manor (X-1, Y+0) - ren1939",,,,644,643,FALSE,,,,,,,,,
"Pipistrello Manor (X+0, Y+0) - ren1",right,"Pipistrello Manor (X+1, Y+0) - ren3",,,,644,645,FALSE,,,,,,,,,
"Pipistrello Manor (X+1, Y+0) - ren3",left,"Pipistrello Manor (X+0, Y+0) - ren1",,,,645,644,FALSE,,,,,,,,,
"Pipistrello Manor (X+1, Y+0) - ren3",right,"Pipistrello Manor (X+2, Y+0) - ren27",,,,645,646,FALSE,,,,,,,,,
"Pipistrello Manor (X+2, Y+0) - ren27",left,"Pipistrello Manor (X+1, Y+0) - ren3",,,,646,645,FALSE,,,,,,,,,
"Pipistrello Manor (X+2, Y+0) - ren27",right,"Pipistrello Manor (X+3, Y+0) - ren722",,,,646,647,FALSE,,,,,,,,,
"Pipistrello Manor (X+3, Y+0) - ren722",left,"Pipistrello Manor (X+2, Y+0) - ren27",,,,647,646,FALSE,,,,,,,,,
"Pipistrello Manor (X+3, Y+0) - ren722",right,"Pipistrello Manor (X+4, Y+0) - ren632",,,,647,648,FALSE,,,,,,,,,
"Pipistrello Manor (X+4, Y+0) - ren632",up,"Pipistrello Manor (X+4, Y-1) - ren3041",,,,648,640,FALSE,,,,,,,,,
"Pipistrello Manor (X+4, Y+0) - ren632",left,"Pipistrello Manor (X+3, Y+0) - ren722",,,,648,647,FALSE,,,,,,,,,
"Plaza Roquefort Shopping Mall (X-4, Y-7) - ren4854",down,"Plaza Roquefort Shopping Mall (X-4, Y-5) - ren4855",FALSE,FALSE,,650,666,FALSE,,,,,,,,,
"Plaza Roquefort Shopping Mall (X-3, Y-7) - ren4853",left,"Plaza Roquefort Shopping Mall (X-4, Y-7) - ren4854",FALSE,FALSE,,651,650,FALSE,,,,,,,,,
"Plaza Roquefort Shopping Mall (X-3, Y-7) - ren4853",right,"Plaza Roquefort Shopping Mall (X-2, Y-7) - ren4851",FALSE,TRUE,,651,652,FALSE,SS+,FALSE,TRUE,AND SS,TRUE,TRUE,FALSE,FALSE,
"Plaza Roquefort Shopping Mall (X-2, Y-7) - ren4851",right,"Plaza Roquefort Shopping Mall (X-1, Y-7) - ren4852",FALSE,TRUE,,652,653,FALSE,SS+,FALSE,TRUE,AND SS OR UFO Throw,AND SS OR UFO Throw,TRUE,FALSE,FALSE,
"Plaza Roquefort Shopping Mall (X-1, Y-7) - ren4852",down,"Plaza Roquefort Shopping Mall (X-1, Y-6) - ren8828",FALSE,TRUE,,653,661,FALSE,,,,,,,,,
"Plaza Roquefort Shopping Mall (X+0, Y-7) - ren8916",down,"Plaza Roquefort Shopping Mall (X+0, Y-6) - ren8933",FALSE,TRUE,,654,662,FALSE,FALSE,FALSE,TRUE,FALSE,AND SS+,TRUE,FALSE,FALSE,
"Plaza Roquefort Shopping Mall (X+1, Y-7) - ren32042",right,"Plaza Roquefort Shopping Mall (X+2, Y-7) - ren32264",FALSE,FALSE,,655,656,FALSE,,,,,,,,,
"Plaza Roquefort Shopping Mall (X+2, Y-7) - ren32264",right,"Plaza Roquefort Shopping Mall (X+3, Y-7) - ren32290",FALSE,FALSE,,656,657,FALSE,,,,,,,,,
"Plaza Roquefort Shopping Mall (X+3, Y-7) - ren32290",right,"Plaza Roquefort Shopping Mall (X+4, Y-7) - ren32055",FALSE,FALSE,,657,658,FALSE,,,,,,,,,
"Plaza Roquefort Shopping Mall (X+4, Y-7) - ren32055",down,"Plaza Roquefort Shopping Mall (X+4, Y-6) - ren32000",FALSE,FALSE,,658,665,FALSE,,,,,,,,,
"Plaza Roquefort Shopping Mall (X-3, Y-6) - ren4847",up,"Plaza Roquefort Shopping Mall (X-3, Y-7) - ren4853",FALSE,FALSE,,659,651,FALSE,,,,,,,,,
"Plaza Roquefort Shopping Mall (X-2, Y-6) - ren8844",left,"Plaza Roquefort Shopping Mall (X-3, Y-6) - ren4847",FALSE,FALSE,,660,659,FALSE,,,,,,,,,
"Plaza Roquefort Shopping Mall (X-1, Y-6) - ren8828",up,"Plaza Roquefort Shopping Mall (X+0, Y-7) - ren8916",FALSE,FALSE,,661,654,FALSE,,,,,,,,,
"Plaza Roquefort Shopping Mall (X+0, Y-6) - ren8933",down,"Plaza Roquefort Shopping Mall (X+0, Y-5) - ren4845",FALSE,TRUE,,662,670,FALSE,,,,,,,,,
"Plaza Roquefort Shopping Mall (X+1, Y-6) - ren32011",up,"Plaza Roquefort Shopping Mall (X+1, Y-7) - ren32042",FALSE,FALSE,,663,655,FALSE,,,,,,,,,
"Plaza Roquefort Shopping Mall (X+1, Y-6) - ren32011",down,"Plaza Roquefort Shopping Mall (X+1, Y-5) - lor835",FALSE,FALSE,,663,671,FALSE,,,,,,,,,
"Plaza Roquefort Shopping Mall (X+4, Y-6) - ren32000",left,"Plaza Roquefort Shopping Mall (X+3, Y-6) - ren31995",FALSE,TRUE,,665,664,FALSE,,,,,,,,,
"Plaza Roquefort Shopping Mall (X-4, Y-5) - ren4855",down,"Plaza Roquefort Shopping Mall (X-4, Y-4) - ren32609",FALSE,FALSE,,666,676,FALSE,,,,,,,,,
"Plaza Roquefort Shopping Mall (X-2, Y-5) - ren6584",up,"Plaza Roquefort Shopping Mall (X-2, Y-6) - ren8844",FALSE,FALSE,,668,660,FALSE,,,,,,,,,
"Plaza Roquefort Shopping Mall (X+0, Y-5) - ren4845",down,"Plaza Roquefort Shopping Mall (X+0, Y-3) - ren8970",FALSE,TRUE,,670,684,FALSE,,,,,,,,,
"Plaza Roquefort Shopping Mall (X+2, Y-5) - lor942",up,"Plaza Roquefort Shopping Mall (X+1, Y-6) - ren32011",FALSE,FALSE,,672,663,FALSE,,,,,,,,,
"Plaza Roquefort Shopping Mall (X+3, Y-5) - ren4358",left,"Plaza Roquefort Shopping Mall (X+2, Y-5) - lor942",FALSE,FALSE,,673,672,FALSE,,,,,,,,,
"Plaza Roquefort Shopping Mall (X+4, Y-5) - ren4297",left,"Plaza Roquefort Shopping Mall (X+3, Y-5) - ren4358",FALSE,FALSE,,674,673,FALSE,,,,,,,,,
"Plaza Roquefort Shopping Mall (X-4, Y-4) - ren32609",up,"Plaza Roquefort Shopping Mall (X-3, Y-5) - ren32638",FALSE,FALSE,,676,667,FALSE,,,,,,,,,
"Plaza Roquefort Shopping Mall (X-4, Y-4) - ren32609",down,"Plaza Roquefort Shopping Mall (X-4, Y-3) - ren32628",FALSE,TRUE,,676,682,FALSE,FALSE,FALSE,TRUE,AND Wall Ride,AND SS+,AND Wall-Dash OR SS,FALSE,FALSE,
"Plaza Roquefort Shopping Mall (X-2, Y-4) - ren4471",up,"Plaza Roquefort Shopping Mall (X-2, Y-5) - ren6584",FALSE,FALSE,,677,668,FALSE,,,,,,,,,
"Plaza Roquefort Shopping Mall (X-2, Y-4) - ren4471",up,"Plaza Roquefort Shopping Mall (X-1, Y-5) - yug6",FALSE,TRUE,,677,669,FALSE,SS,FALSE,TRUE,FALSE,TRUE,TRUE,FALSE,FALSE,
"Plaza Roquefort Shopping Mall (X-2, Y-4) - ren4471",right,"Plaza Roquefort Shopping Mall (X+0, Y-3) - ren8970",FALSE,TRUE,,677,684,FALSE,SS+,FALSE,TRUE,FALSE,TRUE,TRUE,FALSE,FALSE,
"Plaza Roquefort Shopping Mall (X+2, Y-4) - ren4203",right,"Plaza Roquefort Shopping Mall (X+3, Y-4) - ren4204",FALSE,FALSE,,678,679,FALSE,,,,,,,,,
"Plaza Roquefort Shopping Mall (X+3, Y-4) - ren4204",down,"Plaza Roquefort Shopping Mall (X+3, Y-3) - ren4202",FALSE,FALSE,,679,686,FALSE,,,,,,,,,
"Plaza Roquefort Shopping Mall (X+4, Y-4) - ren4254",up,"Plaza Roquefort Shopping Mall (X+4, Y-5) - ren4297",FALSE,FALSE,,680,674,FALSE,,,,,,,,,
"Plaza Roquefort Shopping Mall (X-6, Y-3) - ren461",up,"Plaza Roquefort Shopping Mall (X-6, Y-4) - yug223",FALSE,TRUE,,681,675,FALSE,FALSE,FALSE,TRUE,AND SS+ OR (UFO Throw AND SS),AND SS+ OR (Wall-Dash + SS),TRUE,FALSE,FALSE,Starting point shoul be X-6 Y-1 as thats the only way to get onto the water
"Plaza Roquefort Shopping Mall (X+1, Y-3) - ren4438",up,"Plaza Roquefort Shopping Mall (X+2, Y-4) - ren4203",FALSE,FALSE,,685,678,FALSE,,,,,,,,,
"Plaza Roquefort Shopping Mall (X+3, Y-3) - ren4202",right,"Plaza Roquefort Shopping Mall (X+4, Y-3) - ren4205",FALSE,FALSE,,686,687,FALSE,,,,,,,,,
"Plaza Roquefort Shopping Mall (X+4, Y-3) - ren4205",up,"Plaza Roquefort Shopping Mall (X+4, Y-4) - ren4254",FALSE,FALSE,,687,680,FALSE,,,,,,,,,
"Plaza Roquefort Shopping Mall (X-6, Y-2) - ren425",up,"Plaza Roquefort Shopping Mall (X-6, Y-3) - ren461",FALSE,FALSE,,688,681,FALSE,,,,,,,,,
"Plaza Roquefort Shopping Mall (X-4, Y-2) - ren4612",down,"Plaza Roquefort Shopping Mall (X-4, Y-1) - ren4598",FALSE,FALSE,,689,697,FALSE,,,,,,,,,
"Plaza Roquefort Shopping Mall (X-3, Y-2) - ren561",up,"Plaza Roquefort Shopping Mall (X-3, Y-3) - ren4708",FALSE,FALSE,,690,683,FALSE,,,,,,,,,
"Plaza Roquefort Shopping Mall (X-3, Y-2) - ren561",left,"Plaza Roquefort Shopping Mall (X-4, Y-2) - ren4612",FALSE,FALSE,,690,689,FALSE,,,,,,,,,
"Plaza Roquefort Shopping Mall (X-2, Y-2) - ren2223",left,"Plaza Roquefort Shopping Mall (X-3, Y-2) - ren561",FALSE,TRUE,,691,690,FALSE,,,,,,,,,
"Plaza Roquefort Shopping Mall (X-1, Y-2) - ren3969 (Main)",warp (up),"Plaza Roquefort Shopping Mall (X+0, Y-9) - ren9749",TRUE,FALSE,,692,649,FALSE,,,,,,,,,
"Plaza Roquefort Shopping Mall (X-1, Y-2) - ren3969 (Main)",up,"Plaza Roquefort Shopping Mall (X-2, Y-4) - ren4471",FALSE,FALSE,,692,677,FALSE,,,,,,,,,
"Plaza Roquefort Shopping Mall (X-1, Y-2) - ren3969 (Main)",up,"Plaza Roquefort Shopping Mall (X+1, Y-3) - ren4438",FALSE,FALSE,,692,685,FALSE,,,,,,,,,
"Plaza Roquefort Shopping Mall (X-1, Y-2) - ren3969 (Main)",up,"Plaza Roquefort Shopping Mall (X-1, Y-2) - ren3969 (South)",FALSE,TRUE,,692,693,FALSE,,,,,,,,,
"Plaza Roquefort Shopping Mall (X-1, Y-2) - ren3969 (Main)",warp (up),"Plaza Roquefort Shopping Mall (X-6, Y-1) - ren3803",TRUE,FALSE,,692,696,FALSE,,,,,,,,,
"Plaza Roquefort Shopping Mall (X-1, Y-2) - ren3969 (Main)",right,"Plaza Roquefort Shopping Mall (X+2, Y-1) - ren4449 (South)",FALSE,FALSE,,692,701,FALSE,,,,,,,,,
"Plaza Roquefort Shopping Mall (X-1, Y-2) - ren3969 (Main)",warp (up),"Plaza Roquefort Shopping Mall (X+6, Y-1) - ren3609",TRUE,FALSE,,692,704,FALSE,,,,,,,,,
"Plaza Roquefort Shopping Mall (X-1, Y-2) - ren3969 (Main)",left,"Plaza Roquefort Shopping Mall (X-3, Y+0) - ren4466 (East)",FALSE,FALSE,,692,707,FALSE,,,,,,,,,
"Plaza Roquefort Shopping Mall (X-1, Y-2) - ren3969 (South)",down,"Plaza Roquefort Shopping Mall (X-1, Y-2) - ren3969 (Main)",FALSE,FALSE,,693,692,FALSE,,,,,,,,,
"Plaza Roquefort Shopping Mall (X-1, Y-2) - ren3969 (South)",warp (up),"Secret Frying-Oil Plant (X+0, Y+2) - ren5312 (North)",TRUE,FALSE,,693,778,FALSE,,,,,,,,,
"Plaza Roquefort Shopping Mall (X+3, Y-2) - ren8993",down,"Plaza Roquefort Shopping Mall (X+3, Y-1) - ren8995",FALSE,FALSE,,695,702,FALSE,,,,,,,,,
"Plaza Roquefort Shopping Mall (X-6, Y-1) - ren3803",up,"Plaza Roquefort Shopping Mall (X-6, Y-2) - ren425",FALSE,FALSE,,696,688,FALSE,,,,,,,,,
"Plaza Roquefort Shopping Mall (X-4, Y-1) - ren4598",right,"Plaza Roquefort Shopping Mall (X-3, Y-1) - ren4628",FALSE,TRUE,,697,698,FALSE,,,,,,,,,
"Plaza Roquefort Shopping Mall (X-3, Y-1) - ren4628",down,"Plaza Roquefort Shopping Mall (X-3, Y+0) - ren4466 (West)",FALSE,FALSE,,698,706,FALSE,,,,,,,,,
"Plaza Roquefort Shopping Mall (X-2, Y-1) - ren2055",up,"Plaza Roquefort Shopping Mall (X-2, Y-2) - ren2223",FALSE,FALSE,,699,691,FALSE,,,,,,,,,
"Plaza Roquefort Shopping Mall (X+2, Y-1) - ren4449 (North)",up,"Plaza Roquefort Shopping Mall (X+2, Y-2) - ren9305",FALSE,FALSE,,700,694,FALSE,,,,,,,,,
"Plaza Roquefort Shopping Mall (X+2, Y-1) - ren4449 (South)",right,"Plaza Roquefort Shopping Mall (X+3, Y+0) - ren9067",FALSE,FALSE,,701,708,FALSE,,,,,,,,,
"Plaza Roquefort Shopping Mall (X+3, Y-1) - ren8995",left,"Plaza Roquefort Shopping Mall (X+2, Y-1) - ren4449 (North)",FALSE,FALSE,,702,700,FALSE,,,,,,,,,
"Plaza Roquefort Shopping Mall (X+4, Y-1) - ren4805",up,"Plaza Roquefort Shopping Mall (X+3, Y-2) - ren8993",FALSE,FALSE,,703,695,FALSE,,,,,,,,,
"Plaza Roquefort Shopping Mall (X-3, Y+0) - ren4466 (East)",up,"Plaza Roquefort Shopping Mall (X-2, Y-1) - ren2055",FALSE,FALSE,,707,699,FALSE,,,,,,,,,
"Plaza Roquefort Shopping Mall (X+3, Y+0) - ren9067",right,"Plaza Roquefort Shopping Mall (X+4, Y+0) - ren5150",FALSE,FALSE,,708,709,FALSE,,,,,,,,,
"Plaza Roquefort Shopping Mall (X+4, Y+0) - ren5150",up,"Plaza Roquefort Shopping Mall (X+4, Y-1) - ren4805",FALSE,FALSE,,709,703,FALSE,,,,,,,,,
"Police Department (X+0, Y-4) - ren61",left,"Police Department (X-1, Y-4) - ren66",FALSE,FALSE,,711,710,FALSE,,,,,,,,,
"Police Department (X+1, Y-4) - ren28",left,"Police Department (X+0, Y-3) - lor197",FALSE,FALSE,,712,715,FALSE,,,,,,,,,
"Police Department (X+2, Y-4) - ren44",left,"Police Department (X+1, Y-4) - ren28",FALSE,FALSE,,713,712,FALSE,,,,,,,,,
"Police Department (X-1, Y-3) - lor193",down,"Police Department (X-1, Y-2) - lor209",FALSE,FALSE,,714,716,FALSE,,,,,,,,,
"Police Department (X+0, Y-3) - lor197",up,"Police Department (X+0, Y-4) - ren61",FALSE,TRUE,,715,711,FALSE,FALSE,FALSE,FALSE,AND UFO Throw,AND Wall-Dash,TRUE,FALSE,FALSE,The wall dash ufo combo requires walldashing into a slope so it pushes pippit upwards
"Police Department (X+0, Y-3) - lor197",left,"Police Department (X-1, Y-3) - lor193",FALSE,FALSE,,715,714,FALSE,,,,,,,,,
"Police Department (X+0, Y-3) - lor197",down,"Police Department (X+0, Y-2) - lor205",FALSE,FALSE,,715,717,FALSE,,,,,,,,,
"Police Department (X-1, Y-2) - lor209",down,"Police Department (X-1, Y-1) - lor288",FALSE,FALSE,,716,719,FALSE,,,,,,,,,
"Police Department (X+0, Y-2) - lor205",down,"Police Department (X+0, Y-1) - lor124",FALSE,FALSE,,717,720,FALSE,,,,,,,,,
"Police Department (X+1, Y-2) - lor221",up,"Police Department (X+2, Y-4) - ren44",FALSE,FALSE,,718,713,FALSE,,,,,,,,,
"Police Department (X-1, Y-1) - lor288",down,"Police Department (X-1, Y+0) - lor328",FALSE,FALSE,,719,723,FALSE,,,,,,,,,
"Police Department (X+1, Y-1) - lor264",up,"Police Department (X+1, Y-2) - lor221",FALSE,FALSE,,721,718,FALSE,,,,,,,,,
"Police Department (X+2, Y-1) - lor253",left,"Police Department (X+1, Y-1) - lor264",FALSE,FALSE,,722,721,FALSE,,,,,,,,,
"Police Department (X+0, Y+0) - lor2",right,"Police Department (X+1, Y+0) - lor7",FALSE,FALSE,,724,725,FALSE,,,,,,,,,
"Police Department (X+1, Y+0) - lor7",right,"Police Department (X+2, Y+0) - lor279",FALSE,FALSE,,725,726,FALSE,,,,,,,,,
"Police Department (X+2, Y+0) - lor279",up,"Police Department (X+2, Y-1) - lor253",FALSE,FALSE,,726,722,FALSE,,,,,,,,,
"PoultryFC Stadium (X-5, Y-6) - lor643",down,"PoultryFC Stadium (X-5, Y-5) - lor722",,,,727,736,FALSE,,,,,,,,,
"PoultryFC Stadium (X-5, Y-6) - lor643",down,"PoultryFC Stadium (X-4, Y-5) - lor713",,,,727,737,FALSE,,,,,,,,,
"PoultryFC Stadium (X-3, Y-6) - lor762",right,"PoultryFC Stadium (X-2, Y-6) - lor763",,,,728,729,FALSE,,,,,,,,,
"PoultryFC Stadium (X-3, Y-6) - lor762",down,"PoultryFC Stadium (X-3, Y-5) - lor642",,,,728,738,FALSE,,,,,,,,,
"PoultryFC Stadium (X-2, Y-6) - lor763",left,"PoultryFC Stadium (X-3, Y-6) - lor762",,,,729,728,FALSE,,,,,,,,,
"PoultryFC Stadium (X-2, Y-6) - lor763",right,"PoultryFC Stadium (X+0, Y-6) - lor630",,,,729,730,FALSE,,,,,,,,,
"PoultryFC Stadium (X+0, Y-6) - lor630",left,"PoultryFC Stadium (X-2, Y-6) - lor763",,,,730,729,FALSE,,,,,,,,,
"PoultryFC Stadium (X+0, Y-6) - lor630",right,"PoultryFC Stadium (X+2, Y-6) - lor988",,,,730,731,FALSE,,,,,,,,,
"PoultryFC Stadium (X+0, Y-6) - lor630",down,"PoultryFC Stadium (X-2, Y-4) - lor155",,,,730,745,FALSE,,,,,,,,,
"PoultryFC Stadium (X+2, Y-6) - lor988",left,"PoultryFC Stadium (X+0, Y-6) - lor630",,,,731,730,FALSE,,,,,,,,,
"PoultryFC Stadium (X+2, Y-6) - lor988",right,"PoultryFC Stadium (X+3, Y-6) - lor979",,,,731,732,FALSE,,,,,,,,,
"PoultryFC Stadium (X+2, Y-6) - lor988",down,"PoultryFC Stadium (X+2, Y-5) - lor961",,,,731,739,FALSE,,,,,,,,,
"PoultryFC Stadium (X+3, Y-6) - lor979",left,"PoultryFC Stadium (X+2, Y-6) - lor988",,,,732,731,FALSE,,,,,,,,,
"PoultryFC Stadium (X+4, Y-6) - lor833",right,"PoultryFC Stadium (X+5, Y-6) - lor941",,,,733,734,FALSE,,,,,,,,,
"PoultryFC Stadium (X+4, Y-6) - lor833",left,"PoultryFC Stadium (X+2, Y-5) - lor961",,,,733,739,FALSE,,,,,,,,,
"PoultryFC Stadium (X+4, Y-6) - lor833",right,"PoultryFC Stadium (X+5, Y-5) - lor840",,,,733,740,FALSE,,,,,,,,,
"PoultryFC Stadium (X+4, Y-6) - lor833",down,"PoultryFC Stadium (X+4, Y-4) - lor814",,,,733,746,FALSE,,,,,,,,,
"PoultryFC Stadium (X+5, Y-6) - lor941",left,"PoultryFC Stadium (X+4, Y-6) - lor833",,,,734,733,FALSE,,,,,,,,,
"PoultryFC Stadium (X+5, Y-6) - lor941",right,"PoultryFC Stadium (X+6, Y-6) - lor838",,,,734,735,FALSE,,,,,,,,,
"PoultryFC Stadium (X+6, Y-6) - lor838",left,"PoultryFC Stadium (X+5, Y-6) - lor941",,,,735,734,FALSE,,,,,,,,,
"PoultryFC Stadium (X+6, Y-6) - lor838",down,"PoultryFC Stadium (X+6, Y-5) - lor839",,,,735,741,FALSE,,,,,,,,,
"PoultryFC Stadium (X-5, Y-5) - lor722",up,"PoultryFC Stadium (X-5, Y-6) - lor643",,,,736,727,FALSE,,,,,,,,,
"PoultryFC Stadium (X-5, Y-5) - lor722",down,"PoultryFC Stadium (X-5, Y-4) - lor647",,,,736,742,FALSE,,,,,,,,,
"PoultryFC Stadium (X-4, Y-5) - lor713",up,"PoultryFC Stadium (X-5, Y-6) - lor643",,,,737,727,FALSE,,,,,,,,,
"PoultryFC Stadium (X-4, Y-5) - lor713",right,"PoultryFC Stadium (X-3, Y-5) - lor642",,,,737,738,FALSE,,,,,,,,,
"PoultryFC Stadium (X-3, Y-5) - lor642",up,"PoultryFC Stadium (X-3, Y-6) - lor762",,,,738,728,FALSE,,,,,,,,,
"PoultryFC Stadium (X-3, Y-5) - lor642",left,"PoultryFC Stadium (X-4, Y-5) - lor713",,,,738,737,FALSE,,,,,,,,,
"PoultryFC Stadium (X-3, Y-5) - lor642",down,"PoultryFC Stadium (X-3, Y-4) - lor641",,,,738,744,FALSE,,,,,,,,,
"PoultryFC Stadium (X+2, Y-5) - lor961",up,"PoultryFC Stadium (X+2, Y-6) - lor988",,,,739,731,FALSE,,,,,,,,,
"PoultryFC Stadium (X+2, Y-5) - lor961",right,"PoultryFC Stadium (X+4, Y-6) - lor833",,,,739,733,FALSE,,,,,,,,,
"PoultryFC Stadium (X+5, Y-5) - lor840",left,"PoultryFC Stadium (X+4, Y-6) - lor833",,,,740,733,FALSE,,,,,,,,,
"PoultryFC Stadium (X+5, Y-5) - lor840",right,"PoultryFC Stadium (X+6, Y-5) - lor839",,,,740,741,FALSE,,,,,,,,,
"PoultryFC Stadium (X+6, Y-5) - lor839",up,"PoultryFC Stadium (X+6, Y-6) - lor838",,,,741,735,FALSE,,,,,,,,,
"PoultryFC Stadium (X+6, Y-5) - lor839",left,"PoultryFC Stadium (X+5, Y-5) - lor840",,,,741,740,FALSE,,,,,,,,,
"PoultryFC Stadium (X-5, Y-4) - lor647",up,"PoultryFC Stadium (X-5, Y-5) - lor722",,,,742,736,FALSE,,,,,,,,,
"PoultryFC Stadium (X-5, Y-4) - lor647",right,"PoultryFC Stadium (X-4, Y-4) - lor646",,,,742,743,FALSE,,,,,,,,,
"PoultryFC Stadium (X-4, Y-4) - lor646",left,"PoultryFC Stadium (X-5, Y-4) - lor647",,,,743,742,FALSE,,,,,,,,,
"PoultryFC Stadium (X-4, Y-4) - lor646",right,"PoultryFC Stadium (X-3, Y-4) - lor641",,,,743,744,FALSE,,,,,,,,,
"PoultryFC Stadium (X-3, Y-4) - lor641",up,"PoultryFC Stadium (X-3, Y-5) - lor642",,,,744,738,FALSE,,,,,,,,,
"PoultryFC Stadium (X-3, Y-4) - lor641",left,"PoultryFC Stadium (X-4, Y-4) - lor646",,,,744,743,FALSE,,,,,,,,,
"PoultryFC Stadium (X-3, Y-4) - lor641",right,"PoultryFC Stadium (X-2, Y-4) - lor155",,,,744,745,FALSE,,,,,,,,,
"PoultryFC Stadium (X-3, Y-4) - lor641",down,"PoultryFC Stadium (X-3, Y-3) - lor639",,,,744,750,FALSE,,,,,,,,,
"PoultryFC Stadium (X-2, Y-4) - lor155",up,"PoultryFC Stadium (X+0, Y-6) - lor630",,,,745,730,FALSE,,,,,,,,,
"PoultryFC Stadium (X-2, Y-4) - lor155",left,"PoultryFC Stadium (X-3, Y-4) - lor641",,,,745,744,FALSE,,,,,,,,,
"PoultryFC Stadium (X-2, Y-4) - lor155",left,"PoultryFC Stadium (X-3, Y-3) - lor639",,,,745,750,FALSE,,,,,,,,,
"PoultryFC Stadium (X-2, Y-4) - lor155",right,"PoultryFC Stadium (X+4, Y-3) - lor813",,,,745,751,FALSE,,,,,,,,,
"PoultryFC Stadium (X-2, Y-4) - lor155",right,"PoultryFC Stadium (X+4, Y-2) - lor796",,,,745,755,FALSE,,,,,,,,,
"PoultryFC Stadium (X-2, Y-4) - lor155",left,"PoultryFC Stadium (X-3, Y-1) - lor586",,,,745,760,FALSE,,,,,,,,,
"PoultryFC Stadium (X-2, Y-4) - lor155",down,"PoultryFC Stadium (X-2, Y+0) - lor585",,,,745,767,FALSE,,,,,,,,,
"PoultryFC Stadium (X+4, Y-4) - lor814",up,"PoultryFC Stadium (X+4, Y-6) - lor833",,,,746,733,FALSE,,,,,,,,,
"PoultryFC Stadium (X+4, Y-4) - lor814",down,"PoultryFC Stadium (X+4, Y-3) - lor813",,,,746,751,FALSE,,,,,,,,,
"PoultryFC Stadium (X+5, Y-4) - lor808",left,"PoultryFC Stadium (X+4, Y-3) - lor813",,,,747,751,FALSE,,,,,,,,,
"PoultryFC Stadium (X+5, Y-4) - lor808",down,"PoultryFC Stadium (X+6, Y-2) - lor804",,,,747,757,FALSE,,,,,,,,,
"PoultryFC Stadium (X-5, Y-3) - lor644",right,"PoultryFC Stadium (X-4, Y-3) - lor638",,,,748,749,FALSE,,,,,,,,,
"PoultryFC Stadium (X-5, Y-3) - lor644",down,"PoultryFC Stadium (X-5, Y-2) - lor645",,,,748,752,FALSE,,,,,,,,,
"PoultryFC Stadium (X-4, Y-3) - lor638",left,"PoultryFC Stadium (X-5, Y-3) - lor644",,,,749,748,FALSE,,,,,,,,,
"PoultryFC Stadium (X-4, Y-3) - lor638",right,"PoultryFC Stadium (X-3, Y-3) - lor639",,,,749,750,FALSE,,,,,,,,,
"PoultryFC Stadium (X-4, Y-3) - lor638",down,"PoultryFC Stadium (X-4, Y-2) - lor634",,,,749,753,FALSE,,,,,,,,,
"PoultryFC Stadium (X-3, Y-3) - lor639",up,"PoultryFC Stadium (X-3, Y-4) - lor641",,,,750,744,FALSE,,,,,,,,,
"PoultryFC Stadium (X-3, Y-3) - lor639",right,"PoultryFC Stadium (X-2, Y-4) - lor155",,,,750,745,FALSE,,,,,,,,,
"PoultryFC Stadium (X-3, Y-3) - lor639",left,"PoultryFC Stadium (X-4, Y-3) - lor638",,,,750,749,FALSE,,,,,,,,,
"PoultryFC Stadium (X-3, Y-3) - lor639",down,"PoultryFC Stadium (X-3, Y-2) - lor636",,,,750,754,FALSE,,,,,,,,,
"PoultryFC Stadium (X+4, Y-3) - lor813",left,"PoultryFC Stadium (X-2, Y-4) - lor155",,,,751,745,FALSE,,,,,,,,,
"PoultryFC Stadium (X+4, Y-3) - lor813",up,"PoultryFC Stadium (X+4, Y-4) - lor814",,,,751,746,FALSE,,,,,,,,,
"PoultryFC Stadium (X+4, Y-3) - lor813",right,"PoultryFC Stadium (X+5, Y-4) - lor808",,,,751,747,FALSE,,,,,,,,,
"PoultryFC Stadium (X-5, Y-2) - lor645",up,"PoultryFC Stadium (X-5, Y-3) - lor644",,,,752,748,FALSE,,,,,,,,,
"PoultryFC Stadium (X-5, Y-2) - lor645",right,"PoultryFC Stadium (X-4, Y-2) - lor634",,,,752,753,FALSE,,,,,,,,,
"PoultryFC Stadium (X-5, Y-2) - lor645",down,"PoultryFC Stadium (X-5, Y-1) - lor677",,,,752,758,FALSE,,,,,,,,,
"PoultryFC Stadium (X-4, Y-2) - lor634",up,"PoultryFC Stadium (X-4, Y-3) - lor638",,,,753,749,FALSE,,,,,,,,,
"PoultryFC Stadium (X-4, Y-2) - lor634",left,"PoultryFC Stadium (X-5, Y-2) - lor645",,,,753,752,FALSE,,,,,,,,,
"PoultryFC Stadium (X-4, Y-2) - lor634",right,"PoultryFC Stadium (X-3, Y-2) - lor636",,,,753,754,FALSE,,,,,,,,,
"PoultryFC Stadium (X-4, Y-2) - lor634",down,"PoultryFC Stadium (X-4, Y-1) - lor637",,,,753,759,FALSE,,,,,,,,,
"PoultryFC Stadium (X-3, Y-2) - lor636",up,"PoultryFC Stadium (X-3, Y-3) - lor639",,,,754,750,FALSE,,,,,,,,,
"PoultryFC Stadium (X-3, Y-2) - lor636",left,"PoultryFC Stadium (X-4, Y-2) - lor634",,,,754,753,FALSE,,,,,,,,,
"PoultryFC Stadium (X+4, Y-2) - lor796",left,"PoultryFC Stadium (X-2, Y-4) - lor155",,,,755,745,FALSE,,,,,,,,,
"PoultryFC Stadium (X+4, Y-2) - lor796",right,"PoultryFC Stadium (X+5, Y-2) - lor793",,,,755,756,FALSE,,,,,,,,,
"PoultryFC Stadium (X+4, Y-2) - lor796",down,"PoultryFC Stadium (X+4, Y-1) - lor795",,,,755,761,FALSE,,,,,,,,,
"PoultryFC Stadium (X+5, Y-2) - lor793",left,"PoultryFC Stadium (X+4, Y-2) - lor796",,,,756,755,FALSE,,,,,,,,,
"PoultryFC Stadium (X+5, Y-2) - lor793",right,"PoultryFC Stadium (X+6, Y-2) - lor804",,,,756,757,FALSE,,,,,,,,,
"PoultryFC Stadium (X+5, Y-2) - lor793",down,"PoultryFC Stadium (X+5, Y-1) - lor790",,,,756,762,FALSE,,,,,,,,,
"PoultryFC Stadium (X+6, Y-2) - lor804",up,"PoultryFC Stadium (X+5, Y-4) - lor808",,,,757,747,FALSE,,,,,,,,,
"PoultryFC Stadium (X+6, Y-2) - lor804",left,"PoultryFC Stadium (X+5, Y-2) - lor793",,,,757,756,FALSE,,,,,,,,,
"PoultryFC Stadium (X-5, Y-1) - lor677",up,"PoultryFC Stadium (X-5, Y-2) - lor645",,,,758,752,FALSE,,,,,,,,,
"PoultryFC Stadium (X-5, Y-1) - lor677",down,"PoultryFC Stadium (X-5, Y+0) - lor697",,,,758,764,FALSE,,,,,,,,,
"PoultryFC Stadium (X-4, Y-1) - lor637",up,"PoultryFC Stadium (X-4, Y-2) - lor634",,,,759,753,FALSE,,,,,,,,,
"PoultryFC Stadium (X-4, Y-1) - lor637",right,"PoultryFC Stadium (X-3, Y-1) - lor586",,,,759,760,FALSE,,,,,,,,,
"PoultryFC Stadium (X-4, Y-1) - lor637",down,"PoultryFC Stadium (X-4, Y+0) - lor709",,,,759,765,FALSE,,,,,,,,,
"PoultryFC Stadium (X-3, Y-1) - lor586",right,"PoultryFC Stadium (X-2, Y-4) - lor155",,,,760,745,FALSE,,,,,,,,,
"PoultryFC Stadium (X-3, Y-1) - lor586",left,"PoultryFC Stadium (X-4, Y-1) - lor637",,,,760,759,FALSE,,,,,,,,,
"PoultryFC Stadium (X+4, Y-1) - lor795",up,"PoultryFC Stadium (X+4, Y-2) - lor796",,,,761,755,FALSE,,,,,,,,,
"PoultryFC Stadium (X+4, Y-1) - lor795",down,"PoultryFC Stadium (X+4, Y+0) - lor789",,,,761,772,FALSE,,,,,,,,,
"PoultryFC Stadium (X+5, Y-1) - lor790",up,"PoultryFC Stadium (X+5, Y-2) - lor793",,,,762,756,FALSE,,,,,,,,,
"PoultryFC Stadium (X+5, Y-1) - lor790",right,"PoultryFC Stadium (X+6, Y-1) - lor803",,,,762,763,FALSE,,,,,,,,,
"PoultryFC Stadium (X+5, Y-1) - lor790",down,"PoultryFC Stadium (X+5, Y+0) - lor792",,,,762,773,FALSE,,,,,,,,,
"PoultryFC Stadium (X+6, Y-1) - lor803",left,"PoultryFC Stadium (X+5, Y-1) - lor790",,,,763,762,FALSE,,,,,,,,,
"PoultryFC Stadium (X+6, Y-1) - lor803",down,"PoultryFC Stadium (X+6, Y+0) - lor800",,,,763,774,FALSE,,,,,,,,,
"PoultryFC Stadium (X-5, Y+0) - lor697",up,"PoultryFC Stadium (X-5, Y-1) - lor677",,,,764,758,FALSE,,,,,,,,,
"PoultryFC Stadium (X-4, Y+0) - lor709",up,"PoultryFC Stadium (X-4, Y-1) - lor637",,,,765,759,FALSE,,,,,,,,,
"PoultryFC Stadium (X-3, Y+0) - lor587",right,"PoultryFC Stadium (X-2, Y+0) - lor585",,,,766,767,FALSE,,,,,,,,,
"PoultryFC Stadium (X-2, Y+0) - lor585",up,"PoultryFC Stadium (X-2, Y-4) - lor155",,,,767,745,FALSE,,,,,,,,,
"PoultryFC Stadium (X-2, Y+0) - lor585",left,"PoultryFC Stadium (X-3, Y+0) - lor587",,,,767,766,FALSE,,,,,,,,,
"PoultryFC Stadium (X-2, Y+0) - lor585",right,"PoultryFC Stadium (X-1, Y+0) - lor584",,,,767,768,FALSE,,,,,,,,,
"PoultryFC Stadium (X-1, Y+0) - lor584",left,"PoultryFC Stadium (X-2, Y+0) - lor585",,,,768,767,FALSE,,,,,,,,,
"PoultryFC Stadium (X-1, Y+0) - lor584",right,"PoultryFC Stadium (X+0, Y+0) - lor583",,,,768,769,FALSE,,,,,,,,,
"PoultryFC Stadium (X+0, Y+0) - lor583",warp (down),"Gallineiros District (X-4, Y-10) - ren5161",,,,769,375,FALSE,,,,,,,,,
"PoultryFC Stadium (X+0, Y+0) - lor583",left,"PoultryFC Stadium (X-1, Y+0) - lor584",,,,769,768,FALSE,,,,,,,,,
"PoultryFC Stadium (X+0, Y+0) - lor583",right,"PoultryFC Stadium (X+2, Y+0) - lor635",,,,769,770,FALSE,,,,,,,,,
"PoultryFC Stadium (X+2, Y+0) - lor635",left,"PoultryFC Stadium (X+0, Y+0) - lor583",,,,770,769,FALSE,,,,,,,,,
"PoultryFC Stadium (X+2, Y+0) - lor635",right,"PoultryFC Stadium (X+3, Y+0) - lor786",,,,770,771,FALSE,,,,,,,,,
"PoultryFC Stadium (X+3, Y+0) - lor786",left,"PoultryFC Stadium (X+2, Y+0) - lor635",,,,771,770,FALSE,,,,,,,,,
"PoultryFC Stadium (X+3, Y+0) - lor786",right,"PoultryFC Stadium (X+4, Y+0) - lor789",,,,771,772,FALSE,,,,,,,,,
"PoultryFC Stadium (X+4, Y+0) - lor789",up,"PoultryFC Stadium (X+4, Y-1) - lor795",,,,772,761,FALSE,,,,,,,,,
"PoultryFC Stadium (X+4, Y+0) - lor789",left,"PoultryFC Stadium (X+3, Y+0) - lor786",,,,772,771,FALSE,,,,,,,,,
"PoultryFC Stadium (X+5, Y+0) - lor792",up,"PoultryFC Stadium (X+5, Y-1) - lor790",,,,773,762,FALSE,,,,,,,,,
"PoultryFC Stadium (X+5, Y+0) - lor792",right,"PoultryFC Stadium (X+6, Y+0) - lor800",,,,773,774,FALSE,,,,,,,,,
"PoultryFC Stadium (X+6, Y+0) - lor800",up,"PoultryFC Stadium (X+6, Y-1) - lor803",,,,774,763,FALSE,,,,,,,,,
"PoultryFC Stadium (X+6, Y+0) - lor800",left,"PoultryFC Stadium (X+5, Y+0) - lor792",,,,774,773,FALSE,,,,,,,,,
"Safe House (X+0, Y+0) - mig38",warp (up),"South Plaza (X-2, Y-3) - ren223 (Main)",FALSE,FALSE,,776,922,TRUE,,,,,,,,,
"Secret Frying-Oil Plant (X+0, Y+2) - ren5312 (North)",right,"Secret Frying-Oil Plant (X+1, Y+3) - ren5462",FALSE,FALSE,,778,783,FALSE,,,,,,,,,
"Secret Frying-Oil Plant (X+0, Y+2) - ren5312 (North)",warp (up),"Secret Frying-Oil Plant (X-1, Y+7) - ren29878",FALSE,TRUE,,778,800,FALSE,,,,,,,,,
"Secret Frying-Oil Plant (X+0, Y+2) - ren5312 (South)",left,"Secret Frying-Oil Plant (X-1, Y+4) - ren7218",FALSE,FALSE,,779,789,FALSE,,,,,,,,,
"Secret Frying-Oil Plant (X-4, Y+3) - ren8164 (Main)",down,"Secret Frying-Oil Plant (X-4, Y+4) - ren7529",FALSE,TRUE,,780,786,FALSE,,,,,,,,,
"Secret Frying-Oil Plant (X-4, Y+3) - ren8164 (Main)",down,"Secret Frying-Oil Plant (X-3, Y+4) - ren8170",FALSE,TRUE,,780,787,FALSE,,,,,,,,,
"Secret Frying-Oil Plant (X-4, Y+3) - ren8164 (East)",left,"Secret Frying-Oil Plant (X-4, Y+3) - ren8164 (Main)",FALSE,TRUE,,781,780,FALSE,,,,,,,,,
"Secret Frying-Oil Plant (X-2, Y+3) - ren8162",left,"Secret Frying-Oil Plant (X-4, Y+3) - ren8164 (East)",FALSE,TRUE,,782,781,FALSE,,,,,,,,,
"Secret Frying-Oil Plant (X+1, Y+3) - ren5462",right,"Secret Frying-Oil Plant (X+2, Y+3) - ren6925",FALSE,FALSE,,783,784,FALSE,,,,,,,,,
"Secret Frying-Oil Plant (X+2, Y+3) - ren6925",left,"Secret Frying-Oil Plant (X+1, Y+4) - ren6980",FALSE,TRUE,,784,790,FALSE,FALSE,FALSE,TRUE,FALSE,FALSE,AND SS,FALSE,FALSE,
"Secret Frying-Oil Plant (X+2, Y+3) - ren6925",right,"Secret Frying-Oil Plant (X+4, Y+4) - ren6926",FALSE,TRUE,,784,791,FALSE,FALSE,FALSE,TRUE,AND UFO Throw,AND Wall-Dash,AND SS,FALSE,FALSE,
"Secret Frying-Oil Plant (X-4, Y+4) - ren7529",down,"Secret Frying-Oil Plant (X-4, Y+5) - ren8186",FALSE,TRUE,,786,792,FALSE,,,,,,,,,
"Secret Frying-Oil Plant (X-2, Y+4) - ren7212",up,"Secret Frying-Oil Plant (X-2, Y+3) - ren8162",FALSE,FALSE,,788,782,FALSE,,,,,,,,,
"Secret Frying-Oil Plant (X-1, Y+4) - ren7218",left,"Secret Frying-Oil Plant (X-2, Y+4) - ren7212",FALSE,FALSE,,789,788,FALSE,,,,,,,,,
"Secret Frying-Oil Plant (X+4, Y+4) - ren6926",up,"Secret Frying-Oil Plant (X+4, Y+3) - yug144",FALSE,FALSE,,791,785,FALSE,,,,,,,,,
"Secret Frying-Oil Plant (X+4, Y+4) - ren6926",down,"Secret Frying-Oil Plant (X+4, Y+5) - ren6924",FALSE,FALSE,,791,797,FALSE,,,,,,,,,
"Secret Frying-Oil Plant (X-4, Y+5) - ren8186",right,"Secret Frying-Oil Plant (X-3, Y+5) - ren7454",FALSE,TRUE,,792,793,FALSE,,,,,,,,,
"Secret Frying-Oil Plant (X-3, Y+5) - ren7454",right,"Secret Frying-Oil Plant (X-2, Y+5) - ren7579",FALSE,TRUE,,793,794,FALSE,,,,,,,,,
"Secret Frying-Oil Plant (X-3, Y+5) - ren7454",down,"Secret Frying-Oil Plant (X-3, Y+6) - ren6859",FALSE,FALSE,,793,798,FALSE,,,,,,,,,
"Secret Frying-Oil Plant (X+1, Y+5) - ren7079",left,"Secret Frying-Oil Plant (X+0, Y+2) - ren5312 (South)",FALSE,FALSE,,795,779,FALSE,,,,,,,,,
"Secret Frying-Oil Plant (X+3, Y+5) - ren7341",left,"Secret Frying-Oil Plant (X+1, Y+5) - ren7079",FALSE,FALSE,,796,795,FALSE,,,,,,,,,
"Secret Frying-Oil Plant (X+4, Y+5) - ren6924",left,"Secret Frying-Oil Plant (X+3, Y+5) - ren7341",FALSE,FALSE,,797,796,FALSE,,,,,,,,,
"Secret Frying-Oil Plant (X-3, Y+6) - ren6859",down,"Secret Frying-Oil Plant (X+2, Y+7) - ren7605",FALSE,TRUE,,798,801,FALSE,,,,,,,,,
"Secret Frying-Oil Plant (X-1, Y+7) - ren29878",warp (up),"Secret Frying-Oil Plant (X+0, Y+2) - ren5312 (North)",FALSE,FALSE,,800,778,FALSE,,,,,,,,,
"Secret Frying-Oil Plant (X-1, Y+7) - ren29878",left,"Secret Frying-Oil Plant (X-2, Y+7) - ren7935",FALSE,TRUE,,800,799,FALSE,,,,,,,,,
"Secret Frying-Oil Plant (X+2, Y+7) - ren7605",left,"Secret Frying-Oil Plant (X-1, Y+7) - ren29878",FALSE,TRUE,,801,800,FALSE,,,,,,,,,
"SlimeCorp Excavation Site (X-3, Y-2) - lor1300",right,"SlimeCorp Excavation Site (X+3, Y-2) - lor1305",FALSE,TRUE,,802,807,FALSE,,,,,,,,,
"SlimeCorp Excavation Site (X+4, Y-2) - lor179",right,"SlimeCorp Excavation Site (X+5, Y-1) - lor1228",FALSE,FALSE,,808,819,FALSE,,,,,,,,,
"SlimeCorp Excavation Site (X+6, Y-2) - lor1325",left,"SlimeCorp Excavation Site (X+5, Y-2) - lor1326",FALSE,TRUE,,810,809,FALSE,,,,,,,,,
"SlimeCorp Excavation Site (X-3, Y-1) - lor534",right,"SlimeCorp Excavation Site (X-2, Y-1) - lor524 (North)",FALSE,TRUE,,812,814,FALSE,,,,,,,,,
"SlimeCorp Excavation Site (X-2, Y-1) - lor524 (Main)",up,"SlimeCorp Excavation Site (X-3, Y-2) - lor1300",FALSE,TRUE,,813,802,FALSE,,,,,,,,,
"SlimeCorp Excavation Site (X-2, Y-1) - lor524 (Main)",left,"SlimeCorp Excavation Site (X-3, Y-1) - lor534",FALSE,FALSE,,813,812,FALSE,,,,,,,,,
"SlimeCorp Excavation Site (X-2, Y-1) - lor524 (Main)",right,"SlimeCorp Excavation Site (X-1, Y-1) - lor533",FALSE,FALSE,,813,816,FALSE,,,,,,,,,
"SlimeCorp Excavation Site (X-2, Y-1) - lor524 (Main)",left,"SlimeCorp Excavation Site (X-3, Y+0) - lor536",FALSE,TRUE,,813,821,FALSE,,,,,,,,,
"SlimeCorp Excavation Site (X-2, Y-1) - lor524 (Main)",left,"SlimeCorp Excavation Site (X-3, Y+1) - lor535",FALSE,FALSE,,813,830,FALSE,,,,,,,,,
"SlimeCorp Excavation Site (X-2, Y-1) - lor524 (Main)",right,"SlimeCorp Excavation Site (X-1, Y+1) - lor584",FALSE,TRUE,,813,831,FALSE,,,,,,,,,
"SlimeCorp Excavation Site (X-2, Y-1) - lor524 (Main)",down,"SlimeCorp Excavation Site (X-2, Y+2) - lor586",TRUE,TRUE,,813,838,FALSE,,,,,,,,,
"SlimeCorp Excavation Site (X+3, Y-1) - lor172",right,"SlimeCorp Excavation Site (X+4, Y-2) - lor179",FALSE,FALSE,,818,808,FALSE,,,,,,,,,
"SlimeCorp Excavation Site (X+3, Y-1) - lor172",left,"SlimeCorp Excavation Site (X+2, Y-1) - lor1231",FALSE,FALSE,,818,817,FALSE,,,,,,,,,
"SlimeCorp Excavation Site (X-1, Y+0) - lor523",left,"SlimeCorp Excavation Site (X-2, Y-1) - lor524 (Main)",FALSE,FALSE,,822,813,FALSE,,,,,,,,,
"SlimeCorp Excavation Site (X-1, Y+0) - lor523",down,"SlimeCorp Excavation Site (X-1, Y+1) - lor584",TRUE,TRUE,,822,831,FALSE,,,,,,,,,
"SlimeCorp Excavation Site (X+0, Y+0) - lor149 (Main)",left,"SlimeCorp Excavation Site (X-1, Y+0) - lor523",FALSE,TRUE,,823,822,FALSE,,,,,,,,,
"SlimeCorp Excavation Site (X+0, Y+0) - lor149 (Main)",down,"SlimeCorp Excavation Site (X+0, Y+0) - lor149 (South)",FALSE,TRUE,,823,824,FALSE,,,,,,,,,
"SlimeCorp Excavation Site (X+0, Y+0) - lor149 (Main)",right,"SlimeCorp Excavation Site (X+2, Y+0) - lor158",FALSE,FALSE,,823,825,FALSE,,,,,,,,,
"SlimeCorp Excavation Site (X+0, Y+0) - lor149 (Main)",right,"SlimeCorp Excavation Site (X+2, Y+1) - lor213",FALSE,TRUE,,823,832,FALSE,,,,,,,,,
"SlimeCorp Excavation Site (X+0, Y+0) - lor149 (Main)",left,"SlimeCorp Excavation Site (X-1, Y+2) - lor585",FALSE,TRUE,,823,839,FALSE,,,,,,,,,
"SlimeCorp Excavation Site (X+0, Y+0) - lor149 (Main)",right,"SlimeCorp Excavation Site (X+2, Y+2) - lor212",FALSE,TRUE,,823,840,FALSE,,,,,,,,,
"SlimeCorp Excavation Site (X+0, Y+0) - lor149 (Main)",down,"SlimeCorp Excavation Site (X+1, Y+3) - lor416",FALSE,TRUE,,823,846,FALSE,,,,,,,,,
"SlimeCorp Excavation Site (X+2, Y+0) - lor158",right,"SlimeCorp Excavation Site (X+3, Y+0) - lor166",FALSE,FALSE,,825,826,FALSE,,,,,,,,,
"SlimeCorp Excavation Site (X+3, Y+0) - lor166",up,"SlimeCorp Excavation Site (X+3, Y-1) - lor172",FALSE,FALSE,,826,818,FALSE,,,,,,,,,
"SlimeCorp Excavation Site (X+3, Y+0) - lor166",right,"SlimeCorp Excavation Site (X+4, Y+0) - lor171",FALSE,FALSE,,826,827,FALSE,,,,,,,,,
"SlimeCorp Excavation Site (X+4, Y+0) - lor171",down,"SlimeCorp Excavation Site (X+4, Y+1) - lor180",FALSE,FALSE,,827,834,FALSE,,,,,,,,,
"SlimeCorp Excavation Site (X+5, Y+0) - lor339",right,"SlimeCorp Excavation Site (X+6, Y-2) - lor1325",FALSE,TRUE,,828,810,FALSE,,,,,,,,,
"SlimeCorp Excavation Site (X-3, Y+1) - lor535",left,"SlimeCorp Excavation Site (X-4, Y-1) - lor1299",FALSE,TRUE,,830,811,FALSE,,,,,,,,,
"SlimeCorp Excavation Site (X-3, Y+1) - lor535",right,"SlimeCorp Excavation Site (X-2, Y-1) - lor524 (South)",FALSE,TRUE,,830,815,FALSE,,,,,,,,,
"SlimeCorp Excavation Site (X-1, Y+1) - lor584",down,"SlimeCorp Excavation Site (X-1, Y+2) - lor585",TRUE,FALSE,,831,839,FALSE,,,,,,,,,
"SlimeCorp Excavation Site (X+2, Y+1) - lor213",down,"SlimeCorp Excavation Site (X+2, Y+2) - lor212",FALSE,FALSE,,832,840,FALSE,,,,,,,,,
"SlimeCorp Excavation Site (X+3, Y+1) - lor173",left,"SlimeCorp Excavation Site (X+2, Y+1) - lor213",FALSE,TRUE,,833,832,FALSE,,,,,,,,,
"SlimeCorp Excavation Site (X+4, Y+1) - lor180",left,"SlimeCorp Excavation Site (X+3, Y+1) - lor173",FALSE,FALSE,,834,833,FALSE,,,,,,,,,
"SlimeCorp Excavation Site (X+4, Y+1) - lor180",right,"SlimeCorp Excavation Site (X+5, Y+1) - lor337",FALSE,TRUE,,834,835,FALSE,,,,,,,,,
"SlimeCorp Excavation Site (X+4, Y+1) - lor180",down,"SlimeCorp Excavation Site (X+4, Y+2) - yug8",FALSE,TRUE,,834,841,FALSE,,,,,,,,,
"SlimeCorp Excavation Site (X+5, Y+1) - lor337",up,"SlimeCorp Excavation Site (X+5, Y+0) - lor339",FALSE,TRUE,,835,828,FALSE,,,,,,,,,
"SlimeCorp Excavation Site (X-3, Y+2) - lor617",down,"SlimeCorp Excavation Site (X-3, Y+3) - lor618",TRUE,FALSE,,837,844,FALSE,,,,,,,,,
"SlimeCorp Excavation Site (X-2, Y+2) - lor586",left,"SlimeCorp Excavation Site (X-3, Y+2) - lor617",TRUE,FALSE,,838,837,FALSE,,,,,,,,,
"SlimeCorp Excavation Site (X-1, Y+2) - lor585",left,"SlimeCorp Excavation Site (X-2, Y+2) - lor586",TRUE,FALSE,,839,838,FALSE,,,,,,,,,
"SlimeCorp Excavation Site (X+2, Y+2) - lor212",right,"SlimeCorp Excavation Site (X+4, Y+2) - yug8",TRUE,FALSE,,840,841,FALSE,,,,,,,,,
"SlimeCorp Excavation Site (X+2, Y+2) - lor212",down,"SlimeCorp Excavation Site (X+2, Y+3) - lor417 (West)",TRUE,TRUE,,840,847,FALSE,,,,,,,,,
"SlimeCorp Excavation Site (X+4, Y+2) - yug8",down,"SlimeCorp Excavation Site (X+4, Y+3) - lor256",FALSE,TRUE,,841,851,FALSE,,,,,,,,,
"SlimeCorp Excavation Site (X-3, Y+3) - lor618",left,"SlimeCorp Excavation Site (X-4, Y+2) - lor1296",FALSE,TRUE,,844,836,FALSE,,,,,,,,,
"SlimeCorp Excavation Site (X-3, Y+3) - lor618",right,"SlimeCorp Excavation Site (X+0, Y+3) - lor619",TRUE,FALSE,,844,845,FALSE,,,,,,,,,
"SlimeCorp Excavation Site (X+0, Y+3) - lor619",up,"SlimeCorp Excavation Site (X+0, Y+0) - lor149 (South)",TRUE,TRUE,,845,824,FALSE,,,,,,,,,
"SlimeCorp Excavation Site (X+0, Y+3) - lor619",down,"SlimeCorp Excavation Site (X+0, Y+4) - lor667 (West)",FALSE,TRUE,,845,856,FALSE,,,,,,,,,
"SlimeCorp Excavation Site (X+1, Y+3) - lor416",up,"SlimeCorp Excavation Site (X+0, Y+0) - lor149 (Main)",FALSE,FALSE,,846,823,FALSE,,,,,,,,,
"SlimeCorp Excavation Site (X+2, Y+3) - lor417 (West)",left,"SlimeCorp Excavation Site (X+1, Y+3) - lor416",TRUE,FALSE,,847,846,FALSE,,,,,,,,,
"SlimeCorp Excavation Site (X+2, Y+3) - lor417 (West)",right,"SlimeCorp Excavation Site (X+2, Y+3) - lor417 (East)",FALSE,FALSE,,847,848,FALSE,,,,,,,,,
"SlimeCorp Excavation Site (X+2, Y+3) - lor417 (East)",left,"SlimeCorp Excavation Site (X+2, Y+3) - lor417 (West)",FALSE,FALSE,,848,847,FALSE,,,,,,,,,
"SlimeCorp Excavation Site (X+3, Y+3) - lor368 (West)",left,"SlimeCorp Excavation Site (X+2, Y+3) - lor417 (East)",TRUE,FALSE,,849,848,FALSE,,,,,,,,,
"SlimeCorp Excavation Site (X+3, Y+3) - lor368 (West)",down,"SlimeCorp Excavation Site (X+3, Y+4) - lor390 (West)",TRUE,FALSE,,849,860,FALSE,,,,,,,,,
"SlimeCorp Excavation Site (X+3, Y+3) - lor368 (East)",left,"SlimeCorp Excavation Site (X+3, Y+3) - lor368 (West)",TRUE,TRUE,,850,849,FALSE,,,,,,,,,
"SlimeCorp Excavation Site (X+3, Y+3) - lor368 (East)",down,"SlimeCorp Excavation Site (X+3, Y+4) - lor390 (East)",TRUE,FALSE,,850,861,FALSE,,,,,,,,,
"SlimeCorp Excavation Site (X+4, Y+3) - lor256",left,"SlimeCorp Excavation Site (X+3, Y+3) - lor368 (East)",TRUE,FALSE,,851,850,FALSE,,,,,,,,,
"SlimeCorp Excavation Site (X-2, Y+4) - lor672 (South)",down,"SlimeCorp Excavation Site (X-1, Y+6) - lor732 (West)",FALSE,FALSE,,854,875,FALSE,,,,,,,,,
"SlimeCorp Excavation Site (X-2, Y+4) - lor672 (East)",down,"SlimeCorp Excavation Site (X-2, Y+4) - lor672 (South)",FALSE,TRUE,,855,854,FALSE,,,,,,,,,
"SlimeCorp Excavation Site (X+0, Y+4) - lor667 (West)",left,"SlimeCorp Excavation Site (X-2, Y+4) - lor672 (East)",FALSE,FALSE,,856,855,FALSE,,,,,,,,,
"SlimeCorp Excavation Site (X+0, Y+4) - lor667 (West)",right,"SlimeCorp Excavation Site (X+0, Y+4) - lor667 (East)",FALSE,TRUE,,856,857,FALSE,,,,,,,,,
"SlimeCorp Excavation Site (X+0, Y+4) - lor667 (East)",left,"SlimeCorp Excavation Site (X+0, Y+4) - lor667 (West)",FALSE,TRUE,,857,856,FALSE,,,,,,,,,
"SlimeCorp Excavation Site (X+0, Y+4) - lor667 (East)",down,"SlimeCorp Excavation Site (X+0, Y+5) - lor741 (East)",TRUE,FALSE,,857,866,FALSE,,,,,,,,,
"SlimeCorp Excavation Site (X+1, Y+4) - lor755",up,"SlimeCorp Excavation Site (X+1, Y+3) - lor416",FALSE,FALSE,,858,846,FALSE,,,,,,,,,
"SlimeCorp Excavation Site (X+1, Y+4) - lor755",right,"SlimeCorp Excavation Site (X+2, Y+4) - lor770",FALSE,TRUE,,858,859,FALSE,,,,,,,,,
"SlimeCorp Excavation Site (X+1, Y+4) - lor755",right,"SlimeCorp Excavation Site (X+2, Y+5) - lor769",FALSE,TRUE,,858,867,FALSE,,,,,,,,,
"SlimeCorp Excavation Site (X+1, Y+4) - lor755",right,"SlimeCorp Excavation Site (X+2, Y+6) - lor768",FALSE,TRUE,,858,878,FALSE,,,,,,,,,
"SlimeCorp Excavation Site (X+3, Y+4) - lor390 (West)",right,"SlimeCorp Excavation Site (X+3, Y+4) - lor390 (East)",FALSE,FALSE,,860,861,FALSE,,,,,,,,,
"SlimeCorp Excavation Site (X+3, Y+4) - lor390 (East)",left,"SlimeCorp Excavation Site (X+3, Y+4) - lor390 (West)",FALSE,TRUE,,861,860,FALSE,,,,,,,,,
"SlimeCorp Excavation Site (X+4, Y+4) - lor1321",up,"SlimeCorp Excavation Site (X+5, Y+1) - lor337",FALSE,TRUE,,862,835,FALSE,,,,,,,,,
"SlimeCorp Excavation Site (X-5, Y+5) - lor1307",down,"SlimeCorp Excavation Site (X-4, Y+6) - yug3 (West)",FALSE,TRUE,,863,870,FALSE,,,,,,,,,
"SlimeCorp Excavation Site (X+0, Y+5) - lor741 (West)",right,"SlimeCorp Excavation Site (X+0, Y+5) - lor741 (East)",TRUE,TRUE,,865,866,FALSE,,,,,,,,,
"SlimeCorp Excavation Site (X+0, Y+5) - lor741 (East)",right,"SlimeCorp Excavation Site (X+1, Y+4) - lor755",FALSE,FALSE,,866,858,FALSE,,,,,,,,,
"SlimeCorp Excavation Site (X-4, Y+6) - yug3 (East)",up,"SlimeCorp Excavation Site (X-5, Y+5) - lor1307",FALSE,TRUE,,871,863,FALSE,,,,,,,,,
"SlimeCorp Excavation Site (X-4, Y+6) - yug3 (East)",left,"SlimeCorp Excavation Site (X-4, Y+6) - yug3 (West)",FALSE,TRUE,,871,870,FALSE,,,,,,,,,
"SlimeCorp Excavation Site (X-3, Y+6) - lor703 (West)",left,"SlimeCorp Excavation Site (X-4, Y+6) - yug3 (East)",FALSE,TRUE,7:17:59 PM,872,871,FALSE,,,,,,,,,
"SlimeCorp Excavation Site (X-3, Y+6) - lor703 (West)",down,"SlimeCorp Excavation Site (X-3, Y+7) - lor712",FALSE,FALSE,,872,883,FALSE,,,,,,,,,
"SlimeCorp Excavation Site (X-3, Y+6) - lor703 (East)",left,"SlimeCorp Excavation Site (X-3, Y+6) - lor703 (West)",FALSE,TRUE,,873,872,FALSE,,,,,,,,,
"SlimeCorp Excavation Site (X-2, Y+6) - lor701",left,"SlimeCorp Excavation Site (X-3, Y+6) - lor703 (East)",FALSE,FALSE,,874,873,FALSE,,,,,,,,,
"SlimeCorp Excavation Site (X-1, Y+6) - lor732 (West)",left,"SlimeCorp Excavation Site (X-2, Y+6) - lor701",FALSE,FALSE,,875,874,FALSE,,,,,,,,,
"SlimeCorp Excavation Site (X-1, Y+6) - lor732 (East)",right,"SlimeCorp Excavation Site (X+0, Y+6) - lor1079",FALSE,TRUE,,876,877,FALSE,,,,,,,,,
"SlimeCorp Excavation Site (X+0, Y+6) - lor1079",up,"SlimeCorp Excavation Site (X+0, Y+5) - lor741 (West)",TRUE,FALSE,,877,865,FALSE,,,,,,,,,
"SlimeCorp Excavation Site (X+2, Y+6) - lor768",right,"SlimeCorp Excavation Site (X+3, Y+6) - lor854",FALSE,TRUE,,878,879,FALSE,,,,,,,,,
"SlimeCorp Excavation Site (X+3, Y+6) - lor854",up,"SlimeCorp Excavation Site (X+3, Y+5) - lor856",FALSE,TRUE,,879,868,FALSE,,,,,,,,,
"SlimeCorp Excavation Site (X+3, Y+6) - lor854",right,"SlimeCorp Excavation Site (X+4, Y+6) - lor1086",FALSE,TRUE,,879,880,FALSE,,,,,,,,,
"SlimeCorp Excavation Site (X+4, Y+6) - lor1086",down,"SlimeCorp Excavation Site (X+2, Y+7) - lor860",FALSE,TRUE,,880,887,FALSE,,,,,,,,,
"SlimeCorp Excavation Site (X+5, Y+6) - lor1320",up,"SlimeCorp Excavation Site (X+4, Y+4) - lor1321",FALSE,TRUE,,881,862,FALSE,,,,,,,,,
"SlimeCorp Excavation Site (X-3, Y+7) - lor712",left,"SlimeCorp Excavation Site (X-4, Y+7) - lor1309",FALSE,TRUE,,883,882,FALSE,,,,,,,,,
"SlimeCorp Excavation Site (X-3, Y+7) - lor712",right,"SlimeCorp Excavation Site (X-2, Y+7) - lor726",FALSE,FALSE,,883,884,FALSE,,,,,,,,,
"SlimeCorp Excavation Site (X-3, Y+7) - lor712",down,"SlimeCorp Excavation Site (X-2, Y+8) - lor1311",FALSE,TRUE,,883,890,FALSE,,,,,,,,,
"SlimeCorp Excavation Site (X-2, Y+7) - lor726",right,"SlimeCorp Excavation Site (X-1, Y+7) - lor731",FALSE,TRUE,,884,885,FALSE,,,,,,,,,
"SlimeCorp Excavation Site (X-2, Y+7) - lor726",down,"SlimeCorp Excavation Site (X-2, Y+8) - lor1311",FALSE,TRUE,,884,890,FALSE,,,,,,,,,
"SlimeCorp Excavation Site (X-1, Y+7) - lor731",up,"SlimeCorp Excavation Site (X-1, Y+6) - lor732 (East)",FALSE,TRUE,,885,876,FALSE,,,,,,,,,
"SlimeCorp Excavation Site (X+0, Y+7) - lor1284",warp (up),"SlimeCorp Excavation Site (X+0, Y+0) - lor149 (Main)",TRUE,FALSE,,886,823,FALSE,,,,,,,,,
"SlimeCorp Excavation Site (X+0, Y+7) - lor1284",up,"SlimeCorp Excavation Site (X+1, Y+4) - lor755",FALSE,FALSE,,886,858,FALSE,,,,,,,,,
"SlimeCorp Excavation Site (X+0, Y+7) - lor1284",up,"SlimeCorp Excavation Site (X+0, Y+6) - lor1079",FALSE,FALSE,,886,877,FALSE,,,,,,,,,
"SlimeCorp Excavation Site (X+0, Y+7) - lor1284",down,"SlimeCorp Excavation Site (X+0, Y+8) - lor1089",FALSE,FALSE,,886,892,FALSE,,,,,,,,,
"SlimeCorp Excavation Site (X+2, Y+7) - lor860",left,"SlimeCorp Excavation Site (X+0, Y+7) - lor1284",FALSE,TRUE,,887,886,FALSE,,,,,,,,,
"SlimeCorp Excavation Site (X-2, Y+8) - lor1311",right,"SlimeCorp Excavation Site (X+5, Y+6) - lor1320",FALSE,TRUE,,890,881,FALSE,,,,,,,,,
"SlimeCorp Skyscraper (X+2, Y-5) - lor98",left,"SlimeCorp Skyscraper (X+1, Y-5) - lor133",FALSE,FALSE,,901,900,FALSE,,,,,,,,,
"SlimeCorp Skyscraper (X+3, Y-5) - lor112",left,"SlimeCorp Skyscraper (X+2, Y-5) - lor98",FALSE,FALSE,,902,901,FALSE,,,,,,,,,
"SlimeCorp Skyscraper (X+0, Y-4) - lor187",up,"SlimeCorp Skyscraper (X+0, Y-5) - lor151",FALSE,FALSE,,904,899,FALSE,,,,,,,,,
"SlimeCorp Skyscraper (X+1, Y-4) - lor150",left,"SlimeCorp Skyscraper (X+0, Y-4) - lor187",FALSE,TRUE,,905,904,FALSE,FALSE,TRUE,FALSE,FALSE,FALSE,FALSE,FALSE,FALSE,
"SlimeCorp Skyscraper (X+2, Y-4) - lor140",left,"SlimeCorp Skyscraper (X+1, Y-3) - lor220",FALSE,TRUE,,906,908,FALSE,,,,,,,,,
"SlimeCorp Skyscraper (X+3, Y-4) - lor97",up,"SlimeCorp Skyscraper (X+3, Y-5) - lor112",FALSE,FALSE,,907,902,FALSE,,,,,,,,,
"SlimeCorp Skyscraper (X+3, Y-4) - lor97",up,"SlimeCorp Skyscraper (X+4, Y-5) - lor104",FALSE,FALSE,,907,903,FALSE,,,,,,,,,
"SlimeCorp Skyscraper (X+3, Y-4) - lor97",left,"SlimeCorp Skyscraper (X+2, Y-4) - lor140",FALSE,TRUE,,907,906,FALSE,,,,,,,,,
"SlimeCorp Skyscraper (X+1, Y-3) - lor220",up,"SlimeCorp Skyscraper (X+1, Y-4) - lor150",FALSE,TRUE,,908,905,FALSE,,,,,,,,,
"SlimeCorp Skyscraper (X+0, Y-2) - lor2",right,"SlimeCorp Skyscraper (X+2, Y-2) - lor63",FALSE,TRUE,,909,910,FALSE,,,,,,,,,
"SlimeCorp Skyscraper (X+0, Y-2) - lor2",right,"SlimeCorp Skyscraper (X+2, Y+0) - lor16",FALSE,FALSE,,909,915,FALSE,,,,,,,,,
"SlimeCorp Skyscraper (X+2, Y-2) - lor63",right,"SlimeCorp Skyscraper (X+3, Y-4) - lor97",FALSE,FALSE,,910,907,FALSE,,,,,,,,,
"SlimeCorp Skyscraper (X+2, Y-1) - ren22",left,"SlimeCorp Skyscraper (X+0, Y-2) - lor2",FALSE,FALSE,,911,909,FALSE,,,,,,,,,
"SlimeCorp Skyscraper (X+3, Y-1) - lor25 (North)",left,"SlimeCorp Skyscraper (X+2, Y-1) - ren22",FALSE,FALSE,,912,911,FALSE,,,,,,,,,
"SlimeCorp Skyscraper (X+3, Y-1) - lor25 (North)",right,"SlimeCorp Skyscraper (X+4, Y-1) - lor54",FALSE,FALSE,,912,914,FALSE,,,,,,,,,
"SlimeCorp Skyscraper (X+3, Y-1) - lor25 (South)",up,"SlimeCorp Skyscraper (X+3, Y-1) - lor25 (North)",FALSE,TRUE,,913,912,FALSE,,,,,,,,,
"SlimeCorp Skyscraper (X+2, Y+0) - lor16",right,"SlimeCorp Skyscraper (X+3, Y-1) - lor25 (South)",FALSE,FALSE,,915,913,FALSE,,,,,,,,,
"South Plaza (X-1, Y-6) - ren355 (North)",up,"North Plaza (X-1, Y-10) - ren4872",TRUE,FALSE,,916,452,TRUE,,,,,,,,,
"South Plaza (X-1, Y-6) - ren355 (North)",down,"South Plaza (X-1, Y-6) - ren355 (South)",FALSE,FALSE,,916,917,TRUE,,,,,,,,,
"South Plaza (X-1, Y-6) - ren355 (North)",manhole (down),"South Plaza (Sewers) (X-1, Y-6) - lor230",TRUE,FALSE,,916,936,TRUE,,,,,,,,,
"South Plaza (X-1, Y-6) - ren355 (South)",manhole (down),"South Plaza (Sewers) (X-1, Y-5) - ren984",TRUE,FALSE,,917,937,TRUE,,,,,,,,,
"South Plaza (X-2, Y-4) - ren4064",left,"Gallineiros District (X-3, Y-4) - lor1740",TRUE,FALSE,,920,393,TRUE,,,,,,,,,
"South Plaza (X-2, Y-4) - ren4064",right,"South Plaza (X-1, Y-6) - ren355 (South)",TRUE,FALSE,,920,917,TRUE,,,,,,,,,
"South Plaza (X+1, Y-4) - ren4066",right,"Faria Slimer Borough (X+2, Y-4) - lor1128 (West)",TRUE,FALSE,,921,210,TRUE,,,,,,,,,
"South Plaza (X+1, Y-4) - ren4066",left,"South Plaza (X-1, Y-6) - ren355 (South)",TRUE,FALSE,,921,917,TRUE,,,,,,,,,
"South Plaza (X-2, Y-3) - ren223 (Main)",right,"Faria Slimer Borough (X+2, Y+0) - yug220 (West)",TRUE,FALSE,,922,237,TRUE,,,,,,,,,
"South Plaza (X-2, Y-3) - ren223 (Main)",left,"Old Rattalia Town (X-3, Y-1) - ren1833 (East)",TRUE,FALSE,,922,498,TRUE,,,,,,,,,
"South Plaza (X-2, Y-3) - ren223 (Main)",up,"South Plaza (X-2, Y-4) - ren4064",TRUE,FALSE,,922,920,TRUE,,,,,,,,,
"South Plaza (X-2, Y-3) - ren223 (Main)",up,"South Plaza (X+1, Y-4) - ren4066",TRUE,FALSE,,922,921,TRUE,,,,,,,,,
"South Plaza (X-2, Y-3) - ren223 (Main)",down,"South Plaza (X-2, Y-3) - ren223 (South)",TRUE,TRUE,,922,923,TRUE,Skipping Stone,FALSE,TRUE,TRUE,TRUE,TRUE,FALSE,FALSE,
"South Plaza (X-2, Y-3) - ren223 (Main)",down,"South Plaza (X-2, Y-3) - ren223 (Southwest)",TRUE,TRUE,,922,924,TRUE,Skipping Stone,FALSE,TRUE,FALSE,TRUE,TRUE,FALSE,FALSE,
"South Plaza (X-2, Y-3) - ren223 (Main)",down,"South Plaza (X-2, Y-3) - ren223 (Southeast)",TRUE,TRUE,,922,925,TRUE,FALSE,FALSE,FALSE,TRUE,TRUE,TRUE,FALSE,FALSE,
"South Plaza (X-2, Y-3) - ren223 (Main)",warp (up),"South Plaza (Interiors) (X-1, Y+1) - ren85",TRUE,FALSE,,922,935,TRUE,,,,,,,,,
"South Plaza (X-2, Y-3) - ren223 (South)",down,"South Plaza (X-1, Y+4) - lor2248 (North)",TRUE,FALSE,,923,929,TRUE,,,,,,,,,
"South Plaza (X-2, Y-3) - ren223 (Southwest)",left,"South Plaza (X-3, Y+3) - ren4152",FALSE,FALSE,7:12:22 PM,924,926,TRUE,,,,,,,,,
"South Plaza (X-2, Y-3) - ren223 (Southeast)",right,"Faria Slimer Borough (X+2, Y+3) - yug1",TRUE,FALSE,,925,250,TRUE,,,,,,,,,
"South Plaza (X-3, Y+3) - ren4152",left,"Old Rattalia Town (X-4, Y+3) - ren4147",FALSE,TRUE,7:09:54 PM,926,520,TRUE,FALSE,FALSE,FALSE,FALSE,FALSE,FALSE,FALSE,Combat 2,
"South Plaza (X-3, Y+3) - ren4152",right,"South Plaza (X-2, Y-3) - ren223 (Southwest)",FALSE,TRUE,7:12:58 PM,926,924,TRUE,FALSE,FALSE,FALSE,FALSE,FALSE,FALSE,FALSE,Combat 2,
"South Plaza (X-2, Y+4) - yug5210",left,"South Plaza (X-3, Y+4) - yug4930",FALSE,FALSE,,928,927,TRUE,,,,,,,,,
"South Plaza (X-1, Y+4) - lor2248 (North)",left,"South Plaza (X-2, Y+4) - yug5210",FALSE,FALSE,,929,928,TRUE,,,,,,,,,
"South Plaza (X-1, Y+4) - lor2248 (North)",right,"South Plaza (X+1, Y+4) - yug4939 (West)",FALSE,FALSE,,929,932,TRUE,,,,,,,,,
"South Plaza (X-1, Y+4) - lor2248 (South)",up,"South Plaza (X-1, Y+4) - lor2248 (North)",FALSE,FALSE,,930,929,TRUE,,,,,,,,,
"South Plaza (X-1, Y+4) - lor2248 (South)",manhole (down),"South Plaza (Sewers) (X-1, Y+4) - lor871",TRUE,FALSE,,930,938,TRUE,,,,,,,,,
"South Plaza (X-1, Y+4) - lor2248 (Southeast)",left,"South Plaza (X-1, Y+4) - lor2248 (South)",FALSE,FALSE,,931,930,TRUE,,,,,,,,,
"South Plaza (X+1, Y+4) - yug4939 (West)",right,"South Plaza (X+1, Y+4) - yug4939 (East)",FALSE,TRUE,,932,933,TRUE,FALSE,FALSE,FALSE,TRUE,TRUE,TRUE,FALSE,FALSE,
"South Plaza (X+1, Y+4) - yug4939 (East)",right,"South Plaza (X+2, Y+4) - yug5154",FALSE,FALSE,,933,934,TRUE,,,,,,,,,
"South Plaza (Sewers) (X-1, Y-5) - ren984",up,"South Plaza (Sewers) (X-1, Y-6) - lor230",FALSE,TRUE,,937,936,TRUE,FALSE,FALSE,FALSE,FALSE,FALSE,FALSE,FALSE,Lever 1 AND Lever 2,
"South Plaza (Sewers) (X-1, Y+4) - lor871",down,"South Plaza (Sewers) (X-1, Y+5) - yug1700 (West)",FALSE,TRUE,,938,939,TRUE,FALSE,FALSE,TRUE,FALSE,Skipping Stone,TRUE,FALSE,FALSE,UFO Throw requires mid-air UFO Throw off corner
"South Plaza (Sewers) (X-1, Y+5) - yug1700 (West)",right,"South Plaza (Sewers) (X-1, Y+5) - yug1700 (East)",FALSE,TRUE,,939,940,TRUE,FALSE,Walk-the-Dog OR Wall Ride,Skipping Stone,FALSE,FALSE,FALSE,FALSE,FALSE,
"Trevosos Motor Club (Interiors) (X-10, Y-6) - ren93",warp (up),"Trevosos Motor Club (X-3, Y+0) - ren212",FALSE,TRUE,,944,941,FALSE,,,,,,,,,
"Trevosos Motor Club (Interiors) (X-10, Y-6) - ren93",warp (up),"Trevosos Motor Club (X+0, Y+0) - ren2",FALSE,FALSE,,944,942,FALSE,,,,,,,,,
"Trevosos Motor Club (Interiors) (X-10, Y-6) - ren93",warp (up),"Trevosos Motor Club (X+2, Y+0) - ren75",FALSE,TRUE,,944,943,FALSE,,,,,,,,,
,,,,,,9999,9999,FALSE,,,,,,,,,
,,,,,,9999,9999,FALSE,,,,,,,,,
,,,,,,9999,9999,FALSE,,,,,,,,,
,,,,,,9999,9999,FALSE,,,,,,,,,
,,,,,,9999,9999,FALSE,,,,,,,,,