Full Room Label,Room Label,Area,Map ID,Room ID,X,Y,W,H,Suffix
"Abandoned Tunnels (X+0, Y+0) - ren1","Abandoned Tunnels (X+0, Y+0) - ren1",Abandoned Tunnels,tunnels,ren1,0,0,1,1,
"Abandoned Tunnels (X+1, Y+0) - ren32","Abandoned Tunnels (X+1, Y+0) - ren32",Abandoned Tunnels,tunnels,ren32,1,0,1,1,
"Abandoned Tunnels (X+0, Y+1) - ren12","Abandoned Tunnels (X+0, Y+1) - ren12",Abandoned Tunnels,tunnels,ren12,0,1,1,1,
"Abandoned Tunnels (X+1, Y+1) - ren22","Abandoned Tunnels (X+1, Y+1) - ren22",Abandoned Tunnels,tunnels,ren22,1,1,1,1,
"Abandoned Tunnels (X+2, Y+1) - ren70","Abandoned Tunnels (X+2, Y+1) - ren70",Abandoned Tunnels,tunnels,ren70,2,1,1,1,
"Abandoned Tunnels (X+4, Y+1) - ren71","Abandoned Tunnels (X+4, Y+1) - ren71",Abandoned Tunnels,tunnels,ren71,4,1,1,1,
"Abandoned Tunnels (X+5, Y+1) - ren50","Abandoned Tunnels (X+5, Y+1) - ren50",Abandoned Tunnels,tunnels,ren50,5,1,1,1,
"Abandoned Tunnels (X+6, Y+1) - ren91","Abandoned Tunnels (X+6, Y+1) - ren91",Abandoned Tunnels,tunnels,ren91,6,1,1,1,
"Abandoned Tunnels (X+0, Y+2) - ren28","Abandoned Tunnels (X+0, Y+2) - ren28",Abandoned Tunnels,tunnels,ren28,0,2,1,1,
"Abandoned Tunnels (X+1, Y+2) - ren76","Abandoned Tunnels (X+1, Y+2) - ren76",Abandoned Tunnels,tunnels,ren76,1,2,1,1,
"Abandoned Tunnels (X+2, Y+2) - ren334","Abandoned Tunnels (X+2, Y+2) - ren334",Abandoned Tunnels,tunnels,ren334,2,2,1,1,
"Abandoned Tunnels (X+3, Y+2) - ren80","Abandoned Tunnels (X+3, Y+2) - ren80",Abandoned Tunnels,tunnels,ren80,3,2,1,1,
"Abandoned Tunnels (X+4, Y+2) - ren349","Abandoned Tunnels (X+4, Y+2) - ren349",Abandoned Tunnels,tunnels,ren349,4,2,1,1,
"Abandoned Tunnels (X+5, Y+2) - ren55","Abandoned Tunnels (X+5, Y+2) - ren55",Abandoned Tunnels,tunnels,ren55,5,2,1,1,
"Abandoned Tunnels (X+6, Y+2) - ren64","Abandoned Tunnels (X+6, Y+2) - ren64",Abandoned Tunnels,tunnels,ren64,6,2,1,1,
"Abandoned Tunnels (X+6, Y+3) - ren106","Abandoned Tunnels (X+6, Y+3) - ren106",Abandoned Tunnels,tunnels,ren106,6,3,1,1,
"Abandoned Tunnels (X+6, Y+4) - ren387","Abandoned Tunnels (X+6, Y+4) - ren387",Abandoned Tunnels,tunnels,ren387,6,4,1,1,
"Abandoned Tunnels (X+7, Y+4) - ren693","Abandoned Tunnels (X+7, Y+4) - ren693",Abandoned Tunnels,tunnels,ren693,7,4,3,1,
"Abandoned Tunnels (X+10, Y+4) - ren422","Abandoned Tunnels (X+10, Y+4) - ren422",Abandoned Tunnels,tunnels,ren422,10,4,1,1,
"Abandoned Tunnels (X+11, Y+4) - ren140","Abandoned Tunnels (X+11, Y+4) - ren140",Abandoned Tunnels,tunnels,ren140,11,4,1,1,
"Canceled Subway Station (X-1, Y-2) - ren899","Canceled Subway Station (X-1, Y-2) - ren899",Canceled Subway Station,subway,ren899,-1,-2,2,4,
"Canceled Subway Station (X-3, Y+1) - ren279","Canceled Subway Station (X-3, Y+1) - ren279",Canceled Subway Station,subway,ren279,-3,1,1,1,
"Canceled Subway Station (X-2, Y+1) - ren32","Canceled Subway Station (X-2, Y+1) - ren32",Canceled Subway Station,subway,ren32,-2,1,1,1,
"Canceled Subway Station (X+1, Y+1) - ren13","Canceled Subway Station (X+1, Y+1) - ren13",Canceled Subway Station,subway,ren13,1,1,1,1,
"Canceled Subway Station (X+2, Y+1) - ren280","Canceled Subway Station (X+2, Y+1) - ren280",Canceled Subway Station,subway,ren280,2,1,1,1,
"Canceled Subway Station (X-3, Y+2) - ren2","Canceled Subway Station (X-3, Y+2) - ren2",Canceled Subway Station,subway,ren2,-3,2,1,2,
"Canceled Subway Station (X-2, Y+2) - ren46","Canceled Subway Station (X-2, Y+2) - ren46",Canceled Subway Station,subway,ren46,-2,2,1,1,
"Canceled Subway Station (X-1, Y+2) - ren162","Canceled Subway Station (X-1, Y+2) - ren162",Canceled Subway Station,subway,ren162,-1,2,2,2,
"Canceled Subway Station (X+1, Y+2) - ren52","Canceled Subway Station (X+1, Y+2) - ren52",Canceled Subway Station,subway,ren52,1,2,1,1,
"Canceled Subway Station (X+2, Y+2) - ren1305","Canceled Subway Station (X+2, Y+2) - ren1305",Canceled Subway Station,subway,ren1305,2,2,1,1,
"Canceled Subway Station (X-2, Y+3) - ren71","Canceled Subway Station (X-2, Y+3) - ren71",Canceled Subway Station,subway,ren71,-2,3,1,1,
"Canceled Subway Station (X+1, Y+3) - ren64","Canceled Subway Station (X+1, Y+3) - ren64",Canceled Subway Station,subway,ren64,1,3,1,1,
"Canceled Subway Station (X+2, Y+3) - ren158","Canceled Subway Station (X+2, Y+3) - ren158",Canceled Subway Station,subway,ren158,2,3,1,1,
"Canceled Subway Station (X-4, Y+4) - ren306","Canceled Subway Station (X-4, Y+4) - ren306",Canceled Subway Station,subway,ren306,-4,4,1,1,
"Canceled Subway Station (X-3, Y+4) - ren468","Canceled Subway Station (X-3, Y+4) - ren468",Canceled Subway Station,subway,ren468,-3,4,1,1,
"Canceled Subway Station (X-2, Y+4) - ren58","Canceled Subway Station (X-2, Y+4) - ren58",Canceled Subway Station,subway,ren58,-2,4,1,1,
"Canceled Subway Station (X-1, Y+4) - ren83","Canceled Subway Station (X-1, Y+4) - ren83",Canceled Subway Station,subway,ren83,-1,4,2,1,
"Canceled Subway Station (X+1, Y+4) - ren108","Canceled Subway Station (X+1, Y+4) - ren108",Canceled Subway Station,subway,ren108,1,4,1,1,
"Canceled Subway Station (X+2, Y+4) - ren157","Canceled Subway Station (X+2, Y+4) - ren157",Canceled Subway Station,subway,ren157,2,4,2,2,
"Canceled Subway Station (X-4, Y+5) - ren317","Canceled Subway Station (X-4, Y+5) - ren317",Canceled Subway Station,subway,ren317,-4,5,2,1,
"Canceled Subway Station (X-2, Y+5) - ren703","Canceled Subway Station (X-2, Y+5) - ren703",Canceled Subway Station,subway,ren703,-2,5,1,1,
"Canceled Subway Station (X-1, Y+5) - ren1122","Canceled Subway Station (X-1, Y+5) - ren1122",Canceled Subway Station,subway,ren1122,-1,5,1,1,
"Canceled Subway Station (X+0, Y+5) - ren1089","Canceled Subway Station (X+0, Y+5) - ren1089",Canceled Subway Station,subway,ren1089,0,5,1,1,
"Canceled Subway Station (X+1, Y+5) - ren969","Canceled Subway Station (X+1, Y+5) - ren969",Canceled Subway Station,subway,ren969,1,5,1,1,
"Canceled Subway Station (X-2, Y+6) - ren123","Canceled Subway Station (X-2, Y+6) - ren123",Canceled Subway Station,subway,ren123,-2,6,4,1,
"Cinemeco Movie Theater (X-3, Y-4) - ren276","Cinemeco Movie Theater (X-3, Y-4) - ren276",Cinemeco Movie Theater,cinema,ren276,-3,-4,1,2,
"Cinemeco Movie Theater (X-2, Y-4) - ren294","Cinemeco Movie Theater (X-2, Y-4) - ren294",Cinemeco Movie Theater,cinema,ren294,-2,-4,3,1,
"Cinemeco Movie Theater (X+1, Y-4) - ren225","Cinemeco Movie Theater (X+1, Y-4) - ren225",Cinemeco Movie Theater,cinema,ren225,1,-4,3,1,
"Cinemeco Movie Theater (X+4, Y-4) - ren100","Cinemeco Movie Theater (X+4, Y-4) - ren100",Cinemeco Movie Theater,cinema,ren100,4,-4,1,2,
"Cinemeco Movie Theater (X-2, Y-3) - ren431","Cinemeco Movie Theater (X-2, Y-3) - ren431",Cinemeco Movie Theater,cinema,ren431,-2,-3,1,1,
"Cinemeco Movie Theater (X-1, Y-3) - ren217","Cinemeco Movie Theater (X-1, Y-3) - ren217",Cinemeco Movie Theater,cinema,ren217,-1,-3,1,1,
"Cinemeco Movie Theater (X+0, Y-3) - ren114","Cinemeco Movie Theater (X+0, Y-3) - ren114",Cinemeco Movie Theater,cinema,ren114,0,-3,1,2,
"Cinemeco Movie Theater (X+1, Y-3) - ren2","Cinemeco Movie Theater (X+1, Y-3) - ren2",Cinemeco Movie Theater,cinema,ren2,1,-3,1,2,
"Cinemeco Movie Theater (X+2, Y-3) - ren75","Cinemeco Movie Theater (X+2, Y-3) - ren75",Cinemeco Movie Theater,cinema,ren75,2,-3,1,1,
"Cinemeco Movie Theater (X+3, Y-3) - ren652","Cinemeco Movie Theater (X+3, Y-3) - ren652",Cinemeco Movie Theater,cinema,ren652,3,-3,1,1,
"Cinemeco Movie Theater (X-3, Y-2) - ren271","Cinemeco Movie Theater (X-3, Y-2) - ren271",Cinemeco Movie Theater,cinema,ren271,-3,-2,1,1,
"Cinemeco Movie Theater (X-2, Y-2) - ren244","Cinemeco Movie Theater (X-2, Y-2) - ren244",Cinemeco Movie Theater,cinema,ren244,-2,-2,1,1,
"Cinemeco Movie Theater (X-1, Y-2) - ren221","Cinemeco Movie Theater (X-1, Y-2) - ren221",Cinemeco Movie Theater,cinema,ren221,-1,-2,1,1,
"Cinemeco Movie Theater (X+2, Y-2) - ren252","Cinemeco Movie Theater (X+2, Y-2) - ren252",Cinemeco Movie Theater,cinema,ren252,2,-2,1,1,
"Cinemeco Movie Theater (X+3, Y-2) - ren261","Cinemeco Movie Theater (X+3, Y-2) - ren261",Cinemeco Movie Theater,cinema,ren261,3,-2,1,1,
"Cinemeco Movie Theater (X+4, Y-2) - ren85","Cinemeco Movie Theater (X+4, Y-2) - ren85",Cinemeco Movie Theater,cinema,ren85,4,-2,1,1,
"Cinemeco Movie Theater (X-1, Y-1) - ren215","Cinemeco Movie Theater (X-1, Y-1) - ren215",Cinemeco Movie Theater,cinema,ren215,-1,-1,1,1,
"Cinemeco Movie Theater (X+0, Y-1) - ren189","Cinemeco Movie Theater (X+0, Y-1) - ren189",Cinemeco Movie Theater,cinema,ren189,0,-1,2,1,
"Cinemeco Movie Theater (X+0, Y+0) - ren475","Cinemeco Movie Theater (X+0, Y+0) - ren475",Cinemeco Movie Theater,cinema,ren475,0,0,2,1,
"Escape House (X-2, Y-4) - lor107","Escape House (X-2, Y-4) - lor107",Escape House,escapehouse,lor107,-2,-4,1,1,
"Escape House (X-1, Y-4) - lor38","Escape House (X-1, Y-4) - lor38",Escape House,escapehouse,lor38,-1,-4,3,1,
"Escape House (X+2, Y-4) - lor69","Escape House (X+2, Y-4) - lor69",Escape House,escapehouse,lor69,2,-4,1,1,
"Escape House (X-2, Y-3) - lor112","Escape House (X-2, Y-3) - lor112",Escape House,escapehouse,lor112,-2,-3,1,1,
"Escape House (X-1, Y-3) - ren1054","Escape House (X-1, Y-3) - ren1054",Escape House,escapehouse,ren1054,-1,-3,1,1,
"Escape House (X+0, Y-3) - lor89","Escape House (X+0, Y-3) - lor89",Escape House,escapehouse,lor89,0,-3,2,1,
"Escape House (X+2, Y-3) - lor124","Escape House (X+2, Y-3) - lor124",Escape House,escapehouse,lor124,2,-3,1,1,
"Escape House (X-2, Y-2) - lor34","Escape House (X-2, Y-2) - lor34",Escape House,escapehouse,lor34,-2,-2,1,2,
"Escape House (X-1, Y-2) - lor33","Escape House (X-1, Y-2) - lor33",Escape House,escapehouse,lor33,-1,-2,1,2,
"Escape House (X+0, Y-2) - lor74","Escape House (X+0, Y-2) - lor74",Escape House,escapehouse,lor74,0,-2,1,1,
"Escape House (X+1, Y-2) - lor76","Escape House (X+1, Y-2) - lor76",Escape House,escapehouse,lor76,1,-2,1,1,
"Escape House (X+2, Y-2) - lor31","Escape House (X+2, Y-2) - lor31",Escape House,escapehouse,lor31,2,-2,1,1,
"Escape House (X+0, Y-1) - lor10","Escape House (X+0, Y-1) - lor10",Escape House,escapehouse,lor10,0,-1,1,1,
"Escape House (X+1, Y-1) - lor29","Escape House (X+1, Y-1) - lor29",Escape House,escapehouse,lor29,1,-1,1,1,
"Escape House (X+2, Y-1) - lor30","Escape House (X+2, Y-1) - lor30",Escape House,escapehouse,lor30,2,-1,1,1,
"FadaFest Convention (X+2, Y-11) - yug167","FadaFest Convention (X+2, Y-11) - yug167",FadaFest Convention,dungeon3,yug167,2,-11,1,1,
"FadaFest Convention (X+3, Y-11) - yug301","FadaFest Convention (X+3, Y-11) - yug301",FadaFest Convention,dungeon3,yug301,3,-11,1,1,
"FadaFest Convention (X+4, Y-11) - ren891","FadaFest Convention (X+4, Y-11) - ren891",FadaFest Convention,dungeon3,ren891,4,-11,1,1,
"FadaFest Convention (X+5, Y-11) - yug211","FadaFest Convention (X+5, Y-11) - yug211",FadaFest Convention,dungeon3,yug211,5,-11,1,1,
"FadaFest Convention (X+0, Y-10) - yug762","FadaFest Convention (X+0, Y-10) - yug762",FadaFest Convention,dungeon3,yug762,0,-10,2,2,
"FadaFest Convention (X+2, Y-10) - yug37","FadaFest Convention (X+2, Y-10) - yug37",FadaFest Convention,dungeon3,yug37,2,-10,1,1,
"FadaFest Convention (X+3, Y-10) - yug30","FadaFest Convention (X+3, Y-10) - yug30",FadaFest Convention,dungeon3,yug30,3,-10,1,1,
"FadaFest Convention (X+4, Y-10) - yug204","FadaFest Convention (X+4, Y-10) - yug204",FadaFest Convention,dungeon3,yug204,4,-10,1,1,
"FadaFest Convention (X+5, Y-10) - yug24","FadaFest Convention (X+5, Y-10) - yug24",FadaFest Convention,dungeon3,yug24,5,-10,1,1,
"FadaFest Convention (X+6, Y-10) - lor331","FadaFest Convention (X+6, Y-10) - lor331",FadaFest Convention,dungeon3,lor331,6,-10,1,1,
"FadaFest Convention (X+7, Y-10) - yug193","FadaFest Convention (X+7, Y-10) - yug193",FadaFest Convention,dungeon3,yug193,7,-10,1,1,
"FadaFest Convention (X+2, Y-9) - yug171","FadaFest Convention (X+2, Y-9) - yug171",FadaFest Convention,dungeon3,yug171,2,-9,1,1,
"FadaFest Convention (X+3, Y-9) - yug15","FadaFest Convention (X+3, Y-9) - yug15",FadaFest Convention,dungeon3,yug15,3,-9,1,3,
"FadaFest Convention (X+4, Y-9) - yug80","FadaFest Convention (X+4, Y-9) - yug80",FadaFest Convention,dungeon3,yug80,4,-9,2,1,
"FadaFest Convention (X+6, Y-9) - yug284","FadaFest Convention (X+6, Y-9) - yug284",FadaFest Convention,dungeon3,yug284,6,-9,1,1,
"FadaFest Convention (X+7, Y-9) - yug149","FadaFest Convention (X+7, Y-9) - yug149",FadaFest Convention,dungeon3,yug149,7,-9,1,1,
"FadaFest Convention (X+0, Y-8) - yug761","FadaFest Convention (X+0, Y-8) - yug761",FadaFest Convention,dungeon3,yug761,0,-8,2,1,
"FadaFest Convention (X+2, Y-8) - yug50","FadaFest Convention (X+2, Y-8) - yug50",FadaFest Convention,dungeon3,yug50,2,-8,1,2,
"FadaFest Convention (X+4, Y-8) - ren878","FadaFest Convention (X+4, Y-8) - ren878",FadaFest Convention,dungeon3,ren878,4,-8,1,1,
"FadaFest Convention (X+5, Y-8) - yug64","FadaFest Convention (X+5, Y-8) - yug64",FadaFest Convention,dungeon3,yug64,5,-8,1,1,
"FadaFest Convention (X+6, Y-8) - yug100","FadaFest Convention (X+6, Y-8) - yug100",FadaFest Convention,dungeon3,yug100,6,-8,1,1,
"FadaFest Convention (X+7, Y-8) - lor336","FadaFest Convention (X+7, Y-8) - lor336",FadaFest Convention,dungeon3,lor336,7,-8,1,1,
"FadaFest Convention (X+0, Y-7) - yug221","FadaFest Convention (X+0, Y-7) - yug221",FadaFest Convention,dungeon3,yug221,0,-7,2,2,
"FadaFest Convention (X+4, Y-7) - yug183","FadaFest Convention (X+4, Y-7) - yug183",FadaFest Convention,dungeon3,yug183,4,-7,2,1,
"FadaFest Convention (X+6, Y-7) - yug98","FadaFest Convention (X+6, Y-7) - yug98",FadaFest Convention,dungeon3,yug98,6,-7,1,2,
"FadaFest Convention (X+7, Y-7) - yug142","FadaFest Convention (X+7, Y-7) - yug142",FadaFest Convention,dungeon3,yug142,7,-7,1,1,
"FadaFest Convention (X+2, Y-6) - yug1","FadaFest Convention (X+2, Y-6) - yug1",FadaFest Convention,dungeon3,yug1,2,-6,2,2,
"FadaFest Convention (X+4, Y-6) - yug43","FadaFest Convention (X+4, Y-6) - yug43",FadaFest Convention,dungeon3,yug43,4,-6,2,1,
"FadaFest Convention (X+7, Y-6) - yug137","FadaFest Convention (X+7, Y-6) - yug137",FadaFest Convention,dungeon3,yug137,7,-6,1,2,
"FadaFest Convention (X+0, Y-5) - lor2","FadaFest Convention (X+0, Y-5) - lor2",FadaFest Convention,dungeon3,lor2,0,-5,2,3,
"FadaFest Convention (X+4, Y-5) - yug135","FadaFest Convention (X+4, Y-5) - yug135",FadaFest Convention,dungeon3,yug135,4,-5,1,1,
"FadaFest Convention (X+5, Y-5) - yug228","FadaFest Convention (X+5, Y-5) - yug228",FadaFest Convention,dungeon3,yug228,5,-5,1,1,
"FadaFest Convention (X+6, Y-5) - lor420","FadaFest Convention (X+6, Y-5) - lor420",FadaFest Convention,dungeon3,lor420,6,-5,1,1,
"FadaFest Convention (X+2, Y-4) - lor161","FadaFest Convention (X+2, Y-4) - lor161",FadaFest Convention,dungeon3,lor161,2,-4,1,2,
"FadaFest Convention (X+3, Y-4) - ren818","FadaFest Convention (X+3, Y-4) - ren818",FadaFest Convention,dungeon3,ren818,3,-4,1,1,
"FadaFest Convention (X+4, Y-4) - ren543","FadaFest Convention (X+4, Y-4) - ren543",FadaFest Convention,dungeon3,ren543,4,-4,1,1,
"FadaFest Convention (X+5, Y-4) - ren428","FadaFest Convention (X+5, Y-4) - ren428",FadaFest Convention,dungeon3,ren428,5,-4,1,1,
"FadaFest Convention (X+6, Y-4) - lor108","FadaFest Convention (X+6, Y-4) - lor108",FadaFest Convention,dungeon3,lor108,6,-4,1,1,
"FadaFest Convention (X+7, Y-4) - ren239","FadaFest Convention (X+7, Y-4) - ren239",FadaFest Convention,dungeon3,ren239,7,-4,1,1,
"FadaFest Convention (X+3, Y-3) - ren527","FadaFest Convention (X+3, Y-3) - ren527",FadaFest Convention,dungeon3,ren527,3,-3,1,1,
"FadaFest Convention (X+4, Y-3) - lor133","FadaFest Convention (X+4, Y-3) - lor133",FadaFest Convention,dungeon3,lor133,4,-3,1,1,
"FadaFest Convention (X+5, Y-3) - lor103","FadaFest Convention (X+5, Y-3) - lor103",FadaFest Convention,dungeon3,lor103,5,-3,1,1,
"FadaFest Convention (X+6, Y-3) - lor99","FadaFest Convention (X+6, Y-3) - lor99",FadaFest Convention,dungeon3,lor99,6,-3,1,1,
"FadaFest Convention (X+7, Y-3) - lor106","FadaFest Convention (X+7, Y-3) - lor106",FadaFest Convention,dungeon3,lor106,7,-3,1,1,
"FadaFest Convention (X+0, Y-2) - lor1","FadaFest Convention (X+0, Y-2) - lor1",FadaFest Convention,dungeon3,lor1,0,-2,2,3,
"FadaFest Convention (X+2, Y-2) - lor75","FadaFest Convention (X+2, Y-2) - lor75",FadaFest Convention,dungeon3,lor75,2,-2,1,1,
"FadaFest Convention (X+3, Y-2) - lor64","FadaFest Convention (X+3, Y-2) - lor64",FadaFest Convention,dungeon3,lor64,3,-2,2,2,
"FadaFest Convention (X+5, Y-2) - lor81","FadaFest Convention (X+5, Y-2) - lor81",FadaFest Convention,dungeon3,lor81,5,-2,1,1,
"FadaFest Convention (X+6, Y-2) - lor110","FadaFest Convention (X+6, Y-2) - lor110",FadaFest Convention,dungeon3,lor110,6,-2,1,1,
"FadaFest Convention (X+7, Y-2) - lor116","FadaFest Convention (X+7, Y-2) - lor116",FadaFest Convention,dungeon3,lor116,7,-2,1,1,
"FadaFest Convention (X+2, Y-1) - lor3","FadaFest Convention (X+2, Y-1) - lor3",FadaFest Convention,dungeon3,lor3,2,-1,1,1,
"FadaFest Convention (X+5, Y-1) - ren327","FadaFest Convention (X+5, Y-1) - ren327",FadaFest Convention,dungeon3,ren327,5,-1,1,1,
"FadaFest Convention (X+6, Y-1) - lor118","FadaFest Convention (X+6, Y-1) - lor118",FadaFest Convention,dungeon3,lor118,6,-1,1,1,
"FadaFest Convention (X+7, Y-1) - ren335","FadaFest Convention (X+7, Y-1) - ren335",FadaFest Convention,dungeon3,ren335,7,-1,1,1,
"FadaFest Convention (X+2, Y+0) - yug763","FadaFest Convention (X+2, Y+0) - yug763",FadaFest Convention,dungeon3,yug763,2,0,1,1,
"FadaFest Convention (X+3, Y+0) - lor566","FadaFest Convention (X+3, Y+0) - lor566",FadaFest Convention,dungeon3,lor566,3,0,1,1,
"FadaFest Convention (X+4, Y+0) - lor76","FadaFest Convention (X+4, Y+0) - lor76",FadaFest Convention,dungeon3,lor76,4,0,1,1,
"FadaFest Convention (X+5, Y+0) - yug750","FadaFest Convention (X+5, Y+0) - yug750",FadaFest Convention,dungeon3,yug750,5,0,1,1,
"FadaFest Convention (X+6, Y+0) - yug752","FadaFest Convention (X+6, Y+0) - yug752",FadaFest Convention,dungeon3,yug752,6,0,1,1,
"FadaFest Convention (X+7, Y+0) - ren945","FadaFest Convention (X+7, Y+0) - ren945",FadaFest Convention,dungeon3,ren945,7,0,1,1,
"Fadalins Neighborhood (X+1, Y-15) - ren4961","Fadalins Neighborhood (X+1, Y-15) - ren4961",Fadalins Neighborhood,city,ren4961,1,-15,1,1,
"Fadalins Neighborhood (X+2, Y-15) - ren5026","Fadalins Neighborhood (X+2, Y-15) - ren5026",Fadalins Neighborhood,city,ren5026,2,-15,1,1,
"Fadalins Neighborhood (X+3, Y-15) - ren5061","Fadalins Neighborhood (X+3, Y-15) - ren5061",Fadalins Neighborhood,city,ren5061,3,-15,1,1,
"Fadalins Neighborhood (X+4, Y-15) - ren4894","Fadalins Neighborhood (X+4, Y-15) - ren4894",Fadalins Neighborhood,city,ren4894,4,-15,2,4,
"Fadalins Neighborhood (X+6, Y-15) - ren5063","Fadalins Neighborhood (X+6, Y-15) - ren5063",Fadalins Neighborhood,city,ren5063,6,-15,2,3,
"Fadalins Neighborhood (X+8, Y-15) - lor2641","Fadalins Neighborhood (X+8, Y-15) - lor2641",Fadalins Neighborhood,city,lor2641,8,-15,1,3,
"Fadalins Neighborhood (X+9, Y-15) - yug5291","Fadalins Neighborhood (X+9, Y-15) - yug5291",Fadalins Neighborhood,city,yug5291,9,-15,1,7,
"Fadalins Neighborhood (X+1, Y-14) - ren4952","Fadalins Neighborhood (X+1, Y-14) - ren4952",Fadalins Neighborhood,city,ren4952,1,-14,1,1,
"Fadalins Neighborhood (X+2, Y-14) - ren4960","Fadalins Neighborhood (X+2, Y-14) - ren4960",Fadalins Neighborhood,city,ren4960,2,-14,1,1,
"Fadalins Neighborhood (X+3, Y-14) - ren5031","Fadalins Neighborhood (X+3, Y-14) - ren5031",Fadalins Neighborhood,city,ren5031,3,-14,1,1,
"Fadalins Neighborhood (X+1, Y-13) - ren4933","Fadalins Neighborhood (X+1, Y-13) - ren4933",Fadalins Neighborhood,city,ren4933,1,-13,2,1,
"Fadalins Neighborhood (X+3, Y-13) - ren4930","Fadalins Neighborhood (X+3, Y-13) - ren4930",Fadalins Neighborhood,city,ren4930,3,-13,1,1,
"Fadalins Neighborhood (X+1, Y-12) - ren4873","Fadalins Neighborhood (X+1, Y-12) - ren4873",Fadalins Neighborhood,city,ren4873,1,-12,3,4,
"Fadalins Neighborhood (X+6, Y-12) - ren4889","Fadalins Neighborhood (X+6, Y-12) - ren4889",Fadalins Neighborhood,city,ren4889,6,-12,1,1,
"Fadalins Neighborhood (X+7, Y-12) - ren5069","Fadalins Neighborhood (X+7, Y-12) - ren5069",Fadalins Neighborhood,city,ren5069,7,-12,1,6,
"Fadalins Neighborhood (X+8, Y-12) - yug5318","Fadalins Neighborhood (X+8, Y-12) - yug5318",Fadalins Neighborhood,city,yug5318,8,-12,1,6,
"Fadalins Neighborhood (X+4, Y-11) - ren4879","Fadalins Neighborhood (X+4, Y-11) - ren4879",Fadalins Neighborhood,city,ren4879,4,-11,3,3,
"Fadalins Neighborhood (X+1, Y-8) - lor1096","Fadalins Neighborhood (X+1, Y-8) - lor1096",Fadalins Neighborhood,city,lor1096,1,-8,2,2,
"Fadalins Neighborhood (X+3, Y-8) - ren4861","Fadalins Neighborhood (X+3, Y-8) - ren4861",Fadalins Neighborhood,city,ren4861,3,-8,4,2,
"Fadalins Neighborhood (X+9, Y-8) - yug5567","Fadalins Neighborhood (X+9, Y-8) - yug5567",Fadalins Neighborhood,city,yug5567,9,-8,1,1,
"Fadalins Neighborhood (Interiors) (X+6, Y-15) - ren1022","Fadalins Neighborhood (Interiors) (X+6, Y-15) - ren1022",Fadalins Neighborhood (Interiors),city_interiors,ren1022,6,-15,1,1,
"Fadalins Neighborhood (Interiors) (X+5, Y-13) - yug409","Fadalins Neighborhood (Interiors) (X+5, Y-13) - yug409",Fadalins Neighborhood (Interiors),city_interiors,yug409,5,-13,1,1,
"Fadalins Neighborhood (Interiors) (X+5, Y-11) - lor334","Fadalins Neighborhood (Interiors) (X+5, Y-11) - lor334",Fadalins Neighborhood (Interiors),city_interiors,lor334,5,-11,1,1,
"Fadalins Neighborhood (Interiors) (X+4, Y-10) - lor442","Fadalins Neighborhood (Interiors) (X+4, Y-10) - lor442",Fadalins Neighborhood (Interiors),city_interiors,lor442,4,-10,1,1,
"Fadalins Neighborhood (Interiors) (X+3, Y-8) - lor268","Fadalins Neighborhood (Interiors) (X+3, Y-8) - lor268",Fadalins Neighborhood (Interiors),city_interiors,lor268,3,-8,1,1,
"Fadalins Neighborhood (Sewers) (X+2, Y-16) - ren1669","Fadalins Neighborhood (Sewers) (X+2, Y-16) - ren1669",Fadalins Neighborhood (Sewers),city_underground,ren1669,2,-16,2,2,
"Fadalins Neighborhood (Sewers) (X+4, Y-16) - ren1673","Fadalins Neighborhood (Sewers) (X+4, Y-16) - ren1673",Fadalins Neighborhood (Sewers),city_underground,ren1673,4,-16,2,1,
"Fadalins Neighborhood (Sewers) (X+1, Y-15) - ren1638","Fadalins Neighborhood (Sewers) (X+1, Y-15) - ren1638",Fadalins Neighborhood (Sewers),city_underground,ren1638,1,-15,1,1,
"Fadalins Neighborhood (Sewers) (X+4, Y-15) - ren1660","Fadalins Neighborhood (Sewers) (X+4, Y-15) - ren1660",Fadalins Neighborhood (Sewers),city_underground,ren1660,4,-15,2,1,
"Fadalins Neighborhood (Sewers) (X+6, Y-15) - yug1615","Fadalins Neighborhood (Sewers) (X+6, Y-15) - yug1615",Fadalins Neighborhood (Sewers),city_underground,yug1615,6,-15,1,1,
"Fadalins Neighborhood (Sewers) (X+2, Y-14) - ren1782","Fadalins Neighborhood (Sewers) (X+2, Y-14) - ren1782",Fadalins Neighborhood (Sewers),city_underground,ren1782,2,-14,1,1,
"Fadalins Neighborhood (Sewers) (X+3, Y-14) - lor242","Fadalins Neighborhood (Sewers) (X+3, Y-14) - lor242",Fadalins Neighborhood (Sewers),city_underground,lor242,3,-14,1,1,
"Fadalins Neighborhood (Sewers) (X+4, Y-14) - ren1663","Fadalins Neighborhood (Sewers) (X+4, Y-14) - ren1663",Fadalins Neighborhood (Sewers),city_underground,ren1663,4,-14,1,1,
"Fadalins Neighborhood (Sewers) (X+5, Y-14) - ren3871","Fadalins Neighborhood (Sewers) (X+5, Y-14) - ren3871",Fadalins Neighborhood (Sewers),city_underground,ren3871,5,-14,1,1,
"Fadalins Neighborhood (Sewers) (X+6, Y-14) - ren3560","Fadalins Neighborhood (Sewers) (X+6, Y-14) - ren3560",Fadalins Neighborhood (Sewers),city_underground,ren3560,6,-14,1,1,
"Fadalins Neighborhood (Sewers) (X+7, Y-14) - ren3411","Fadalins Neighborhood (Sewers) (X+7, Y-14) - ren3411",Fadalins Neighborhood (Sewers),city_underground,ren3411,7,-14,3,2,
"Fadalins Neighborhood (Sewers) (X+4, Y-13) - ren1686","Fadalins Neighborhood (Sewers) (X+4, Y-13) - ren1686",Fadalins Neighborhood (Sewers),city_underground,ren1686,4,-13,1,1,
"Fadalins Neighborhood (Sewers) (X+5, Y-13) - ren1684","Fadalins Neighborhood (Sewers) (X+5, Y-13) - ren1684",Fadalins Neighborhood (Sewers),city_underground,ren1684,5,-13,1,1,
"Fadalins Neighborhood (Sewers) (X+10, Y-13) - ren3454","Fadalins Neighborhood (Sewers) (X+10, Y-13) - ren3454",Fadalins Neighborhood (Sewers),city_underground,ren3454,10,-13,1,1,
"Fadalins Neighborhood (Sewers) (X+3, Y-12) - yug1635","Fadalins Neighborhood (Sewers) (X+3, Y-12) - yug1635",Fadalins Neighborhood (Sewers),city_underground,yug1635,3,-12,1,2,
"Fadalins Neighborhood (Sewers) (X+4, Y-12) - ren1678","Fadalins Neighborhood (Sewers) (X+4, Y-12) - ren1678",Fadalins Neighborhood (Sewers),city_underground,ren1678,4,-12,2,1,
"Fadalins Neighborhood (Sewers) (X+7, Y-12) - ren3410","Fadalins Neighborhood (Sewers) (X+7, Y-12) - ren3410",Fadalins Neighborhood (Sewers),city_underground,ren3410,7,-12,1,1,
"Fadalins Neighborhood (Sewers) (X+8, Y-12) - ren3413","Fadalins Neighborhood (Sewers) (X+8, Y-12) - ren3413",Fadalins Neighborhood (Sewers),city_underground,ren3413,8,-12,3,1,
"Fadalins Neighborhood (Sewers) (X+3, Y-10) - ren1769","Fadalins Neighborhood (Sewers) (X+3, Y-10) - ren1769",Fadalins Neighborhood (Sewers),city_underground,ren1769,3,-10,1,2,
"Fadalins Neighborhood (Sewers) (X+4, Y-10) - ren1648","Fadalins Neighborhood (Sewers) (X+4, Y-10) - ren1648",Fadalins Neighborhood (Sewers),city_underground,ren1648,4,-10,2,1,
"Fadalins Neighborhood (Sewers) (X+4, Y-9) - ren1653","Fadalins Neighborhood (Sewers) (X+4, Y-9) - ren1653",Fadalins Neighborhood (Sewers),city_underground,ren1653,4,-9,2,1,
"Fadalins Neighborhood (Sewers) (X+4, Y-8) - yug2167","Fadalins Neighborhood (Sewers) (X+4, Y-8) - yug2167",Fadalins Neighborhood (Sewers),city_underground,yug2167,4,-8,1,1,
"Fadalins Neighborhood (Sewers) (X+5, Y-8) - yug2151","Fadalins Neighborhood (Sewers) (X+5, Y-8) - yug2151",Fadalins Neighborhood (Sewers),city_underground,yug2151,5,-8,1,1,
"Fadolio Eternatum Museum (X+1, Y-4) - yug2","Fadolio Eternatum Museum (X+1, Y-4) - yug2",Fadolio Eternatum Museum,museum,yug2,1,-4,2,3,
"Fadolio Eternatum Museum (X-1, Y-3) - yug43","Fadolio Eternatum Museum (X-1, Y-3) - yug43",Fadolio Eternatum Museum,museum,yug43,-1,-3,2,3,
"Faria Slimer Borough (X+9, Y-7) - yug3435","Faria Slimer Borough (X+9, Y-7) - yug3435",Faria Slimer Borough,city,yug3435,9,-7,1,1,
"Faria Slimer Borough (X+1, Y-6) - lor1097","Faria Slimer Borough (X+1, Y-6) - lor1097",Faria Slimer Borough,city,lor1097,1,-6,2,2,
"Faria Slimer Borough (X+3, Y-6) - yug1263","Faria Slimer Borough (X+3, Y-6) - yug1263",Faria Slimer Borough,city,yug1263,3,-6,1,1,
"Faria Slimer Borough (X+4, Y-6) - yug173","Faria Slimer Borough (X+4, Y-6) - yug173",Faria Slimer Borough,city,yug173,4,-6,3,1,
"Faria Slimer Borough (X+7, Y-6) - yug171 (Main)","Faria Slimer Borough (X+7, Y-6) - yug171",Faria Slimer Borough,city,yug171,7,-6,1,1, (Main)
"Faria Slimer Borough (X+7, Y-6) - yug171 (East)","Faria Slimer Borough (X+7, Y-6) - yug171",Faria Slimer Borough,city,yug171,7,-6,1,1, (East)
"Faria Slimer Borough (X+8, Y-6) - yug3298","Faria Slimer Borough (X+8, Y-6) - yug3298",Faria Slimer Borough,city,yug3298,8,-6,1,1,
"Faria Slimer Borough (X+9, Y-6) - yug3411","Faria Slimer Borough (X+9, Y-6) - yug3411",Faria Slimer Borough,city,yug3411,9,-6,1,1,
"Faria Slimer Borough (X+3, Y-5) - yug20","Faria Slimer Borough (X+3, Y-5) - yug20",Faria Slimer Borough,city,yug20,3,-5,1,1,
"Faria Slimer Borough (X+4, Y-5) - yug208 (North)","Faria Slimer Borough (X+4, Y-5) - yug208",Faria Slimer Borough,city,yug208,4,-5,1,2, (North)
"Faria Slimer Borough (X+4, Y-5) - yug208 (South)","Faria Slimer Borough (X+4, Y-5) - yug208",Faria Slimer Borough,city,yug208,4,-5,1,2, (South)
"Faria Slimer Borough (X+5, Y-5) - yug183","Faria Slimer Borough (X+5, Y-5) - yug183",Faria Slimer Borough,city,yug183,5,-5,1,1,
"Faria Slimer Borough (X+6, Y-5) - yug23","Faria Slimer Borough (X+6, Y-5) - yug23",Faria Slimer Borough,city,yug23,6,-5,1,1,
"Faria Slimer Borough (X+7, Y-5) - yug3458","Faria Slimer Borough (X+7, Y-5) - yug3458",Faria Slimer Borough,city,yug3458,7,-5,1,1,
"Faria Slimer Borough (X+8, Y-5) - yug3276","Faria Slimer Borough (X+8, Y-5) - yug3276",Faria Slimer Borough,city,yug3276,8,-5,1,1,
"Faria Slimer Borough (X+9, Y-5) - yug3320 (Main)","Faria Slimer Borough (X+9, Y-5) - yug3320",Faria Slimer Borough,city,yug3320,9,-5,1,1, (Main)
"Faria Slimer Borough (X+9, Y-5) - yug3320 (South Alcove)","Faria Slimer Borough (X+9, Y-5) - yug3320",Faria Slimer Borough,city,yug3320,9,-5,1,1, (South Alcove)
"Faria Slimer Borough (X+2, Y-4) - lor1128 (West)","Faria Slimer Borough (X+2, Y-4) - lor1128",Faria Slimer Borough,city,lor1128,2,-4,1,1, (West)
"Faria Slimer Borough (X+2, Y-4) - lor1128 (East)","Faria Slimer Borough (X+2, Y-4) - lor1128",Faria Slimer Borough,city,lor1128,2,-4,1,1, (East)
"Faria Slimer Borough (X+3, Y-4) - yug19","Faria Slimer Borough (X+3, Y-4) - yug19",Faria Slimer Borough,city,yug19,3,-4,1,1,
"Faria Slimer Borough (X+5, Y-4) - yug190","Faria Slimer Borough (X+5, Y-4) - yug190",Faria Slimer Borough,city,yug190,5,-4,1,1,
"Faria Slimer Borough (X+6, Y-4) - yug187","Faria Slimer Borough (X+6, Y-4) - yug187",Faria Slimer Borough,city,yug187,6,-4,1,1,
"Faria Slimer Borough (X+7, Y-4) - yug202 (Main)","Faria Slimer Borough (X+7, Y-4) - yug202",Faria Slimer Borough,city,yug202,7,-4,1,1, (Main)
"Faria Slimer Borough (X+7, Y-4) - yug202 (West Alcove)","Faria Slimer Borough (X+7, Y-4) - yug202",Faria Slimer Borough,city,yug202,7,-4,1,1, (West Alcove)
"Faria Slimer Borough (X+8, Y-4) - yug169","Faria Slimer Borough (X+8, Y-4) - yug169",Faria Slimer Borough,city,yug169,8,-4,1,1,
"Faria Slimer Borough (X+9, Y-4) - yug3345","Faria Slimer Borough (X+9, Y-4) - yug3345",Faria Slimer Borough,city,yug3345,9,-4,1,1,
"Faria Slimer Borough (X+2, Y-3) - lor1129","Faria Slimer Borough (X+2, Y-3) - lor1129",Faria Slimer Borough,city,lor1129,2,-3,1,1,
"Faria Slimer Borough (X+3, Y-3) - yug71","Faria Slimer Borough (X+3, Y-3) - yug71",Faria Slimer Borough,city,yug71,3,-3,1,1,
"Faria Slimer Borough (X+4, Y-3) - yug2741 (Main)","Faria Slimer Borough (X+4, Y-3) - yug2741",Faria Slimer Borough,city,yug2741,4,-3,4,3, (Main)
"Faria Slimer Borough (X+4, Y-3) - yug2741 (North)","Faria Slimer Borough (X+4, Y-3) - yug2741",Faria Slimer Borough,city,yug2741,4,-3,4,3, (North)
"Faria Slimer Borough (X+4, Y-3) - yug2741 (East Alcove)","Faria Slimer Borough (X+4, Y-3) - yug2741",Faria Slimer Borough,city,yug2741,4,-3,4,3, (East Alcove)
"Faria Slimer Borough (X+8, Y-3) - yug108 (Main)","Faria Slimer Borough (X+8, Y-3) - yug108",Faria Slimer Borough,city,yug108,8,-3,2,4, (Main)
"Faria Slimer Borough (X+8, Y-3) - yug108 (Northwest)","Faria Slimer Borough (X+8, Y-3) - yug108",Faria Slimer Borough,city,yug108,8,-3,2,4, (Northwest)
"Faria Slimer Borough (X+8, Y-3) - yug108 (Northeast)","Faria Slimer Borough (X+8, Y-3) - yug108",Faria Slimer Borough,city,yug108,8,-3,2,4, (Northeast)
"Faria Slimer Borough (X+8, Y-3) - yug108 (Southwest)","Faria Slimer Borough (X+8, Y-3) - yug108",Faria Slimer Borough,city,yug108,8,-3,2,4, (Southwest)
"Faria Slimer Borough (X+8, Y-3) - yug108 (Southeast)","Faria Slimer Borough (X+8, Y-3) - yug108",Faria Slimer Borough,city,yug108,8,-3,2,4, (Southeast)
"Faria Slimer Borough (X+8, Y-3) - yug108 (Dungeon Entrance)","Faria Slimer Borough (X+8, Y-3) - yug108",Faria Slimer Borough,city,yug108,8,-3,2,4, (Dungeon Entrance)
"Faria Slimer Borough (X+10, Y-3) - yug60","Faria Slimer Borough (X+10, Y-3) - yug60",Faria Slimer Borough,city,yug60,10,-3,1,1,
"Faria Slimer Borough (X+2, Y-2) - yug2715","Faria Slimer Borough (X+2, Y-2) - yug2715",Faria Slimer Borough,city,yug2715,2,-2,1,1,
"Faria Slimer Borough (X+3, Y-2) - yug259","Faria Slimer Borough (X+3, Y-2) - yug259",Faria Slimer Borough,city,yug259,3,-2,1,1,
"Faria Slimer Borough (X+10, Y-2) - yug56 (Main)","Faria Slimer Borough (X+10, Y-2) - yug56",Faria Slimer Borough,city,yug56,10,-2,1,1, (Main)
"Faria Slimer Borough (X+10, Y-2) - yug56 (East)","Faria Slimer Borough (X+10, Y-2) - yug56",Faria Slimer Borough,city,yug56,10,-2,1,1, (East)
"Faria Slimer Borough (X+2, Y-1) - yug2440","Faria Slimer Borough (X+2, Y-1) - yug2440",Faria Slimer Borough,city,yug2440,2,-1,1,1,
"Faria Slimer Borough (X+3, Y-1) - yug96","Faria Slimer Borough (X+3, Y-1) - yug96",Faria Slimer Borough,city,yug96,3,-1,1,2,
"Faria Slimer Borough (X+10, Y-1) - yug61 (Main)","Faria Slimer Borough (X+10, Y-1) - yug61",Faria Slimer Borough,city,yug61,10,-1,1,1, (Main)
"Faria Slimer Borough (X+10, Y-1) - yug61 (West Alcove)","Faria Slimer Borough (X+10, Y-1) - yug61",Faria Slimer Borough,city,yug61,10,-1,1,1, (West Alcove)
"Faria Slimer Borough (X+2, Y+0) - yug220 (West)","Faria Slimer Borough (X+2, Y+0) - yug220",Faria Slimer Borough,city,yug220,2,0,1,1, (West)
"Faria Slimer Borough (X+2, Y+0) - yug220 (East)","Faria Slimer Borough (X+2, Y+0) - yug220",Faria Slimer Borough,city,yug220,2,0,1,1, (East)
"Faria Slimer Borough (X+4, Y+0) - yug27 (Main)","Faria Slimer Borough (X+4, Y+0) - yug27",Faria Slimer Borough,city,yug27,4,0,4,3, (Main)
"Faria Slimer Borough (X+4, Y+0) - yug27 (North Alcove)","Faria Slimer Borough (X+4, Y+0) - yug27",Faria Slimer Borough,city,yug27,4,0,4,3, (North Alcove)
"Faria Slimer Borough (X+10, Y+0) - yug55","Faria Slimer Borough (X+10, Y+0) - yug55",Faria Slimer Borough,city,yug55,10,0,1,1,
"Faria Slimer Borough (X+2, Y+1) - yug219 (Main)","Faria Slimer Borough (X+2, Y+1) - yug219",Faria Slimer Borough,city,yug219,2,1,2,2, (Main)
"Faria Slimer Borough (X+2, Y+1) - yug219 (House Entrance)","Faria Slimer Borough (X+2, Y+1) - yug219",Faria Slimer Borough,city,yug219,2,1,2,2, (House Entrance)
"Faria Slimer Borough (X+8, Y+1) - yug17","Faria Slimer Borough (X+8, Y+1) - yug17",Faria Slimer Borough,city,yug17,8,1,1,1,
"Faria Slimer Borough (X+9, Y+1) - yug18","Faria Slimer Borough (X+9, Y+1) - yug18",Faria Slimer Borough,city,yug18,9,1,1,1,
"Faria Slimer Borough (X+10, Y+1) - lor2298","Faria Slimer Borough (X+10, Y+1) - lor2298",Faria Slimer Borough,city,lor2298,10,1,1,1,
"Faria Slimer Borough (X+8, Y+2) - yug15","Faria Slimer Borough (X+8, Y+2) - yug15",Faria Slimer Borough,city,yug15,8,2,1,1,
"Faria Slimer Borough (X+9, Y+2) - yug22","Faria Slimer Borough (X+9, Y+2) - yug22",Faria Slimer Borough,city,yug22,9,2,1,1,
"Faria Slimer Borough (X+10, Y+2) - lor2334 (Main)","Faria Slimer Borough (X+10, Y+2) - lor2334",Faria Slimer Borough,city,lor2334,10,2,1,2, (Main)
"Faria Slimer Borough (X+10, Y+2) - lor2334 (Northeast)","Faria Slimer Borough (X+10, Y+2) - lor2334",Faria Slimer Borough,city,lor2334,10,2,1,2, (Northeast)
"Faria Slimer Borough (X+11, Y+2) - lor2872","Faria Slimer Borough (X+11, Y+2) - lor2872",Faria Slimer Borough,city,lor2872,11,2,1,2,
"Faria Slimer Borough (X+2, Y+3) - yug1","Faria Slimer Borough (X+2, Y+3) - yug1",Faria Slimer Borough,city,yug1,2,3,1,1,
"Faria Slimer Borough (X+3, Y+3) - yug217","Faria Slimer Borough (X+3, Y+3) - yug217",Faria Slimer Borough,city,yug217,3,3,1,1,
"Faria Slimer Borough (X+4, Y+3) - yug2 (West)","Faria Slimer Borough (X+4, Y+3) - yug2",Faria Slimer Borough,city,yug2,4,3,1,1, (West)
"Faria Slimer Borough (X+4, Y+3) - yug2 (East)","Faria Slimer Borough (X+4, Y+3) - yug2",Faria Slimer Borough,city,yug2,4,3,1,1, (East)
"Faria Slimer Borough (X+5, Y+3) - yug2165","Faria Slimer Borough (X+5, Y+3) - yug2165",Faria Slimer Borough,city,yug2165,5,3,1,1,
"Faria Slimer Borough (X+6, Y+3) - yug2099 (North)","Faria Slimer Borough (X+6, Y+3) - yug2099",Faria Slimer Borough,city,yug2099,6,3,1,1, (North)
"Faria Slimer Borough (X+6, Y+3) - yug2099 (South)","Faria Slimer Borough (X+6, Y+3) - yug2099",Faria Slimer Borough,city,yug2099,6,3,1,1, (South)
"Faria Slimer Borough (X+7, Y+3) - yug9","Faria Slimer Borough (X+7, Y+3) - yug9",Faria Slimer Borough,city,yug9,7,3,3,1,
"Faria Slimer Borough (X+3, Y+4) - yug4250","Faria Slimer Borough (X+3, Y+4) - yug4250",Faria Slimer Borough,city,yug4250,3,4,1,2,
"Faria Slimer Borough (X+4, Y+4) - yug4303","Faria Slimer Borough (X+4, Y+4) - yug4303",Faria Slimer Borough,city,yug4303,4,4,1,1,
"Faria Slimer Borough (X+5, Y+4) - yug4308","Faria Slimer Borough (X+5, Y+4) - yug4308",Faria Slimer Borough,city,yug4308,5,4,1,1,
"Faria Slimer Borough (X+6, Y+4) - yug4185","Faria Slimer Borough (X+6, Y+4) - yug4185",Faria Slimer Borough,city,yug4185,6,4,1,1,
"Faria Slimer Borough (X+7, Y+4) - yug4153 (North)","Faria Slimer Borough (X+7, Y+4) - yug4153",Faria Slimer Borough,city,yug4153,7,4,1,2, (North)
"Faria Slimer Borough (X+7, Y+4) - yug4153 (South)","Faria Slimer Borough (X+7, Y+4) - yug4153",Faria Slimer Borough,city,yug4153,7,4,1,2, (South)
"Faria Slimer Borough (X+8, Y+4) - yug4144","Faria Slimer Borough (X+8, Y+4) - yug4144",Faria Slimer Borough,city,yug4144,8,4,1,2,
"Faria Slimer Borough (X+9, Y+4) - yug4136","Faria Slimer Borough (X+9, Y+4) - yug4136",Faria Slimer Borough,city,yug4136,9,4,1,1,
"Faria Slimer Borough (X+10, Y+4) - yug4122","Faria Slimer Borough (X+10, Y+4) - yug4122",Faria Slimer Borough,city,yug4122,10,4,1,1,
"Faria Slimer Borough (X+11, Y+4) - lor2884","Faria Slimer Borough (X+11, Y+4) - lor2884",Faria Slimer Borough,city,lor2884,11,4,1,1,
"Faria Slimer Borough (X+1, Y+5) - yug4288","Faria Slimer Borough (X+1, Y+5) - yug4288",Faria Slimer Borough,city,yug4288,1,5,2,1,
"Faria Slimer Borough (X+4, Y+5) - yug4222","Faria Slimer Borough (X+4, Y+5) - yug4222",Faria Slimer Borough,city,yug4222,4,5,1,1,
"Faria Slimer Borough (X+5, Y+5) - yug4236","Faria Slimer Borough (X+5, Y+5) - yug4236",Faria Slimer Borough,city,yug4236,5,5,1,1,
"Faria Slimer Borough (X+6, Y+5) - yug4194","Faria Slimer Borough (X+6, Y+5) - yug4194",Faria Slimer Borough,city,yug4194,6,5,1,1,
"Faria Slimer Borough (X+9, Y+5) - yug4113","Faria Slimer Borough (X+9, Y+5) - yug4113",Faria Slimer Borough,city,yug4113,9,5,1,1,
"Faria Slimer Borough (X+10, Y+5) - yug4798","Faria Slimer Borough (X+10, Y+5) - yug4798",Faria Slimer Borough,city,yug4798,10,5,1,1,
"Faria Slimer Borough (X+11, Y+5) - lor2866","Faria Slimer Borough (X+11, Y+5) - lor2866",Faria Slimer Borough,city,lor2866,11,5,1,1,
"Faria Slimer Borough (Interiors) (X+6, Y-6) - yug134","Faria Slimer Borough (Interiors) (X+6, Y-6) - yug134",Faria Slimer Borough (Interiors),city_interiors,yug134,6,-6,1,1,
"Faria Slimer Borough (Interiors) (X+8, Y-6) - yug426","Faria Slimer Borough (Interiors) (X+8, Y-6) - yug426",Faria Slimer Borough (Interiors),city_interiors,yug426,8,-6,1,1,
"Faria Slimer Borough (Interiors) (X+4, Y-5) - yug47","Faria Slimer Borough (Interiors) (X+4, Y-5) - yug47",Faria Slimer Borough (Interiors),city_interiors,yug47,4,-5,1,1,
"Faria Slimer Borough (Interiors) (X+3, Y-3) - yug1","Faria Slimer Borough (Interiors) (X+3, Y-3) - yug1",Faria Slimer Borough (Interiors),city_interiors,yug1,3,-3,1,1,
"Faria Slimer Borough (Interiors) (X+7, Y-3) - lor414","Faria Slimer Borough (Interiors) (X+7, Y-3) - lor414",Faria Slimer Borough (Interiors),city_interiors,lor414,7,-3,1,1,
"Faria Slimer Borough (Interiors) (X+10, Y-2) - yug59","Faria Slimer Borough (Interiors) (X+10, Y-2) - yug59",Faria Slimer Borough (Interiors),city_interiors,yug59,10,-2,1,1,
"Faria Slimer Borough (Interiors) (X+2, Y-1) - yug69","Faria Slimer Borough (Interiors) (X+2, Y-1) - yug69",Faria Slimer Borough (Interiors),city_interiors,yug69,2,-1,1,1,
"Faria Slimer Borough (Interiors) (X+5, Y+0) - lor296","Faria Slimer Borough (Interiors) (X+5, Y+0) - lor296",Faria Slimer Borough (Interiors),city_interiors,lor296,5,0,1,1,
"Faria Slimer Borough (Interiors) (X+3, Y+1) - yug119","Faria Slimer Borough (Interiors) (X+3, Y+1) - yug119",Faria Slimer Borough (Interiors),city_interiors,yug119,3,1,1,1,
"Faria Slimer Borough (Sewers) (X+3, Y-7) - ren3974","Faria Slimer Borough (Sewers) (X+3, Y-7) - ren3974",Faria Slimer Borough (Sewers),city_underground,ren3974,3,-7,1,1,
"Faria Slimer Borough (Sewers) (X+4, Y-7) - ren3993 (Main)","Faria Slimer Borough (Sewers) (X+4, Y-7) - ren3993",Faria Slimer Borough (Sewers),city_underground,ren3993,4,-7,1,1, (Main)
"Faria Slimer Borough (Sewers) (X+4, Y-7) - ren3993 (South)","Faria Slimer Borough (Sewers) (X+4, Y-7) - ren3993",Faria Slimer Borough (Sewers),city_underground,ren3993,4,-7,1,1, (South)
"Faria Slimer Borough (Sewers) (X+8, Y-7) - yug882","Faria Slimer Borough (Sewers) (X+8, Y-7) - yug882",Faria Slimer Borough (Sewers),city_underground,yug882,8,-7,1,1,
"Faria Slimer Borough (Sewers) (X+9, Y-7) - yug873","Faria Slimer Borough (Sewers) (X+9, Y-7) - yug873",Faria Slimer Borough (Sewers),city_underground,yug873,9,-7,1,1,
"Faria Slimer Borough (Sewers) (X+3, Y-6) - ren3946","Faria Slimer Borough (Sewers) (X+3, Y-6) - ren3946",Faria Slimer Borough (Sewers),city_underground,ren3946,3,-6,1,1,
"Faria Slimer Borough (Sewers) (X+4, Y-6) - ren3982 (Main)","Faria Slimer Borough (Sewers) (X+4, Y-6) - ren3982",Faria Slimer Borough (Sewers),city_underground,ren3982,4,-6,1,1, (Main)
"Faria Slimer Borough (Sewers) (X+4, Y-6) - ren3982 (North)","Faria Slimer Borough (Sewers) (X+4, Y-6) - ren3982",Faria Slimer Borough (Sewers),city_underground,ren3982,4,-6,1,1, (North)
"Faria Slimer Borough (Sewers) (X+4, Y-6) - ren3982 (South)","Faria Slimer Borough (Sewers) (X+4, Y-6) - ren3982",Faria Slimer Borough (Sewers),city_underground,ren3982,4,-6,1,1, (South)
"Faria Slimer Borough (Sewers) (X+5, Y-6) - ren4029 (Main)","Faria Slimer Borough (Sewers) (X+5, Y-6) - ren4029",Faria Slimer Borough (Sewers),city_underground,ren4029,5,-6,1,1, (Main)
"Faria Slimer Borough (Sewers) (X+5, Y-6) - ren4029 (South)","Faria Slimer Borough (Sewers) (X+5, Y-6) - ren4029",Faria Slimer Borough (Sewers),city_underground,ren4029,5,-6,1,1, (South)
"Faria Slimer Borough (Sewers) (X+7, Y-6) - yug817","Faria Slimer Borough (Sewers) (X+7, Y-6) - yug817",Faria Slimer Borough (Sewers),city_underground,yug817,7,-6,1,1,
"Faria Slimer Borough (Sewers) (X+8, Y-6) - yug912 (Main)","Faria Slimer Borough (Sewers) (X+8, Y-6) - yug912",Faria Slimer Borough (Sewers),city_underground,yug912,8,-6,1,2, (Main)
"Faria Slimer Borough (Sewers) (X+8, Y-6) - yug912 (North)","Faria Slimer Borough (Sewers) (X+8, Y-6) - yug912",Faria Slimer Borough (Sewers),city_underground,yug912,8,-6,1,2, (North)
"Faria Slimer Borough (Sewers) (X+8, Y-6) - yug912 (Northwest)","Faria Slimer Borough (Sewers) (X+8, Y-6) - yug912",Faria Slimer Borough (Sewers),city_underground,yug912,8,-6,1,2, (Northwest)
"Faria Slimer Borough (Sewers) (X+8, Y-6) - yug912 (Northeast)","Faria Slimer Borough (Sewers) (X+8, Y-6) - yug912",Faria Slimer Borough (Sewers),city_underground,yug912,8,-6,1,2, (Northeast)
"Faria Slimer Borough (Sewers) (X+9, Y-6) - yug860","Faria Slimer Borough (Sewers) (X+9, Y-6) - yug860",Faria Slimer Borough (Sewers),city_underground,yug860,9,-6,1,1,
"Faria Slimer Borough (Sewers) (X+2, Y-5) - ren3998","Faria Slimer Borough (Sewers) (X+2, Y-5) - ren3998",Faria Slimer Borough (Sewers),city_underground,ren3998,2,-5,2,1,
"Faria Slimer Borough (Sewers) (X+4, Y-5) - ren3965","Faria Slimer Borough (Sewers) (X+4, Y-5) - ren3965",Faria Slimer Borough (Sewers),city_underground,ren3965,4,-5,1,1,
"Faria Slimer Borough (Sewers) (X+7, Y-5) - yug804","Faria Slimer Borough (Sewers) (X+7, Y-5) - yug804",Faria Slimer Borough (Sewers),city_underground,yug804,7,-5,1,1,
"Faria Slimer Borough (Sewers) (X+9, Y-5) - yug838 (West)","Faria Slimer Borough (Sewers) (X+9, Y-5) - yug838",Faria Slimer Borough (Sewers),city_underground,yug838,9,-5,1,1, (West)
"Faria Slimer Borough (Sewers) (X+9, Y-5) - yug838 (East)","Faria Slimer Borough (Sewers) (X+9, Y-5) - yug838",Faria Slimer Borough (Sewers),city_underground,yug838,9,-5,1,1, (East)
"Faria Slimer Borough (Sewers) (X+8, Y-4) - yug829","Faria Slimer Borough (Sewers) (X+8, Y-4) - yug829",Faria Slimer Borough (Sewers),city_underground,yug829,8,-4,1,1,
"Faria Slimer Borough (Sewers) (X+9, Y-4) - yug848","Faria Slimer Borough (Sewers) (X+9, Y-4) - yug848",Faria Slimer Borough (Sewers),city_underground,yug848,9,-4,1,1,
"Faria Slimer Borough (Sewers) (X+5, Y-2) - lor177","Faria Slimer Borough (Sewers) (X+5, Y-2) - lor177",Faria Slimer Borough (Sewers),city_underground,lor177,5,-2,1,1,
"Faria Slimer Borough (Sewers) (X+6, Y-2) - yug13","Faria Slimer Borough (Sewers) (X+6, Y-2) - yug13",Faria Slimer Borough (Sewers),city_underground,yug13,6,-2,1,1,
"Faria Slimer Borough (Sewers) (X+2, Y-1) - ren1477","Faria Slimer Borough (Sewers) (X+2, Y-1) - ren1477",Faria Slimer Borough (Sewers),city_underground,ren1477,2,-1,1,1,
"Faria Slimer Borough (Sewers) (X+5, Y-1) - lor176","Faria Slimer Borough (Sewers) (X+5, Y-1) - lor176",Faria Slimer Borough (Sewers),city_underground,lor176,5,-1,1,1,
"Faria Slimer Borough (Sewers) (X+6, Y-1) - yug31","Faria Slimer Borough (Sewers) (X+6, Y-1) - yug31",Faria Slimer Borough (Sewers),city_underground,yug31,6,-1,1,1,
"Faria Slimer Borough (Sewers) (X+7, Y-1) - lor194","Faria Slimer Borough (Sewers) (X+7, Y-1) - lor194",Faria Slimer Borough (Sewers),city_underground,lor194,7,-1,1,1,
"Faria Slimer Borough (Sewers) (X+8, Y-1) - yug23","Faria Slimer Borough (Sewers) (X+8, Y-1) - yug23",Faria Slimer Borough (Sewers),city_underground,yug23,8,-1,1,1,
"Faria Slimer Borough (Sewers) (X+2, Y+0) - ren1453","Faria Slimer Borough (Sewers) (X+2, Y+0) - ren1453",Faria Slimer Borough (Sewers),city_underground,ren1453,2,0,1,1,
"Faria Slimer Borough (Sewers) (X+5, Y+0) - lor175","Faria Slimer Borough (Sewers) (X+5, Y+0) - lor175",Faria Slimer Borough (Sewers),city_underground,lor175,5,0,1,1,
"Faria Slimer Borough (Sewers) (X+6, Y+0) - yug26 (Main)","Faria Slimer Borough (Sewers) (X+6, Y+0) - yug26",Faria Slimer Borough (Sewers),city_underground,yug26,6,0,1,1, (Main)
"Faria Slimer Borough (Sewers) (X+6, Y+0) - yug26 (North)","Faria Slimer Borough (Sewers) (X+6, Y+0) - yug26",Faria Slimer Borough (Sewers),city_underground,yug26,6,0,1,1, (North)
"Faria Slimer Borough (Sewers) (X+6, Y+0) - yug26 (South)","Faria Slimer Borough (Sewers) (X+6, Y+0) - yug26",Faria Slimer Borough (Sewers),city_underground,yug26,6,0,1,1, (South)
"Faria Slimer Borough (Sewers) (X+6, Y+0) - yug26 (East)","Faria Slimer Borough (Sewers) (X+6, Y+0) - yug26",Faria Slimer Borough (Sewers),city_underground,yug26,6,0,1,1, (East)
"Faria Slimer Borough (Sewers) (X+7, Y+0) - yug39","Faria Slimer Borough (Sewers) (X+7, Y+0) - yug39",Faria Slimer Borough (Sewers),city_underground,yug39,7,0,1,1,
"Faria Slimer Borough (Sewers) (X+8, Y+0) - yug20","Faria Slimer Borough (Sewers) (X+8, Y+0) - yug20",Faria Slimer Borough (Sewers),city_underground,yug20,8,0,1,1,
"Faria Slimer Borough (Sewers) (X+9, Y+0) - yug1330","Faria Slimer Borough (Sewers) (X+9, Y+0) - yug1330",Faria Slimer Borough (Sewers),city_underground,yug1330,9,0,1,2,
"Faria Slimer Borough (Sewers) (X+10, Y+0) - yug1803","Faria Slimer Borough (Sewers) (X+10, Y+0) - yug1803",Faria Slimer Borough (Sewers),city_underground,yug1803,10,0,1,2,
"Faria Slimer Borough (Sewers) (X+5, Y+1) - yug4","Faria Slimer Borough (Sewers) (X+5, Y+1) - yug4",Faria Slimer Borough (Sewers),city_underground,yug4,5,1,1,1,
"Faria Slimer Borough (Sewers) (X+6, Y+1) - yug35","Faria Slimer Borough (Sewers) (X+6, Y+1) - yug35",Faria Slimer Borough (Sewers),city_underground,yug35,6,1,1,1,
"Faria Slimer Borough (Sewers) (X+8, Y+1) - yug619","Faria Slimer Borough (Sewers) (X+8, Y+1) - yug619",Faria Slimer Borough (Sewers),city_underground,yug619,8,1,1,1,
"Faria Slimer Borough (Sewers) (X+4, Y+3) - yug47","Faria Slimer Borough (Sewers) (X+4, Y+3) - yug47",Faria Slimer Borough (Sewers),city_underground,yug47,4,3,1,1,
"Faria Slimer Borough (Sewers) (X+5, Y+3) - lor779","Faria Slimer Borough (Sewers) (X+5, Y+3) - lor779",Faria Slimer Borough (Sewers),city_underground,lor779,5,3,1,1,
"Faria Slimer Borough (Sewers) (X+6, Y+3) - yug382","Faria Slimer Borough (Sewers) (X+6, Y+3) - yug382",Faria Slimer Borough (Sewers),city_underground,yug382,6,3,1,1,
"Faria Slimer Borough (Sewers) (X+7, Y+3) - lor173","Faria Slimer Borough (Sewers) (X+7, Y+3) - lor173",Faria Slimer Borough (Sewers),city_underground,lor173,7,3,1,1,
"Faria Slimer Borough (Sewers) (X+8, Y+3) - yug1141","Faria Slimer Borough (Sewers) (X+8, Y+3) - yug1141",Faria Slimer Borough (Sewers),city_underground,yug1141,8,3,2,1,
"Faria Slimer Borough (Sewers) (X+4, Y+4) - yug385","Faria Slimer Borough (Sewers) (X+4, Y+4) - yug385",Faria Slimer Borough (Sewers),city_underground,yug385,4,4,2,1,
"Faria Slimer Borough (Sewers) (X+6, Y+4) - yug528","Faria Slimer Borough (Sewers) (X+6, Y+4) - yug528",Faria Slimer Borough (Sewers),city_underground,yug528,6,4,1,1,
"Faria Slimer Borough (Sewers) (X+7, Y+4) - yug1206","Faria Slimer Borough (Sewers) (X+7, Y+4) - yug1206",Faria Slimer Borough (Sewers),city_underground,yug1206,7,4,1,1,
"Faria Slimer Borough (Sewers) (X+8, Y+4) - ren3800","Faria Slimer Borough (Sewers) (X+8, Y+4) - ren3800",Faria Slimer Borough (Sewers),city_underground,ren3800,8,4,2,1,
"Gallineiros District (X-10, Y-15) - ren5317","Gallineiros District (X-10, Y-15) - ren5317",Gallineiros District,city,ren5317,-10,-15,1,1,
"Gallineiros District (X-9, Y-15) - ren6741","Gallineiros District (X-9, Y-15) - ren6741",Gallineiros District,city,ren6741,-9,-15,1,1,
"Gallineiros District (X-8, Y-15) - ren5279","Gallineiros District (X-8, Y-15) - ren5279",Gallineiros District,city,ren5279,-8,-15,1,1,
"Gallineiros District (X-7, Y-15) - ren5381","Gallineiros District (X-7, Y-15) - ren5381",Gallineiros District,city,ren5381,-7,-15,1,1,
"Gallineiros District (X-6, Y-15) - ren5476","Gallineiros District (X-6, Y-15) - ren5476",Gallineiros District,city,ren5476,-6,-15,1,1,
"Gallineiros District (X-5, Y-15) - ren5388","Gallineiros District (X-5, Y-15) - ren5388",Gallineiros District,city,ren5388,-5,-15,1,1,
"Gallineiros District (X-4, Y-15) - lor1277","Gallineiros District (X-4, Y-15) - lor1277",Gallineiros District,city,lor1277,-4,-15,1,3,
"Gallineiros District (X-3, Y-15) - ren6788","Gallineiros District (X-3, Y-15) - ren6788",Gallineiros District,city,ren6788,-3,-15,2,3,
"Gallineiros District (X-10, Y-14) - ren5255","Gallineiros District (X-10, Y-14) - ren5255",Gallineiros District,city,ren5255,-10,-14,1,2,
"Gallineiros District (X-9, Y-14) - ren5243","Gallineiros District (X-9, Y-14) - ren5243",Gallineiros District,city,ren5243,-9,-14,1,1,
"Gallineiros District (X-8, Y-14) - ren5379","Gallineiros District (X-8, Y-14) - ren5379",Gallineiros District,city,ren5379,-8,-14,1,2,
"Gallineiros District (X-7, Y-14) - lor1485","Gallineiros District (X-7, Y-14) - lor1485",Gallineiros District,city,lor1485,-7,-14,1,1,
"Gallineiros District (X-6, Y-14) - ren5414","Gallineiros District (X-6, Y-14) - ren5414",Gallineiros District,city,ren5414,-6,-14,1,1,
"Gallineiros District (X-5, Y-14) - ren5431","Gallineiros District (X-5, Y-14) - ren5431",Gallineiros District,city,ren5431,-5,-14,1,2,
"Gallineiros District (X-9, Y-13) - ren5359","Gallineiros District (X-9, Y-13) - ren5359",Gallineiros District,city,ren5359,-9,-13,1,1,
"Gallineiros District (X-7, Y-13) - ren5565","Gallineiros District (X-7, Y-13) - ren5565",Gallineiros District,city,ren5565,-7,-13,1,1,
"Gallineiros District (X-6, Y-13) - ren5433","Gallineiros District (X-6, Y-13) - ren5433",Gallineiros District,city,ren5433,-6,-13,1,1,
"Gallineiros District (X-10, Y-12) - ren5347","Gallineiros District (X-10, Y-12) - ren5347",Gallineiros District,city,ren5347,-10,-12,1,3,
"Gallineiros District (X-9, Y-12) - ren5693","Gallineiros District (X-9, Y-12) - ren5693",Gallineiros District,city,ren5693,-9,-12,1,1,
"Gallineiros District (X-8, Y-12) - ren6836","Gallineiros District (X-8, Y-12) - ren6836",Gallineiros District,city,ren6836,-8,-12,1,1,
"Gallineiros District (X-7, Y-12) - ren5234","Gallineiros District (X-7, Y-12) - ren5234",Gallineiros District,city,ren5234,-7,-12,1,1,
"Gallineiros District (X-6, Y-12) - ren5422","Gallineiros District (X-6, Y-12) - ren5422",Gallineiros District,city,ren5422,-6,-12,1,1,
"Gallineiros District (X-5, Y-12) - lor1529","Gallineiros District (X-5, Y-12) - lor1529",Gallineiros District,city,lor1529,-5,-12,1,1,
"Gallineiros District (X-4, Y-12) - ren5507","Gallineiros District (X-4, Y-12) - ren5507",Gallineiros District,city,ren5507,-4,-12,1,1,
"Gallineiros District (X-3, Y-12) - ren5985","Gallineiros District (X-3, Y-12) - ren5985",Gallineiros District,city,ren5985,-3,-12,1,1,
"Gallineiros District (X-2, Y-12) - ren5478","Gallineiros District (X-2, Y-12) - ren5478",Gallineiros District,city,ren5478,-2,-12,1,1,
"Gallineiros District (X-9, Y-11) - ren5663","Gallineiros District (X-9, Y-11) - ren5663",Gallineiros District,city,ren5663,-9,-11,1,1,
"Gallineiros District (X-8, Y-11) - ren5434","Gallineiros District (X-8, Y-11) - ren5434",Gallineiros District,city,ren5434,-8,-11,1,1,
"Gallineiros District (X-7, Y-11) - ren5436","Gallineiros District (X-7, Y-11) - ren5436",Gallineiros District,city,ren5436,-7,-11,1,1,
"Gallineiros District (X-6, Y-11) - ren5474","Gallineiros District (X-6, Y-11) - ren5474",Gallineiros District,city,ren5474,-6,-11,1,1,
"Gallineiros District (X-5, Y-11) - ren5475","Gallineiros District (X-5, Y-11) - ren5475",Gallineiros District,city,ren5475,-5,-11,1,1,
"Gallineiros District (X-4, Y-11) - ren5545","Gallineiros District (X-4, Y-11) - ren5545",Gallineiros District,city,ren5545,-4,-11,1,1,
"Gallineiros District (X-3, Y-11) - ren5496","Gallineiros District (X-3, Y-11) - ren5496",Gallineiros District,city,ren5496,-3,-11,1,1,
"Gallineiros District (X-2, Y-11) - ren5495","Gallineiros District (X-2, Y-11) - ren5495",Gallineiros District,city,ren5495,-2,-11,1,1,
"Gallineiros District (X-9, Y-10) - ren5632","Gallineiros District (X-9, Y-10) - ren5632",Gallineiros District,city,ren5632,-9,-10,1,1,
"Gallineiros District (X-8, Y-10) - ren5343","Gallineiros District (X-8, Y-10) - ren5343",Gallineiros District,city,ren5343,-8,-10,1,1,
"Gallineiros District (X-7, Y-10) - ren5213","Gallineiros District (X-7, Y-10) - ren5213",Gallineiros District,city,ren5213,-7,-10,1,1,
"Gallineiros District (X-6, Y-10) - ren5211","Gallineiros District (X-6, Y-10) - ren5211",Gallineiros District,city,ren5211,-6,-10,1,1,
"Gallineiros District (X-5, Y-10) - ren5209","Gallineiros District (X-5, Y-10) - ren5209",Gallineiros District,city,ren5209,-5,-10,1,1,
"Gallineiros District (X-4, Y-10) - ren5161","Gallineiros District (X-4, Y-10) - ren5161",Gallineiros District,city,ren5161,-4,-10,2,3,
"Gallineiros District (X-2, Y-10) - ren5488","Gallineiros District (X-2, Y-10) - ren5488",Gallineiros District,city,ren5488,-2,-10,1,2,
"Gallineiros District (X-10, Y-9) - ren5183","Gallineiros District (X-10, Y-9) - ren5183",Gallineiros District,city,ren5183,-10,-9,2,2,
"Gallineiros District (X-8, Y-9) - ren5341","Gallineiros District (X-8, Y-9) - ren5341",Gallineiros District,city,ren5341,-8,-9,1,1,
"Gallineiros District (X-7, Y-9) - ren5205","Gallineiros District (X-7, Y-9) - ren5205",Gallineiros District,city,ren5205,-7,-9,1,1,
"Gallineiros District (X-6, Y-9) - ren5553","Gallineiros District (X-6, Y-9) - ren5553",Gallineiros District,city,ren5553,-6,-9,1,1,
"Gallineiros District (X-5, Y-9) - ren6245","Gallineiros District (X-5, Y-9) - ren6245",Gallineiros District,city,ren6245,-5,-9,1,1,
"Gallineiros District (X-8, Y-8) - ren6362","Gallineiros District (X-8, Y-8) - ren6362",Gallineiros District,city,ren6362,-8,-8,1,2,
"Gallineiros District (X-7, Y-8) - ren6358","Gallineiros District (X-7, Y-8) - ren6358",Gallineiros District,city,ren6358,-7,-8,1,1,
"Gallineiros District (X-6, Y-8) - ren6355","Gallineiros District (X-6, Y-8) - ren6355",Gallineiros District,city,ren6355,-6,-8,1,1,
"Gallineiros District (X-5, Y-8) - ren6354","Gallineiros District (X-5, Y-8) - ren6354",Gallineiros District,city,ren6354,-5,-8,1,1,
"Gallineiros District (X-2, Y-8) - ren5157","Gallineiros District (X-2, Y-8) - ren5157",Gallineiros District,city,ren5157,-2,-8,1,1,
"Gallineiros District (X-10, Y-7) - ren6367","Gallineiros District (X-10, Y-7) - ren6367",Gallineiros District,city,ren6367,-10,-7,2,2,
"Gallineiros District (X-6, Y-7) - ren6356","Gallineiros District (X-6, Y-7) - ren6356",Gallineiros District,city,ren6356,-6,-7,1,1,
"Gallineiros District (X-5, Y-7) - ren6340","Gallineiros District (X-5, Y-7) - ren6340",Gallineiros District,city,ren6340,-5,-7,3,3,
"Gallineiros District (X-2, Y-7) - ren6339","Gallineiros District (X-2, Y-7) - ren6339",Gallineiros District,city,ren6339,-2,-7,1,2,
"Gallineiros District (X-2, Y-5) - ren6337","Gallineiros District (X-2, Y-5) - ren6337",Gallineiros District,city,ren6337,-2,-5,1,1,
"Gallineiros District (X-5, Y-4) - ren6334","Gallineiros District (X-5, Y-4) - ren6334",Gallineiros District,city,ren6334,-5,-4,2,1,
"Gallineiros District (X-3, Y-4) - lor1740","Gallineiros District (X-3, Y-4) - lor1740",Gallineiros District,city,lor1740,-3,-4,1,1,
"Gallineiros District (X-3, Y-3) - ren6329","Gallineiros District (X-3, Y-3) - ren6329",Gallineiros District,city,ren6329,-3,-3,1,1,
"Gallineiros District (Interiors) (X-2, Y-16) - ren1082","Gallineiros District (Interiors) (X-2, Y-16) - ren1082",Gallineiros District (Interiors),city_interiors,ren1082,-2,-16,1,1,
"Gallineiros District (Interiors) (X-9, Y-13) - ren1360","Gallineiros District (Interiors) (X-9, Y-13) - ren1360",Gallineiros District (Interiors),city_interiors,ren1360,-9,-13,1,1,
"Gallineiros District (Interiors) (X-8, Y-13) - ren1362","Gallineiros District (Interiors) (X-8, Y-13) - ren1362",Gallineiros District (Interiors),city_interiors,ren1362,-8,-13,1,1,
"Gallineiros District (Interiors) (X-7, Y-13) - ren1363","Gallineiros District (Interiors) (X-7, Y-13) - ren1363",Gallineiros District (Interiors),city_interiors,ren1363,-7,-13,1,1,
"Gallineiros District (Interiors) (X-10, Y-11) - lor185","Gallineiros District (Interiors) (X-10, Y-11) - lor185",Gallineiros District (Interiors),city_interiors,lor185,-10,-11,1,1,
"Gallineiros District (Interiors) (X-2, Y-10) - lor517","Gallineiros District (Interiors) (X-2, Y-10) - lor517",Gallineiros District (Interiors),city_interiors,lor517,-2,-10,1,1,
"Gallineiros District (Sewers) (X-10, Y-15) - ren2288","Gallineiros District (Sewers) (X-10, Y-15) - ren2288",Gallineiros District (Sewers),city_underground,ren2288,-10,-15,1,1,
"Gallineiros District (Sewers) (X-9, Y-15) - ren2603","Gallineiros District (Sewers) (X-9, Y-15) - ren2603",Gallineiros District (Sewers),city_underground,ren2603,-9,-15,1,3,
"Gallineiros District (Sewers) (X-7, Y-15) - ren3339","Gallineiros District (Sewers) (X-7, Y-15) - ren3339",Gallineiros District (Sewers),city_underground,ren3339,-7,-15,1,1,
"Gallineiros District (Sewers) (X-6, Y-15) - ren2046","Gallineiros District (Sewers) (X-6, Y-15) - ren2046",Gallineiros District (Sewers),city_underground,ren2046,-6,-15,1,1,
"Gallineiros District (Sewers) (X-5, Y-15) - ren2007","Gallineiros District (Sewers) (X-5, Y-15) - ren2007",Gallineiros District (Sewers),city_underground,ren2007,-5,-15,1,1,
"Gallineiros District (Sewers) (X-4, Y-15) - ren2826","Gallineiros District (Sewers) (X-4, Y-15) - ren2826",Gallineiros District (Sewers),city_underground,ren2826,-4,-15,1,2,
"Gallineiros District (Sewers) (X-3, Y-15) - lor577","Gallineiros District (Sewers) (X-3, Y-15) - lor577",Gallineiros District (Sewers),city_underground,lor577,-3,-15,1,2,
"Gallineiros District (Sewers) (X-10, Y-14) - ren3177","Gallineiros District (Sewers) (X-10, Y-14) - ren3177",Gallineiros District (Sewers),city_underground,ren3177,-10,-14,1,1,
"Gallineiros District (Sewers) (X-8, Y-14) - ren1960","Gallineiros District (Sewers) (X-8, Y-14) - ren1960",Gallineiros District (Sewers),city_underground,ren1960,-8,-14,1,1,
"Gallineiros District (Sewers) (X-7, Y-14) - ren2203","Gallineiros District (Sewers) (X-7, Y-14) - ren2203",Gallineiros District (Sewers),city_underground,ren2203,-7,-14,1,1,
"Gallineiros District (Sewers) (X-6, Y-14) - ren2745","Gallineiros District (Sewers) (X-6, Y-14) - ren2745",Gallineiros District (Sewers),city_underground,ren2745,-6,-14,1,1,
"Gallineiros District (Sewers) (X-5, Y-14) - lor595","Gallineiros District (Sewers) (X-5, Y-14) - lor595",Gallineiros District (Sewers),city_underground,lor595,-5,-14,1,2,
"Gallineiros District (Sewers) (X-10, Y-13) - ren2701","Gallineiros District (Sewers) (X-10, Y-13) - ren2701",Gallineiros District (Sewers),city_underground,ren2701,-10,-13,1,1,
"Gallineiros District (Sewers) (X-8, Y-13) - ren2051","Gallineiros District (Sewers) (X-8, Y-13) - ren2051",Gallineiros District (Sewers),city_underground,ren2051,-8,-13,1,1,
"Gallineiros District (Sewers) (X-7, Y-13) - lor455","Gallineiros District (Sewers) (X-7, Y-13) - lor455",Gallineiros District (Sewers),city_underground,lor455,-7,-13,1,1,
"Gallineiros District (Sewers) (X-6, Y-13) - ren2066","Gallineiros District (Sewers) (X-6, Y-13) - ren2066",Gallineiros District (Sewers),city_underground,ren2066,-6,-13,1,1,
"Gallineiros District (Sewers) (X-4, Y-13) - lor354","Gallineiros District (Sewers) (X-4, Y-13) - lor354",Gallineiros District (Sewers),city_underground,lor354,-4,-13,3,1,
"Gallineiros District (Sewers) (X-10, Y-12) - ren3126","Gallineiros District (Sewers) (X-10, Y-12) - ren3126",Gallineiros District (Sewers),city_underground,ren3126,-10,-12,1,1,
"Gallineiros District (Sewers) (X-9, Y-12) - lor377","Gallineiros District (Sewers) (X-9, Y-12) - lor377",Gallineiros District (Sewers),city_underground,lor377,-9,-12,1,2,
"Gallineiros District (Sewers) (X-8, Y-12) - ren1990","Gallineiros District (Sewers) (X-8, Y-12) - ren1990",Gallineiros District (Sewers),city_underground,ren1990,-8,-12,1,1,
"Gallineiros District (Sewers) (X-7, Y-12) - ren1926","Gallineiros District (Sewers) (X-7, Y-12) - ren1926",Gallineiros District (Sewers),city_underground,ren1926,-7,-12,1,1,
"Gallineiros District (Sewers) (X-6, Y-12) - ren1927","Gallineiros District (Sewers) (X-6, Y-12) - ren1927",Gallineiros District (Sewers),city_underground,ren1927,-6,-12,1,1,
"Gallineiros District (Sewers) (X-5, Y-12) - ren1976","Gallineiros District (Sewers) (X-5, Y-12) - ren1976",Gallineiros District (Sewers),city_underground,ren1976,-5,-12,1,1,
"Gallineiros District (Sewers) (X-4, Y-12) - ren1933","Gallineiros District (Sewers) (X-4, Y-12) - ren1933",Gallineiros District (Sewers),city_underground,ren1933,-4,-12,1,1,
"Gallineiros District (Sewers) (X-3, Y-12) - ren1978","Gallineiros District (Sewers) (X-3, Y-12) - ren1978",Gallineiros District (Sewers),city_underground,ren1978,-3,-12,1,1,
"Gallineiros District (Sewers) (X-2, Y-12) - ren1979","Gallineiros District (Sewers) (X-2, Y-12) - ren1979",Gallineiros District (Sewers),city_underground,ren1979,-2,-12,1,1,
"Gallineiros District (Sewers) (X-10, Y-11) - ren2296","Gallineiros District (Sewers) (X-10, Y-11) - ren2296",Gallineiros District (Sewers),city_underground,ren2296,-10,-11,1,1,
"Gallineiros District (Sewers) (X-8, Y-11) - lor702","Gallineiros District (Sewers) (X-8, Y-11) - lor702",Gallineiros District (Sewers),city_underground,lor702,-8,-11,1,1,
"Gallineiros District (Sewers) (X-7, Y-11) - ren1995","Gallineiros District (Sewers) (X-7, Y-11) - ren1995",Gallineiros District (Sewers),city_underground,ren1995,-7,-11,1,1,
"Gallineiros District (Sewers) (X-6, Y-11) - lor618","Gallineiros District (Sewers) (X-6, Y-11) - lor618",Gallineiros District (Sewers),city_underground,lor618,-6,-11,1,1,
"Gallineiros District (Sewers) (X-5, Y-11) - ren1975","Gallineiros District (Sewers) (X-5, Y-11) - ren1975",Gallineiros District (Sewers),city_underground,ren1975,-5,-11,1,1,
"Gallineiros District (Sewers) (X-4, Y-11) - ren1981","Gallineiros District (Sewers) (X-4, Y-11) - ren1981",Gallineiros District (Sewers),city_underground,ren1981,-4,-11,2,2,
"Gallineiros District (Sewers) (X-2, Y-11) - ren2574","Gallineiros District (Sewers) (X-2, Y-11) - ren2574",Gallineiros District (Sewers),city_underground,ren2574,-2,-11,1,1,
"Gallineiros District (Sewers) (X-10, Y-10) - ren3403","Gallineiros District (Sewers) (X-10, Y-10) - ren3403",Gallineiros District (Sewers),city_underground,ren3403,-10,-10,1,1,
"Gallineiros District (Sewers) (X-9, Y-10) - ren1921","Gallineiros District (Sewers) (X-9, Y-10) - ren1921",Gallineiros District (Sewers),city_underground,ren1921,-9,-10,1,1,
"Gallineiros District (Sewers) (X-8, Y-10) - ren1950","Gallineiros District (Sewers) (X-8, Y-10) - ren1950",Gallineiros District (Sewers),city_underground,ren1950,-8,-10,1,1,
"Gallineiros District (Sewers) (X-7, Y-10) - ren1938","Gallineiros District (Sewers) (X-7, Y-10) - ren1938",Gallineiros District (Sewers),city_underground,ren1938,-7,-10,1,1,
"Gallineiros District (Sewers) (X-6, Y-10) - ren1967","Gallineiros District (Sewers) (X-6, Y-10) - ren1967",Gallineiros District (Sewers),city_underground,ren1967,-6,-10,1,1,
"Gallineiros District (Sewers) (X-5, Y-10) - ren1974","Gallineiros District (Sewers) (X-5, Y-10) - ren1974",Gallineiros District (Sewers),city_underground,ren1974,-5,-10,1,1,
"Gallineiros District (Sewers) (X-4, Y-9) - lor344","Gallineiros District (Sewers) (X-4, Y-9) - lor344",Gallineiros District (Sewers),city_underground,lor344,-4,-9,1,1,
"Gallineiros District (Sewers) (X-4, Y-8) - lor280","Gallineiros District (Sewers) (X-4, Y-8) - lor280",Gallineiros District (Sewers),city_underground,lor280,-4,-8,1,1,
"Galliner Appliances Factory (X-1, Y-3) - ren186","Galliner Appliances Factory (X-1, Y-3) - ren186",Galliner Appliances Factory,factory,ren186,-1,-3,1,1,
"Galliner Appliances Factory (X+0, Y-3) - ren160","Galliner Appliances Factory (X+0, Y-3) - ren160",Galliner Appliances Factory,factory,ren160,0,-3,1,1,
"Galliner Appliances Factory (X-1, Y-2) - ren120","Galliner Appliances Factory (X-1, Y-2) - ren120",Galliner Appliances Factory,factory,ren120,-1,-2,1,1,
"Galliner Appliances Factory (X+0, Y-2) - ren110","Galliner Appliances Factory (X+0, Y-2) - ren110",Galliner Appliances Factory,factory,ren110,0,-2,1,1,
"Galliner Appliances Factory (X-2, Y-1) - ren289","Galliner Appliances Factory (X-2, Y-1) - ren289",Galliner Appliances Factory,factory,ren289,-2,-1,1,1,
"Galliner Appliances Factory (X-1, Y-1) - ren144","Galliner Appliances Factory (X-1, Y-1) - ren144",Galliner Appliances Factory,factory,ren144,-1,-1,1,1,
"Galliner Appliances Factory (X+0, Y-1) - ren103","Galliner Appliances Factory (X+0, Y-1) - ren103",Galliner Appliances Factory,factory,ren103,0,-1,1,1,
"Galliner Appliances Factory (X+0, Y+0) - ren96","Galliner Appliances Factory (X+0, Y+0) - ren96",Galliner Appliances Factory,factory,ren96,0,0,1,1,
"North Plaza (X-1, Y-15) - ren6429","North Plaza (X-1, Y-15) - ren6429",North Plaza,city,ren6429,-1,-15,2,1,
"North Plaza (X-1, Y-14) - ren6404","North Plaza (X-1, Y-14) - ren6404",North Plaza,city,ren6404,-1,-14,2,4,
"North Plaza (X-1, Y-10) - ren4872","North Plaza (X-1, Y-10) - ren4872",North Plaza,city,ren4872,-1,-10,2,4,
"North Plaza (Sewers) (X-1, Y-14) - ren3332","North Plaza (Sewers) (X-1, Y-14) - ren3332",North Plaza (Sewers),city_underground,ren3332,-1,-14,2,2,
"North Plaza (Sewers) (X-1, Y-12) - ren3326","North Plaza (Sewers) (X-1, Y-12) - ren3326",North Plaza (Sewers),city_underground,ren3326,-1,-12,2,1,
"North Plaza (Sewers) (X-1, Y-11) - ren3314","North Plaza (Sewers) (X-1, Y-11) - ren3314",North Plaza (Sewers),city_underground,ren3314,-1,-11,2,1,
"North Plaza (Sewers) (X-3, Y-9) - yug1417","North Plaza (Sewers) (X-3, Y-9) - yug1417",North Plaza (Sewers),city_underground,yug1417,-3,-9,1,1,
"North Plaza (Sewers) (X-2, Y-9) - yug2086","North Plaza (Sewers) (X-2, Y-9) - yug2086",North Plaza (Sewers),city_underground,yug2086,-2,-9,1,1,
"North Plaza (Sewers) (X-1, Y-9) - yug2065","North Plaza (Sewers) (X-1, Y-9) - yug2065",North Plaza (Sewers),city_underground,yug2065,-1,-9,1,1,
"North Plaza (Sewers) (X+0, Y-9) - yug1433","North Plaza (Sewers) (X+0, Y-9) - yug1433",North Plaza (Sewers),city_underground,yug1433,0,-9,1,1,
"North Plaza (Sewers) (X-1, Y-8) - yug2071","North Plaza (Sewers) (X-1, Y-8) - yug2071",North Plaza (Sewers),city_underground,yug2071,-1,-8,1,1,
"Old Rattalia Town (X-12, Y-7) - ren6886","Old Rattalia Town (X-12, Y-7) - ren6886",Old Rattalia Town,city,ren6886,-12,-7,2,2,
"Old Rattalia Town (X-7, Y-7) - ren1583 (West)","Old Rattalia Town (X-7, Y-7) - ren1583",Old Rattalia Town,city,ren1583,-7,-7,1,1, (West)
"Old Rattalia Town (X-7, Y-7) - ren1583 (East)","Old Rattalia Town (X-7, Y-7) - ren1583",Old Rattalia Town,city,ren1583,-7,-7,1,1, (East)
"Old Rattalia Town (X-8, Y-6) - ren1523","Old Rattalia Town (X-8, Y-6) - ren1523",Old Rattalia Town,city,ren1523,-8,-6,1,1,
"Old Rattalia Town (X-7, Y-6) - ren6986","Old Rattalia Town (X-7, Y-6) - ren6986",Old Rattalia Town,city,ren6986,-7,-6,2,1,
"Old Rattalia Town (X-12, Y-5) - ren6904","Old Rattalia Town (X-12, Y-5) - ren6904",Old Rattalia Town,city,ren6904,-12,-5,1,2,
"Old Rattalia Town (X-11, Y-5) - ren3958","Old Rattalia Town (X-11, Y-5) - ren3958",Old Rattalia Town,city,ren3958,-11,-5,1,1,
"Old Rattalia Town (X-10, Y-5) - ren3953","Old Rattalia Town (X-10, Y-5) - ren3953",Old Rattalia Town,city,ren3953,-10,-5,1,1,
"Old Rattalia Town (X-9, Y-5) - ren3952","Old Rattalia Town (X-9, Y-5) - ren3952",Old Rattalia Town,city,ren3952,-9,-5,1,1,
"Old Rattalia Town (X-8, Y-5) - ren3972","Old Rattalia Town (X-8, Y-5) - ren3972",Old Rattalia Town,city,ren3972,-8,-5,1,1,
"Old Rattalia Town (X-7, Y-5) - ren7019","Old Rattalia Town (X-7, Y-5) - ren7019",Old Rattalia Town,city,ren7019,-7,-5,1,1,
"Old Rattalia Town (X-6, Y-5) - ren6980","Old Rattalia Town (X-6, Y-5) - ren6980",Old Rattalia Town,city,ren6980,-6,-5,1,1,
"Old Rattalia Town (X-11, Y-4) - ren3912","Old Rattalia Town (X-11, Y-4) - ren3912",Old Rattalia Town,city,ren3912,-11,-4,1,2,
"Old Rattalia Town (X-10, Y-4) - ren3963","Old Rattalia Town (X-10, Y-4) - ren3963",Old Rattalia Town,city,ren3963,-10,-4,1,1,
"Old Rattalia Town (X-9, Y-4) - ren3951","Old Rattalia Town (X-9, Y-4) - ren3951",Old Rattalia Town,city,ren3951,-9,-4,1,1,
"Old Rattalia Town (X-8, Y-4) - ren3970","Old Rattalia Town (X-8, Y-4) - ren3970",Old Rattalia Town,city,ren3970,-8,-4,1,1,
"Old Rattalia Town (X-7, Y-4) - ren3966","Old Rattalia Town (X-7, Y-4) - ren3966",Old Rattalia Town,city,ren3966,-7,-4,1,1,
"Old Rattalia Town (X-6, Y-4) - ren6971","Old Rattalia Town (X-6, Y-4) - ren6971",Old Rattalia Town,city,ren6971,-6,-4,1,1,
"Old Rattalia Town (X-12, Y-3) - ren6927 (North)","Old Rattalia Town (X-12, Y-3) - ren6927",Old Rattalia Town,city,ren6927,-12,-3,1,3, (North)
"Old Rattalia Town (X-12, Y-3) - ren6927 (South)","Old Rattalia Town (X-12, Y-3) - ren6927",Old Rattalia Town,city,ren6927,-12,-3,1,3, (South)
"Old Rattalia Town (X-10, Y-3) - ren3930","Old Rattalia Town (X-10, Y-3) - ren3930",Old Rattalia Town,city,ren3930,-10,-3,1,1,
"Old Rattalia Town (X-9, Y-3) - ren3931","Old Rattalia Town (X-9, Y-3) - ren3931",Old Rattalia Town,city,ren3931,-9,-3,1,1,
"Old Rattalia Town (X-8, Y-3) - ren3932","Old Rattalia Town (X-8, Y-3) - ren3932",Old Rattalia Town,city,ren3932,-8,-3,1,1,
"Old Rattalia Town (X-7, Y-3) - ren3933","Old Rattalia Town (X-7, Y-3) - ren3933",Old Rattalia Town,city,ren3933,-7,-3,1,1,
"Old Rattalia Town (X-6, Y-3) - ren3934","Old Rattalia Town (X-6, Y-3) - ren3934",Old Rattalia Town,city,ren3934,-6,-3,1,1,
"Old Rattalia Town (X-5, Y-3) - ren3981","Old Rattalia Town (X-5, Y-3) - ren3981",Old Rattalia Town,city,ren3981,-5,-3,1,1,
"Old Rattalia Town (X-4, Y-3) - ren4014","Old Rattalia Town (X-4, Y-3) - ren4014",Old Rattalia Town,city,ren4014,-4,-3,1,1,
"Old Rattalia Town (X-11, Y-2) - ren2","Old Rattalia Town (X-11, Y-2) - ren2",Old Rattalia Town,city,ren2,-11,-2,2,2,
"Old Rattalia Town (X-9, Y-2) - ren3949","Old Rattalia Town (X-9, Y-2) - ren3949",Old Rattalia Town,city,ren3949,-9,-2,1,1,
"Old Rattalia Town (X-8, Y-2) - ren3772","Old Rattalia Town (X-8, Y-2) - ren3772",Old Rattalia Town,city,ren3772,-8,-2,2,2,
"Old Rattalia Town (X-6, Y-2) - ren1300 (Main)","Old Rattalia Town (X-6, Y-2) - ren1300",Old Rattalia Town,city,ren1300,-6,-2,3,3, (Main)
"Old Rattalia Town (X-6, Y-2) - ren1300 (East)","Old Rattalia Town (X-6, Y-2) - ren1300",Old Rattalia Town,city,ren1300,-6,-2,3,3, (East)
"Old Rattalia Town (X-3, Y-2) - lor572 (West)","Old Rattalia Town (X-3, Y-2) - lor572",Old Rattalia Town,city,lor572,-3,-2,1,1, (West)
"Old Rattalia Town (X-3, Y-2) - lor572 (East)","Old Rattalia Town (X-3, Y-2) - lor572",Old Rattalia Town,city,lor572,-3,-2,1,1, (East)
"Old Rattalia Town (X-9, Y-1) - ren3 (West)","Old Rattalia Town (X-9, Y-1) - ren3",Old Rattalia Town,city,ren3,-9,-1,1,1, (West)
"Old Rattalia Town (X-9, Y-1) - ren3 (East)","Old Rattalia Town (X-9, Y-1) - ren3",Old Rattalia Town,city,ren3,-9,-1,1,1, (East)
"Old Rattalia Town (X-3, Y-1) - ren1833 (West)","Old Rattalia Town (X-3, Y-1) - ren1833",Old Rattalia Town,city,ren1833,-3,-1,1,1, (West)
"Old Rattalia Town (X-3, Y-1) - ren1833 (East)","Old Rattalia Town (X-3, Y-1) - ren1833",Old Rattalia Town,city,ren1833,-3,-1,1,1, (East)
"Old Rattalia Town (X-12, Y+0) - lor1907","Old Rattalia Town (X-12, Y+0) - lor1907",Old Rattalia Town,city,lor1907,-12,0,1,2,
"Old Rattalia Town (X-11, Y+0) - ren3887","Old Rattalia Town (X-11, Y+0) - ren3887",Old Rattalia Town,city,ren3887,-11,0,1,2,
"Old Rattalia Town (X-10, Y+0) - ren3889","Old Rattalia Town (X-10, Y+0) - ren3889",Old Rattalia Town,city,ren3889,-10,0,1,1,
"Old Rattalia Town (X-9, Y+0) - ren3950","Old Rattalia Town (X-9, Y+0) - ren3950",Old Rattalia Town,city,ren3950,-9,0,1,1,
"Old Rattalia Town (X-8, Y+0) - yug3472","Old Rattalia Town (X-8, Y+0) - yug3472",Old Rattalia Town,city,yug3472,-8,0,2,2,
"Old Rattalia Town (X-3, Y+0) - lor547","Old Rattalia Town (X-3, Y+0) - lor547",Old Rattalia Town,city,lor547,-3,0,1,3,
"Old Rattalia Town (X-10, Y+1) - ren3821","Old Rattalia Town (X-10, Y+1) - ren3821",Old Rattalia Town,city,ren3821,-10,1,1,3,
"Old Rattalia Town (X-9, Y+1) - ren1477","Old Rattalia Town (X-9, Y+1) - ren1477",Old Rattalia Town,city,ren1477,-9,1,1,1,
"Old Rattalia Town (X-6, Y+1) - ren1447 (West)","Old Rattalia Town (X-6, Y+1) - ren1447",Old Rattalia Town,city,ren1447,-6,1,1,1, (West)
"Old Rattalia Town (X-6, Y+1) - ren1447 (East)","Old Rattalia Town (X-6, Y+1) - ren1447",Old Rattalia Town,city,ren1447,-6,1,1,1, (East)
"Old Rattalia Town (X-5, Y+1) - ren3740","Old Rattalia Town (X-5, Y+1) - ren3740",Old Rattalia Town,city,ren3740,-5,1,1,1,
"Old Rattalia Town (X-4, Y+1) - ren1445","Old Rattalia Town (X-4, Y+1) - ren1445",Old Rattalia Town,city,ren1445,-4,1,1,1,
"Old Rattalia Town (X-12, Y+2) - lor1912","Old Rattalia Town (X-12, Y+2) - lor1912",Old Rattalia Town,city,lor1912,-12,2,1,2,
"Old Rattalia Town (X-11, Y+2) - ren4561","Old Rattalia Town (X-11, Y+2) - ren4561",Old Rattalia Town,city,ren4561,-11,2,1,2,
"Old Rattalia Town (X-9, Y+2) - ren3779","Old Rattalia Town (X-9, Y+2) - ren3779",Old Rattalia Town,city,ren3779,-9,2,1,1,
"Old Rattalia Town (X-8, Y+2) - lor570","Old Rattalia Town (X-8, Y+2) - lor570",Old Rattalia Town,city,lor570,-8,2,1,1,
"Old Rattalia Town (X-7, Y+2) - ren3720","Old Rattalia Town (X-7, Y+2) - ren3720",Old Rattalia Town,city,ren3720,-7,2,4,1,
"Old Rattalia Town (X-9, Y+3) - lor2135","Old Rattalia Town (X-9, Y+3) - lor2135",Old Rattalia Town,city,lor2135,-9,3,1,1,
"Old Rattalia Town (X-8, Y+3) - lor571","Old Rattalia Town (X-8, Y+3) - lor571",Old Rattalia Town,city,lor571,-8,3,2,1,
"Old Rattalia Town (X-6, Y+3) - ren4151","Old Rattalia Town (X-6, Y+3) - ren4151",Old Rattalia Town,city,ren4151,-6,3,1,1,
"Old Rattalia Town (X-5, Y+3) - ren4154","Old Rattalia Town (X-5, Y+3) - ren4154",Old Rattalia Town,city,ren4154,-5,3,1,1,
"Old Rattalia Town (X-4, Y+3) - ren4147","Old Rattalia Town (X-4, Y+3) - ren4147",Old Rattalia Town,city,ren4147,-4,3,1,1,
"Old Rattalia Town (X-12, Y+4) - lor1913","Old Rattalia Town (X-12, Y+4) - lor1913",Old Rattalia Town,city,lor1913,-12,4,1,1,
"Old Rattalia Town (X-11, Y+4) - lor1914","Old Rattalia Town (X-11, Y+4) - lor1914",Old Rattalia Town,city,lor1914,-11,4,1,1,
"Old Rattalia Town (X-10, Y+4) - lor1908","Old Rattalia Town (X-10, Y+4) - lor1908",Old Rattalia Town,city,lor1908,-10,4,1,1,
"Old Rattalia Town (X-9, Y+4) - lor1915","Old Rattalia Town (X-9, Y+4) - lor1915",Old Rattalia Town,city,lor1915,-9,4,1,1,
"Old Rattalia Town (X-8, Y+4) - lor1916","Old Rattalia Town (X-8, Y+4) - lor1916",Old Rattalia Town,city,lor1916,-8,4,2,2,
"Old Rattalia Town (X-6, Y+4) - ren4150","Old Rattalia Town (X-6, Y+4) - ren4150",Old Rattalia Town,city,ren4150,-6,4,1,1,
"Old Rattalia Town (X-5, Y+4) - ren4593","Old Rattalia Town (X-5, Y+4) - ren4593",Old Rattalia Town,city,ren4593,-5,4,1,1,
"Old Rattalia Town (X-4, Y+4) - ren4148","Old Rattalia Town (X-4, Y+4) - ren4148",Old Rattalia Town,city,ren4148,-4,4,1,1,
"Old Rattalia Town (X-12, Y+5) - lor1924","Old Rattalia Town (X-12, Y+5) - lor1924",Old Rattalia Town,city,lor1924,-12,5,1,1,
"Old Rattalia Town (X-11, Y+5) - lor1923","Old Rattalia Town (X-11, Y+5) - lor1923",Old Rattalia Town,city,lor1923,-11,5,1,1,
"Old Rattalia Town (X-10, Y+5) - lor1922","Old Rattalia Town (X-10, Y+5) - lor1922",Old Rattalia Town,city,lor1922,-10,5,1,1,
"Old Rattalia Town (X-9, Y+5) - lor1921","Old Rattalia Town (X-9, Y+5) - lor1921",Old Rattalia Town,city,lor1921,-9,5,1,1,
"Old Rattalia Town (X-6, Y+5) - lor1919","Old Rattalia Town (X-6, Y+5) - lor1919",Old Rattalia Town,city,lor1919,-6,5,3,1,
"Old Rattalia Town (X-3, Y+5) - lor2247","Old Rattalia Town (X-3, Y+5) - lor2247",Old Rattalia Town,city,lor2247,-3,5,2,1,
"Old Rattalia Town (Interiors) (X-7, Y-7) - ren556","Old Rattalia Town (Interiors) (X-7, Y-7) - ren556",Old Rattalia Town (Interiors),city_interiors,ren556,-7,-7,1,1,
"Old Rattalia Town (Interiors) (X-11, Y-4) - ren901","Old Rattalia Town (Interiors) (X-11, Y-4) - ren901",Old Rattalia Town (Interiors),city_interiors,ren901,-10,-4,1,1,
"Old Rattalia Town (Interiors) (X-10, Y-4) - ren911","Old Rattalia Town (Interiors) (X-10, Y-4) - ren911",Old Rattalia Town (Interiors),city_interiors,ren911,-9,-4,1,1,
"Old Rattalia Town (Interiors) (X-8, Y-4) - ren847","Old Rattalia Town (Interiors) (X-8, Y-4) - ren847",Old Rattalia Town (Interiors),city_interiors,ren847,-8,-4,1,1,
"Old Rattalia Town (Interiors) (X-4, Y-3) - lor105","Old Rattalia Town (Interiors) (X-4, Y-3) - lor105",Old Rattalia Town (Interiors),city_interiors,lor105,-4,-3,1,1,
"Old Rattalia Town (Interiors) (X-6, Y+1) - ren925","Old Rattalia Town (Interiors) (X-6, Y+1) - ren925",Old Rattalia Town (Interiors),city_interiors,ren925,-6,1,1,1,
"Old Rattalia Town (Interiors) (X-4, Y+1) - ren24","Old Rattalia Town (Interiors) (X-4, Y+1) - ren24",Old Rattalia Town (Interiors),city_interiors,ren24,-4,1,1,1,
"Old Rattalia Town (Interiors) (X-5, Y+4) - lor1","Old Rattalia Town (Interiors) (X-5, Y+4) - lor1",Old Rattalia Town (Interiors),city_interiors,lor1,-5,4,1,1,
"Old Rattalia Town (Sewers) (X-8, Y-6) - ren1596","Old Rattalia Town (Sewers) (X-8, Y-6) - ren1596",Old Rattalia Town (Sewers),city_underground,ren1596,-8,-6,1,2,
"Old Rattalia Town (Sewers) (X-9, Y-5) - ren3577","Old Rattalia Town (Sewers) (X-9, Y-5) - ren3577",Old Rattalia Town (Sewers),city_underground,ren3577,-9,-5,1,1,
"Old Rattalia Town (Sewers) (X-8, Y-4) - ren1529","Old Rattalia Town (Sewers) (X-8, Y-4) - ren1529",Old Rattalia Town (Sewers),city_underground,ren1529,-8,-4,1,1,
"Old Rattalia Town (Sewers) (X-7, Y-4) - ren1531","Old Rattalia Town (Sewers) (X-7, Y-4) - ren1531",Old Rattalia Town (Sewers),city_underground,ren1531,-7,-4,1,1,
"Old Rattalia Town (Sewers) (X-9, Y-3) - yug1038","Old Rattalia Town (Sewers) (X-9, Y-3) - yug1038",Old Rattalia Town (Sewers),city_underground,yug1038,-9,-3,1,1,
"Old Rattalia Town (Sewers) (X-7, Y-3) - ren1533","Old Rattalia Town (Sewers) (X-7, Y-3) - ren1533",Old Rattalia Town (Sewers),city_underground,ren1533,-7,-3,1,1,
"Old Rattalia Town (Sewers) (X-6, Y-3) - ren789","Old Rattalia Town (Sewers) (X-6, Y-3) - ren789",Old Rattalia Town (Sewers),city_underground,ren789,-6,-3,1,1,
"Old Rattalia Town (Sewers) (X-5, Y-3) - lor119","Old Rattalia Town (Sewers) (X-5, Y-3) - lor119",Old Rattalia Town (Sewers),city_underground,lor119,-5,-3,1,1,
"Old Rattalia Town (Sewers) (X-4, Y-3) - lor122","Old Rattalia Town (Sewers) (X-4, Y-3) - lor122",Old Rattalia Town (Sewers),city_underground,lor122,-4,-3,1,5,
"Old Rattalia Town (Sewers) (X-3, Y-3) - yug941","Old Rattalia Town (Sewers) (X-3, Y-3) - yug941",Old Rattalia Town (Sewers),city_underground,yug941,-3,-3,1,1,
"Old Rattalia Town (Sewers) (X-2, Y-3) - yug969","Old Rattalia Town (Sewers) (X-2, Y-3) - yug969",Old Rattalia Town (Sewers),city_underground,yug969,-2,-3,1,1,
"Old Rattalia Town (Sewers) (X-9, Y-2) - yug1018","Old Rattalia Town (Sewers) (X-9, Y-2) - yug1018",Old Rattalia Town (Sewers),city_underground,yug1018,-9,-2,1,1,
"Old Rattalia Town (Sewers) (X-8, Y-2) - ren1535","Old Rattalia Town (Sewers) (X-8, Y-2) - ren1535",Old Rattalia Town (Sewers),city_underground,ren1535,-8,-2,1,1,
"Old Rattalia Town (Sewers) (X-6, Y-2) - ren793","Old Rattalia Town (Sewers) (X-6, Y-2) - ren793",Old Rattalia Town (Sewers),city_underground,ren793,-6,-2,1,1,
"Old Rattalia Town (Sewers) (X-5, Y-2) - ren1608","Old Rattalia Town (Sewers) (X-5, Y-2) - ren1608",Old Rattalia Town (Sewers),city_underground,ren1608,-5,-2,1,1,
"Old Rattalia Town (Sewers) (X-3, Y-2) - yug953","Old Rattalia Town (Sewers) (X-3, Y-2) - yug953",Old Rattalia Town (Sewers),city_underground,yug953,-3,-2,1,1,
"Old Rattalia Town (Sewers) (X-10, Y-1) - ren1537","Old Rattalia Town (Sewers) (X-10, Y-1) - ren1537",Old Rattalia Town (Sewers),city_underground,ren1537,-10,-1,1,1,
"Old Rattalia Town (Sewers) (X-9, Y-1) - ren899","Old Rattalia Town (Sewers) (X-9, Y-1) - ren899",Old Rattalia Town (Sewers),city_underground,ren899,-9,-1,2,1,
"Old Rattalia Town (Sewers) (X-6, Y-1) - ren797","Old Rattalia Town (Sewers) (X-6, Y-1) - ren797",Old Rattalia Town (Sewers),city_underground,ren797,-6,-1,1,1,
"Old Rattalia Town (Sewers) (X-5, Y-1) - ren798","Old Rattalia Town (Sewers) (X-5, Y-1) - ren798",Old Rattalia Town (Sewers),city_underground,ren798,-5,-1,1,2,
"Old Rattalia Town (Sewers) (X-3, Y-1) - yug7","Old Rattalia Town (Sewers) (X-3, Y-1) - yug7",Old Rattalia Town (Sewers),city_underground,yug7,-3,-1,1,1,
"Old Rattalia Town (Sewers) (X-8, Y+0) - ren1577","Old Rattalia Town (Sewers) (X-8, Y+0) - ren1577",Old Rattalia Town (Sewers),city_underground,ren1577,-8,0,1,1,
"Old Rattalia Town (Sewers) (X-6, Y+0) - lor150","Old Rattalia Town (Sewers) (X-6, Y+0) - lor150",Old Rattalia Town (Sewers),city_underground,lor150,-6,0,1,1,
"Old Rattalia Town (Sewers) (X-3, Y+0) - lor162 (Main)","Old Rattalia Town (Sewers) (X-3, Y+0) - lor162",Old Rattalia Town (Sewers),city_underground,lor162,-3,0,1,3, (Main)
"Old Rattalia Town (Sewers) (X-3, Y+0) - lor162 (North)","Old Rattalia Town (Sewers) (X-3, Y+0) - lor162",Old Rattalia Town (Sewers),city_underground,lor162,-3,0,1,3, (North)
"Old Rattalia Town (Sewers) (X-3, Y+0) - lor162 (South)","Old Rattalia Town (Sewers) (X-3, Y+0) - lor162",Old Rattalia Town (Sewers),city_underground,lor162,-3,0,1,3, (South)
"Old Rattalia Town (Sewers) (X-6, Y+1) - ren1541 (West)","Old Rattalia Town (Sewers) (X-6, Y+1) - ren1541",Old Rattalia Town (Sewers),city_underground,ren1541,-6,1,1,1, (West)
"Old Rattalia Town (Sewers) (X-6, Y+1) - ren1541 (East)","Old Rattalia Town (Sewers) (X-6, Y+1) - ren1541",Old Rattalia Town (Sewers),city_underground,ren1541,-6,1,1,1, (East)
"Old Rattalia Town (Sewers) (X-5, Y+1) - ren791","Old Rattalia Town (Sewers) (X-5, Y+1) - ren791",Old Rattalia Town (Sewers),city_underground,ren791,-5,1,1,1,
"Old Rattalia Town (Sewers) (X-6, Y+3) - yug223","Old Rattalia Town (Sewers) (X-6, Y+3) - yug223",Old Rattalia Town (Sewers),city_underground,yug223,-6,3,1,1,
"Old Rattalia Town (Sewers) (X-5, Y+3) - yug225 (Main)","Old Rattalia Town (Sewers) (X-5, Y+3) - yug225",Old Rattalia Town (Sewers),city_underground,yug225,-5,3,1,1, (Main)
"Old Rattalia Town (Sewers) (X-5, Y+3) - yug225 (West)","Old Rattalia Town (Sewers) (X-5, Y+3) - yug225",Old Rattalia Town (Sewers),city_underground,yug225,-5,3,1,1, (West)
"Old Rattalia Town (Sewers) (X-5, Y+3) - yug225 (East)","Old Rattalia Town (Sewers) (X-5, Y+3) - yug225",Old Rattalia Town (Sewers),city_underground,yug225,-5,3,1,1, (East)
"Old Rattalia Town (Sewers) (X-4, Y+3) - yug232","Old Rattalia Town (Sewers) (X-4, Y+3) - yug232",Old Rattalia Town (Sewers),city_underground,yug232,-4,3,1,1,
"Old Rattalia Town (Sewers) (X-6, Y+4) - lor31","Old Rattalia Town (Sewers) (X-6, Y+4) - lor31",Old Rattalia Town (Sewers),city_underground,lor31,-6,4,1,1,
"Old Rattalia Town (Sewers) (X-5, Y+4) - lor21","Old Rattalia Town (Sewers) (X-5, Y+4) - lor21",Old Rattalia Town (Sewers),city_underground,lor21,-5,4,1,1,
"Old Rattalia Town (Sewers) (X-4, Y+4) - yug220","Old Rattalia Town (Sewers) (X-4, Y+4) - yug220",Old Rattalia Town (Sewers),city_underground,yug220,-4,4,1,1,
"Pipistrello Industries (X-1, Y-20) - ren1496","Pipistrello Industries (X-1, Y-20) - ren1496",Pipistrello Industries,city,ren1496,-1,-20,2,5,
"Pipistrello Industries (X-10, Y-17) - lor2599","Pipistrello Industries (X-10, Y-17) - lor2599",Pipistrello Industries,city,lor2599,-10,-17,5,2,
"Pipistrello Industries (X-5, Y-17) - lor2564","Pipistrello Industries (X-5, Y-17) - lor2564",Pipistrello Industries,city,lor2564,-5,-17,4,2,
"Pipistrello Industries (X+1, Y-17) - lor1608","Pipistrello Industries (X+1, Y-17) - lor1608",Pipistrello Industries,city,lor1608,1,-17,4,2,
"Pipistrello Industries (X+5, Y-17) - lor2521","Pipistrello Industries (X+5, Y-17) - lor2521",Pipistrello Industries,city,lor2521,5,-17,5,2,
"Pipistrello Laboratory (X+0, Y+3) - ren2465","Pipistrello Laboratory (X+0, Y+3) - ren2465",Pipistrello Laboratory,dungeon5,ren2465,0,3,1,1,
"Pipistrello Laboratory (X-5, Y+4) - ren2366","Pipistrello Laboratory (X-5, Y+4) - ren2366",Pipistrello Laboratory,dungeon5,ren2366,-5,4,3,1,
"Pipistrello Laboratory (X+0, Y+4) - ren2333","Pipistrello Laboratory (X+0, Y+4) - ren2333",Pipistrello Laboratory,dungeon5,ren2333,0,4,2,3,
"Pipistrello Laboratory (X+4, Y+4) - lor382","Pipistrello Laboratory (X+4, Y+4) - lor382",Pipistrello Laboratory,dungeon5,lor382,4,4,2,3,
"Pipistrello Laboratory (X-5, Y+5) - ren2385","Pipistrello Laboratory (X-5, Y+5) - ren2385",Pipistrello Laboratory,dungeon5,ren2385,-5,5,2,2,
"Pipistrello Laboratory (X-3, Y+5) - ren2357","Pipistrello Laboratory (X-3, Y+5) - ren2357",Pipistrello Laboratory,dungeon5,ren2357,-3,5,2,1,
"Pipistrello Laboratory (X-1, Y+5) - ren2353","Pipistrello Laboratory (X-1, Y+5) - ren2353",Pipistrello Laboratory,dungeon5,ren2353,-1,5,1,1,
"Pipistrello Laboratory (X+2, Y+5) - ren2350","Pipistrello Laboratory (X+2, Y+5) - ren2350",Pipistrello Laboratory,dungeon5,ren2350,2,5,2,1,
"Pipistrello Laboratory (X-3, Y+6) - ren2768","Pipistrello Laboratory (X-3, Y+6) - ren2768",Pipistrello Laboratory,dungeon5,ren2768,-3,6,3,1,
"Pipistrello Laboratory (X-5, Y+7) - ren2397","Pipistrello Laboratory (X-5, Y+7) - ren2397",Pipistrello Laboratory,dungeon5,ren2397,-5,7,1,1,
"Pipistrello Laboratory (X-4, Y+7) - ren2436","Pipistrello Laboratory (X-4, Y+7) - ren2436",Pipistrello Laboratory,dungeon5,ren2436,-4,7,2,1,
"Pipistrello Laboratory (X-2, Y+7) - ren2426","Pipistrello Laboratory (X-2, Y+7) - ren2426",Pipistrello Laboratory,dungeon5,ren2426,-2,7,1,2,
"Pipistrello Laboratory (X-5, Y+8) - ren2406","Pipistrello Laboratory (X-5, Y+8) - ren2406",Pipistrello Laboratory,dungeon5,ren2406,-5,8,2,1,
"Pipistrello Laboratory (X-3, Y+8) - ren2418","Pipistrello Laboratory (X-3, Y+8) - ren2418",Pipistrello Laboratory,dungeon5,ren2418,-3,8,1,1,
"Pipistrello Manor (X-4, Y-6) - ren2292","Pipistrello Manor (X-4, Y-6) - ren2292",Pipistrello Manor,dungeon5,ren2292,-4,-6,1,1,
"Pipistrello Manor (X-3, Y-6) - ren1998","Pipistrello Manor (X-3, Y-6) - ren1998",Pipistrello Manor,dungeon5,ren1998,-3,-6,1,1,
"Pipistrello Manor (X-2, Y-6) - ren1686","Pipistrello Manor (X-2, Y-6) - ren1686",Pipistrello Manor,dungeon5,ren1686,-2,-6,1,1,
"Pipistrello Manor (X-1, Y-6) - ren1677","Pipistrello Manor (X-1, Y-6) - ren1677",Pipistrello Manor,dungeon5,ren1677,-1,-6,1,1,
"Pipistrello Manor (X+0, Y-6) - ren2098","Pipistrello Manor (X+0, Y-6) - ren2098",Pipistrello Manor,dungeon5,ren2098,0,-6,1,1,
"Pipistrello Manor (X+1, Y-6) - ren2931","Pipistrello Manor (X+1, Y-6) - ren2931",Pipistrello Manor,dungeon5,ren2931,1,-6,2,1,
"Pipistrello Manor (X+3, Y-6) - ren2970","Pipistrello Manor (X+3, Y-6) - ren2970",Pipistrello Manor,dungeon5,ren2970,3,-6,1,1,
"Pipistrello Manor (X+4, Y-6) - ren3006","Pipistrello Manor (X+4, Y-6) - ren3006",Pipistrello Manor,dungeon5,ren3006,4,-6,1,2,
"Pipistrello Manor (X-4, Y-5) - ren2302","Pipistrello Manor (X-4, Y-5) - ren2302",Pipistrello Manor,dungeon5,ren2302,-4,-5,1,1,
"Pipistrello Manor (X-3, Y-5) - ren1970","Pipistrello Manor (X-3, Y-5) - ren1970",Pipistrello Manor,dungeon5,ren1970,-3,-5,1,1,
"Pipistrello Manor (X-2, Y-5) - ren1706","Pipistrello Manor (X-2, Y-5) - ren1706",Pipistrello Manor,dungeon5,ren1706,-2,-5,1,1,
"Pipistrello Manor (X-1, Y-5) - ren1651","Pipistrello Manor (X-1, Y-5) - ren1651",Pipistrello Manor,dungeon5,ren1651,-1,-5,1,1,
"Pipistrello Manor (X+0, Y-5) - ren2063","Pipistrello Manor (X+0, Y-5) - ren2063",Pipistrello Manor,dungeon5,ren2063,0,-5,1,1,
"Pipistrello Manor (X+1, Y-5) - ren2313","Pipistrello Manor (X+1, Y-5) - ren2313",Pipistrello Manor,dungeon5,ren2313,1,-5,1,1,
"Pipistrello Manor (X+2, Y-5) - ren2200","Pipistrello Manor (X+2, Y-5) - ren2200",Pipistrello Manor,dungeon5,ren2200,2,-5,1,2,
"Pipistrello Manor (X+3, Y-5) - ren3016","Pipistrello Manor (X+3, Y-5) - ren3016",Pipistrello Manor,dungeon5,ren3016,3,-5,1,1,
"Pipistrello Manor (X-4, Y-4) - ren1784","Pipistrello Manor (X-4, Y-4) - ren1784",Pipistrello Manor,dungeon5,ren1784,-4,-4,1,1,
"Pipistrello Manor (X-3, Y-4) - ren1812","Pipistrello Manor (X-3, Y-4) - ren1812",Pipistrello Manor,dungeon5,ren1812,-3,-4,1,1,
"Pipistrello Manor (X-2, Y-4) - ren1761","Pipistrello Manor (X-2, Y-4) - ren1761",Pipistrello Manor,dungeon5,ren1761,-2,-4,1,1,
"Pipistrello Manor (X-1, Y-4) - ren2657","Pipistrello Manor (X-1, Y-4) - ren2657",Pipistrello Manor,dungeon5,ren2657,-1,-4,3,3,
"Pipistrello Manor (X+3, Y-4) - ren2220","Pipistrello Manor (X+3, Y-4) - ren2220",Pipistrello Manor,dungeon5,ren2220,3,-4,1,1,
"Pipistrello Manor (X+4, Y-4) - ren2229","Pipistrello Manor (X+4, Y-4) - ren2229",Pipistrello Manor,dungeon5,ren2229,4,-4,1,1,
"Pipistrello Manor (X-4, Y-3) - ren1852","Pipistrello Manor (X-4, Y-3) - ren1852",Pipistrello Manor,dungeon5,ren1852,-4,-3,1,1,
"Pipistrello Manor (X-3, Y-3) - ren2320","Pipistrello Manor (X-3, Y-3) - ren2320",Pipistrello Manor,dungeon5,ren2320,-3,-3,1,1,
"Pipistrello Manor (X-2, Y-3) - ren1829","Pipistrello Manor (X-2, Y-3) - ren1829",Pipistrello Manor,dungeon5,ren1829,-2,-3,1,1,
"Pipistrello Manor (X+2, Y-3) - lor104","Pipistrello Manor (X+2, Y-3) - lor104",Pipistrello Manor,dungeon5,lor104,2,-3,2,1,
"Pipistrello Manor (X+4, Y-3) - ren2258","Pipistrello Manor (X+4, Y-3) - ren2258",Pipistrello Manor,dungeon5,ren2258,4,-3,1,1,
"Pipistrello Manor (X-4, Y-2) - ren1628","Pipistrello Manor (X-4, Y-2) - ren1628",Pipistrello Manor,dungeon5,ren1628,-4,-2,1,1,
"Pipistrello Manor (X-3, Y-2) - ren1840","Pipistrello Manor (X-3, Y-2) - ren1840",Pipistrello Manor,dungeon5,ren1840,-3,-2,1,1,
"Pipistrello Manor (X-2, Y-2) - ren1994","Pipistrello Manor (X-2, Y-2) - ren1994",Pipistrello Manor,dungeon5,ren1994,-2,-2,1,1,
"Pipistrello Manor (X+2, Y-2) - ren84","Pipistrello Manor (X+2, Y-2) - ren84",Pipistrello Manor,dungeon5,ren84,2,-2,1,1,
"Pipistrello Manor (X+3, Y-2) - ren670","Pipistrello Manor (X+3, Y-2) - ren670",Pipistrello Manor,dungeon5,ren670,3,-2,1,1,
"Pipistrello Manor (X+4, Y-2) - ren2273","Pipistrello Manor (X+4, Y-2) - ren2273",Pipistrello Manor,dungeon5,ren2273,4,-2,1,1,
"Pipistrello Manor (X-4, Y-1) - ren1945","Pipistrello Manor (X-4, Y-1) - ren1945",Pipistrello Manor,dungeon5,ren1945,-4,-1,1,1,
"Pipistrello Manor (X-3, Y-1) - ren1710","Pipistrello Manor (X-3, Y-1) - ren1710",Pipistrello Manor,dungeon5,ren1710,-3,-1,1,1,
"Pipistrello Manor (X-2, Y-1) - ren1914","Pipistrello Manor (X-2, Y-1) - ren1914",Pipistrello Manor,dungeon5,ren1914,-2,-1,1,1,
"Pipistrello Manor (X-1, Y-1) - ren1643","Pipistrello Manor (X-1, Y-1) - ren1643",Pipistrello Manor,dungeon5,ren1643,-1,-1,1,1,
"Pipistrello Manor (X+0, Y-1) - ren2177","Pipistrello Manor (X+0, Y-1) - ren2177",Pipistrello Manor,dungeon5,ren2177,0,-1,1,1,
"Pipistrello Manor (X+1, Y-1) - ren2187","Pipistrello Manor (X+1, Y-1) - ren2187",Pipistrello Manor,dungeon5,ren2187,1,-1,1,1,
"Pipistrello Manor (X+2, Y-1) - ren655","Pipistrello Manor (X+2, Y-1) - ren655",Pipistrello Manor,dungeon5,ren655,2,-1,1,1,
"Pipistrello Manor (X+3, Y-1) - ren33","Pipistrello Manor (X+3, Y-1) - ren33",Pipistrello Manor,dungeon5,ren33,3,-1,1,1,
"Pipistrello Manor (X+4, Y-1) - ren3041","Pipistrello Manor (X+4, Y-1) - ren3041",Pipistrello Manor,dungeon5,ren3041,4,-1,1,1,
"Pipistrello Manor (X-4, Y+0) - ren1731","Pipistrello Manor (X-4, Y+0) - ren1731",Pipistrello Manor,dungeon5,ren1731,-4,0,2,1,
"Pipistrello Manor (X-2, Y+0) - ren1754","Pipistrello Manor (X-2, Y+0) - ren1754",Pipistrello Manor,dungeon5,ren1754,-2,0,1,1,
"Pipistrello Manor (X-1, Y+0) - ren1939","Pipistrello Manor (X-1, Y+0) - ren1939",Pipistrello Manor,dungeon5,ren1939,-1,0,1,1,
"Pipistrello Manor (X+0, Y+0) - ren1","Pipistrello Manor (X+0, Y+0) - ren1",Pipistrello Manor,dungeon5,ren1,0,0,1,2,
"Pipistrello Manor (X+1, Y+0) - ren3","Pipistrello Manor (X+1, Y+0) - ren3",Pipistrello Manor,dungeon5,ren3,1,0,1,1,
"Pipistrello Manor (X+2, Y+0) - ren27","Pipistrello Manor (X+2, Y+0) - ren27",Pipistrello Manor,dungeon5,ren27,2,0,1,1,
"Pipistrello Manor (X+3, Y+0) - ren722","Pipistrello Manor (X+3, Y+0) - ren722",Pipistrello Manor,dungeon5,ren722,3,0,1,1,
"Pipistrello Manor (X+4, Y+0) - ren632","Pipistrello Manor (X+4, Y+0) - ren632",Pipistrello Manor,dungeon5,ren632,4,0,1,1,
"Plaza Roquefort Shopping Mall (X+0, Y-9) - ren9749","Plaza Roquefort Shopping Mall (X+0, Y-9) - ren9749",Plaza Roquefort Shopping Mall,dungeon1,ren9749,0,-9,1,1,
"Plaza Roquefort Shopping Mall (X-4, Y-7) - ren4854","Plaza Roquefort Shopping Mall (X-4, Y-7) - ren4854",Plaza Roquefort Shopping Mall,dungeon1,ren4854,-4,-7,1,2,
"Plaza Roquefort Shopping Mall (X-3, Y-7) - ren4853","Plaza Roquefort Shopping Mall (X-3, Y-7) - ren4853",Plaza Roquefort Shopping Mall,dungeon1,ren4853,-3,-7,1,1,
"Plaza Roquefort Shopping Mall (X-2, Y-7) - ren4851","Plaza Roquefort Shopping Mall (X-2, Y-7) - ren4851",Plaza Roquefort Shopping Mall,dungeon1,ren4851,-2,-7,1,1,
"Plaza Roquefort Shopping Mall (X-1, Y-7) - ren4852","Plaza Roquefort Shopping Mall (X-1, Y-7) - ren4852",Plaza Roquefort Shopping Mall,dungeon1,ren4852,-1,-7,1,1,
"Plaza Roquefort Shopping Mall (X+0, Y-7) - ren8916","Plaza Roquefort Shopping Mall (X+0, Y-7) - ren8916",Plaza Roquefort Shopping Mall,dungeon1,ren8916,0,-7,1,1,
"Plaza Roquefort Shopping Mall (X+1, Y-7) - ren32042","Plaza Roquefort Shopping Mall (X+1, Y-7) - ren32042",Plaza Roquefort Shopping Mall,dungeon1,ren32042,1,-7,1,1,
"Plaza Roquefort Shopping Mall (X+2, Y-7) - ren32264","Plaza Roquefort Shopping Mall (X+2, Y-7) - ren32264",Plaza Roquefort Shopping Mall,dungeon1,ren32264,2,-7,1,1,
"Plaza Roquefort Shopping Mall (X+3, Y-7) - ren32290","Plaza Roquefort Shopping Mall (X+3, Y-7) - ren32290",Plaza Roquefort Shopping Mall,dungeon1,ren32290,3,-7,1,1,
"Plaza Roquefort Shopping Mall (X+4, Y-7) - ren32055","Plaza Roquefort Shopping Mall (X+4, Y-7) - ren32055",Plaza Roquefort Shopping Mall,dungeon1,ren32055,4,-7,1,1,
"Plaza Roquefort Shopping Mall (X-3, Y-6) - ren4847","Plaza Roquefort Shopping Mall (X-3, Y-6) - ren4847",Plaza Roquefort Shopping Mall,dungeon1,ren4847,-3,-6,1,1,
"Plaza Roquefort Shopping Mall (X-2, Y-6) - ren8844","Plaza Roquefort Shopping Mall (X-2, Y-6) - ren8844",Plaza Roquefort Shopping Mall,dungeon1,ren8844,-2,-6,1,1,
"Plaza Roquefort Shopping Mall (X-1, Y-6) - ren8828","Plaza Roquefort Shopping Mall (X-1, Y-6) - ren8828",Plaza Roquefort Shopping Mall,dungeon1,ren8828,-1,-6,1,1,
"Plaza Roquefort Shopping Mall (X+0, Y-6) - ren8933","Plaza Roquefort Shopping Mall (X+0, Y-6) - ren8933",Plaza Roquefort Shopping Mall,dungeon1,ren8933,0,-6,1,1,
"Plaza Roquefort Shopping Mall (X+1, Y-6) - ren32011","Plaza Roquefort Shopping Mall (X+1, Y-6) - ren32011",Plaza Roquefort Shopping Mall,dungeon1,ren32011,1,-6,2,1,
"Plaza Roquefort Shopping Mall (X+3, Y-6) - ren31995","Plaza Roquefort Shopping Mall (X+3, Y-6) - ren31995",Plaza Roquefort Shopping Mall,dungeon1,ren31995,3,-6,1,1,
"Plaza Roquefort Shopping Mall (X+4, Y-6) - ren32000","Plaza Roquefort Shopping Mall (X+4, Y-6) - ren32000",Plaza Roquefort Shopping Mall,dungeon1,ren32000,4,-6,1,1,
"Plaza Roquefort Shopping Mall (X-4, Y-5) - ren4855","Plaza Roquefort Shopping Mall (X-4, Y-5) - ren4855",Plaza Roquefort Shopping Mall,dungeon1,ren4855,-4,-5,1,1,
"Plaza Roquefort Shopping Mall (X-3, Y-5) - ren32638","Plaza Roquefort Shopping Mall (X-3, Y-5) - ren32638",Plaza Roquefort Shopping Mall,dungeon1,ren32638,-3,-5,1,1,
"Plaza Roquefort Shopping Mall (X-2, Y-5) - ren6584","Plaza Roquefort Shopping Mall (X-2, Y-5) - ren6584",Plaza Roquefort Shopping Mall,dungeon1,ren6584,-2,-5,1,1,
"Plaza Roquefort Shopping Mall (X-1, Y-5) - yug6","Plaza Roquefort Shopping Mall (X-1, Y-5) - yug6",Plaza Roquefort Shopping Mall,dungeon1,yug6,-1,-5,1,1,
"Plaza Roquefort Shopping Mall (X+0, Y-5) - ren4845","Plaza Roquefort Shopping Mall (X+0, Y-5) - ren4845",Plaza Roquefort Shopping Mall,dungeon1,ren4845,0,-5,1,2,
"Plaza Roquefort Shopping Mall (X+1, Y-5) - lor835","Plaza Roquefort Shopping Mall (X+1, Y-5) - lor835",Plaza Roquefort Shopping Mall,dungeon1,lor835,1,-5,1,2,
"Plaza Roquefort Shopping Mall (X+2, Y-5) - lor942","Plaza Roquefort Shopping Mall (X+2, Y-5) - lor942",Plaza Roquefort Shopping Mall,dungeon1,lor942,2,-5,1,1,
"Plaza Roquefort Shopping Mall (X+3, Y-5) - ren4358","Plaza Roquefort Shopping Mall (X+3, Y-5) - ren4358",Plaza Roquefort Shopping Mall,dungeon1,ren4358,3,-5,1,1,
"Plaza Roquefort Shopping Mall (X+4, Y-5) - ren4297","Plaza Roquefort Shopping Mall (X+4, Y-5) - ren4297",Plaza Roquefort Shopping Mall,dungeon1,ren4297,4,-5,1,1,
"Plaza Roquefort Shopping Mall (X-6, Y-4) - yug223","Plaza Roquefort Shopping Mall (X-6, Y-4) - yug223",Plaza Roquefort Shopping Mall,dungeon1,yug223,-6,-4,1,1,
"Plaza Roquefort Shopping Mall (X-4, Y-4) - ren32609","Plaza Roquefort Shopping Mall (X-4, Y-4) - ren32609",Plaza Roquefort Shopping Mall,dungeon1,ren32609,-4,-4,2,1,
"Plaza Roquefort Shopping Mall (X-2, Y-4) - ren4471","Plaza Roquefort Shopping Mall (X-2, Y-4) - ren4471",Plaza Roquefort Shopping Mall,dungeon1,ren4471,-2,-4,2,2,
"Plaza Roquefort Shopping Mall (X+2, Y-4) - ren4203","Plaza Roquefort Shopping Mall (X+2, Y-4) - ren4203",Plaza Roquefort Shopping Mall,dungeon1,ren4203,2,-4,1,1,
"Plaza Roquefort Shopping Mall (X+3, Y-4) - ren4204","Plaza Roquefort Shopping Mall (X+3, Y-4) - ren4204",Plaza Roquefort Shopping Mall,dungeon1,ren4204,3,-4,1,1,
"Plaza Roquefort Shopping Mall (X+4, Y-4) - ren4254","Plaza Roquefort Shopping Mall (X+4, Y-4) - ren4254",Plaza Roquefort Shopping Mall,dungeon1,ren4254,4,-4,1,1,
"Plaza Roquefort Shopping Mall (X-6, Y-3) - ren461","Plaza Roquefort Shopping Mall (X-6, Y-3) - ren461",Plaza Roquefort Shopping Mall,dungeon1,ren461,-6,-3,1,1,
"Plaza Roquefort Shopping Mall (X-4, Y-3) - ren32628","Plaza Roquefort Shopping Mall (X-4, Y-3) - ren32628",Plaza Roquefort Shopping Mall,dungeon1,ren32628,-4,-3,1,1,
"Plaza Roquefort Shopping Mall (X-3, Y-3) - ren4708","Plaza Roquefort Shopping Mall (X-3, Y-3) - ren4708",Plaza Roquefort Shopping Mall,dungeon1,ren4708,-3,-3,1,1,
"Plaza Roquefort Shopping Mall (X+0, Y-3) - ren8970","Plaza Roquefort Shopping Mall (X+0, Y-3) - ren8970",Plaza Roquefort Shopping Mall,dungeon1,ren8970,0,-3,1,1,
"Plaza Roquefort Shopping Mall (X+1, Y-3) - ren4438","Plaza Roquefort Shopping Mall (X+1, Y-3) - ren4438",Plaza Roquefort Shopping Mall,dungeon1,ren4438,1,-3,2,1,
"Plaza Roquefort Shopping Mall (X+3, Y-3) - ren4202","Plaza Roquefort Shopping Mall (X+3, Y-3) - ren4202",Plaza Roquefort Shopping Mall,dungeon1,ren4202,3,-3,1,1,
"Plaza Roquefort Shopping Mall (X+4, Y-3) - ren4205","Plaza Roquefort Shopping Mall (X+4, Y-3) - ren4205",Plaza Roquefort Shopping Mall,dungeon1,ren4205,4,-3,1,1,
"Plaza Roquefort Shopping Mall (X-6, Y-2) - ren425","Plaza Roquefort Shopping Mall (X-6, Y-2) - ren425",Plaza Roquefort Shopping Mall,dungeon1,ren425,-6,-2,1,1,
"Plaza Roquefort Shopping Mall (X-4, Y-2) - ren4612","Plaza Roquefort Shopping Mall (X-4, Y-2) - ren4612",Plaza Roquefort Shopping Mall,dungeon1,ren4612,-4,-2,1,1,
"Plaza Roquefort Shopping Mall (X-3, Y-2) - ren561","Plaza Roquefort Shopping Mall (X-3, Y-2) - ren561",Plaza Roquefort Shopping Mall,dungeon1,ren561,-3,-2,1,1,
"Plaza Roquefort Shopping Mall (X-2, Y-2) - ren2223","Plaza Roquefort Shopping Mall (X-2, Y-2) - ren2223",Plaza Roquefort Shopping Mall,dungeon1,ren2223,-2,-2,1,1,
"Plaza Roquefort Shopping Mall (X-1, Y-2) - ren3969 (Main)","Plaza Roquefort Shopping Mall (X-1, Y-2) - ren3969",Plaza Roquefort Shopping Mall,dungeon1,ren3969,-1,-2,3,3, (Main)
"Plaza Roquefort Shopping Mall (X-1, Y-2) - ren3969 (South)","Plaza Roquefort Shopping Mall (X-1, Y-2) - ren3969",Plaza Roquefort Shopping Mall,dungeon1,ren3969,-1,-2,3,3, (South)
"Plaza Roquefort Shopping Mall (X+2, Y-2) - ren9305","Plaza Roquefort Shopping Mall (X+2, Y-2) - ren9305",Plaza Roquefort Shopping Mall,dungeon1,ren9305,2,-2,1,1,
"Plaza Roquefort Shopping Mall (X+3, Y-2) - ren8993","Plaza Roquefort Shopping Mall (X+3, Y-2) - ren8993",Plaza Roquefort Shopping Mall,dungeon1,ren8993,3,-2,2,1,
"Plaza Roquefort Shopping Mall (X-6, Y-1) - ren3803","Plaza Roquefort Shopping Mall (X-6, Y-1) - ren3803",Plaza Roquefort Shopping Mall,dungeon1,ren3803,-6,-1,1,1,
"Plaza Roquefort Shopping Mall (X-4, Y-1) - ren4598","Plaza Roquefort Shopping Mall (X-4, Y-1) - ren4598",Plaza Roquefort Shopping Mall,dungeon1,ren4598,-4,-1,1,1,
"Plaza Roquefort Shopping Mall (X-3, Y-1) - ren4628","Plaza Roquefort Shopping Mall (X-3, Y-1) - ren4628",Plaza Roquefort Shopping Mall,dungeon1,ren4628,-3,-1,1,1,
"Plaza Roquefort Shopping Mall (X-2, Y-1) - ren2055","Plaza Roquefort Shopping Mall (X-2, Y-1) - ren2055",Plaza Roquefort Shopping Mall,dungeon1,ren2055,-2,-1,1,1,
"Plaza Roquefort Shopping Mall (X+2, Y-1) - ren4449 (North)","Plaza Roquefort Shopping Mall (X+2, Y-1) - ren4449",Plaza Roquefort Shopping Mall,dungeon1,ren4449,2,-1,1,2, (North)
"Plaza Roquefort Shopping Mall (X+2, Y-1) - ren4449 (South)","Plaza Roquefort Shopping Mall (X+2, Y-1) - ren4449",Plaza Roquefort Shopping Mall,dungeon1,ren4449,2,-1,1,2, (South)
"Plaza Roquefort Shopping Mall (X+3, Y-1) - ren8995","Plaza Roquefort Shopping Mall (X+3, Y-1) - ren8995",Plaza Roquefort Shopping Mall,dungeon1,ren8995,3,-1,1,1,
"Plaza Roquefort Shopping Mall (X+4, Y-1) - ren4805","Plaza Roquefort Shopping Mall (X+4, Y-1) - ren4805",Plaza Roquefort Shopping Mall,dungeon1,ren4805,4,-1,1,1,
"Plaza Roquefort Shopping Mall (X+6, Y-1) - ren3609","Plaza Roquefort Shopping Mall (X+6, Y-1) - ren3609",Plaza Roquefort Shopping Mall,dungeon1,ren3609,6,-1,1,1,
"Plaza Roquefort Shopping Mall (X-4, Y+0) - ren573","Plaza Roquefort Shopping Mall (X-4, Y+0) - ren573",Plaza Roquefort Shopping Mall,dungeon1,ren573,-4,0,1,1,
"Plaza Roquefort Shopping Mall (X-3, Y+0) - ren4466 (West)","Plaza Roquefort Shopping Mall (X-3, Y+0) - ren4466",Plaza Roquefort Shopping Mall,dungeon1,ren4466,-3,0,2,1, (West)
"Plaza Roquefort Shopping Mall (X-3, Y+0) - ren4466 (East)","Plaza Roquefort Shopping Mall (X-3, Y+0) - ren4466",Plaza Roquefort Shopping Mall,dungeon1,ren4466,-3,0,2,1, (East)
"Plaza Roquefort Shopping Mall (X+3, Y+0) - ren9067","Plaza Roquefort Shopping Mall (X+3, Y+0) - ren9067",Plaza Roquefort Shopping Mall,dungeon1,ren9067,3,0,1,1,
"Plaza Roquefort Shopping Mall (X+4, Y+0) - ren5150","Plaza Roquefort Shopping Mall (X+4, Y+0) - ren5150",Plaza Roquefort Shopping Mall,dungeon1,ren5150,4,0,1,1,
"Police Department (X-1, Y-4) - ren66","Police Department (X-1, Y-4) - ren66",Police Department,policedep,ren66,-1,-4,1,1,
"Police Department (X+0, Y-4) - ren61","Police Department (X+0, Y-4) - ren61",Police Department,policedep,ren61,0,-4,1,1,
"Police Department (X+1, Y-4) - ren28","Police Department (X+1, Y-4) - ren28",Police Department,policedep,ren28,1,-4,1,2,
"Police Department (X+2, Y-4) - ren44","Police Department (X+2, Y-4) - ren44",Police Department,policedep,ren44,2,-4,1,2,
"Police Department (X-1, Y-3) - lor193","Police Department (X-1, Y-3) - lor193",Police Department,policedep,lor193,-1,-3,1,1,
"Police Department (X+0, Y-3) - lor197","Police Department (X+0, Y-3) - lor197",Police Department,policedep,lor197,0,-3,1,1,
"Police Department (X-1, Y-2) - lor209","Police Department (X-1, Y-2) - lor209",Police Department,policedep,lor209,-1,-2,1,1,
"Police Department (X+0, Y-2) - lor205","Police Department (X+0, Y-2) - lor205",Police Department,policedep,lor205,0,-2,1,1,
"Police Department (X+1, Y-2) - lor221","Police Department (X+1, Y-2) - lor221",Police Department,policedep,lor221,1,-2,2,1,
"Police Department (X-1, Y-1) - lor288","Police Department (X-1, Y-1) - lor288",Police Department,policedep,lor288,-1,-1,1,1,
"Police Department (X+0, Y-1) - lor124","Police Department (X+0, Y-1) - lor124",Police Department,policedep,lor124,0,-1,1,1,
"Police Department (X+1, Y-1) - lor264","Police Department (X+1, Y-1) - lor264",Police Department,policedep,lor264,1,-1,1,1,
"Police Department (X+2, Y-1) - lor253","Police Department (X+2, Y-1) - lor253",Police Department,policedep,lor253,2,-1,1,1,
"Police Department (X-1, Y+0) - lor328","Police Department (X-1, Y+0) - lor328",Police Department,policedep,lor328,-1,0,1,1,
"Police Department (X+0, Y+0) - lor2","Police Department (X+0, Y+0) - lor2",Police Department,policedep,lor2,0,0,1,1,
"Police Department (X+1, Y+0) - lor7","Police Department (X+1, Y+0) - lor7",Police Department,policedep,lor7,1,0,1,1,
"Police Department (X+2, Y+0) - lor279","Police Department (X+2, Y+0) - lor279",Police Department,policedep,lor279,2,0,1,1,
"PoultryFC Stadium (X-5, Y-6) - lor643","PoultryFC Stadium (X-5, Y-6) - lor643",PoultryFC Stadium,dungeon4,lor643,-5,-6,2,1,
"PoultryFC Stadium (X-3, Y-6) - lor762","PoultryFC Stadium (X-3, Y-6) - lor762",PoultryFC Stadium,dungeon4,lor762,-3,-6,1,1,
"PoultryFC Stadium (X-2, Y-6) - lor763","PoultryFC Stadium (X-2, Y-6) - lor763",PoultryFC Stadium,dungeon4,lor763,-2,-6,2,2,
"PoultryFC Stadium (X+0, Y-6) - lor630","PoultryFC Stadium (X+0, Y-6) - lor630",PoultryFC Stadium,dungeon4,lor630,0,-6,2,2,
"PoultryFC Stadium (X+2, Y-6) - lor988","PoultryFC Stadium (X+2, Y-6) - lor988",PoultryFC Stadium,dungeon4,lor988,2,-6,1,1,
"PoultryFC Stadium (X+3, Y-6) - lor979","PoultryFC Stadium (X+3, Y-6) - lor979",PoultryFC Stadium,dungeon4,lor979,3,-6,1,1,
"PoultryFC Stadium (X+4, Y-6) - lor833","PoultryFC Stadium (X+4, Y-6) - lor833",PoultryFC Stadium,dungeon4,lor833,4,-6,1,2,
"PoultryFC Stadium (X+5, Y-6) - lor941","PoultryFC Stadium (X+5, Y-6) - lor941",PoultryFC Stadium,dungeon4,lor941,5,-6,1,1,
"PoultryFC Stadium (X+6, Y-6) - lor838","PoultryFC Stadium (X+6, Y-6) - lor838",PoultryFC Stadium,dungeon4,lor838,6,-6,1,1,
"PoultryFC Stadium (X-5, Y-5) - lor722","PoultryFC Stadium (X-5, Y-5) - lor722",PoultryFC Stadium,dungeon4,lor722,-5,-5,1,1,
"PoultryFC Stadium (X-4, Y-5) - lor713","PoultryFC Stadium (X-4, Y-5) - lor713",PoultryFC Stadium,dungeon4,lor713,-4,-5,1,1,
"PoultryFC Stadium (X-3, Y-5) - lor642","PoultryFC Stadium (X-3, Y-5) - lor642",PoultryFC Stadium,dungeon4,lor642,-3,-5,1,1,
"PoultryFC Stadium (X+2, Y-5) - lor961","PoultryFC Stadium (X+2, Y-5) - lor961",PoultryFC Stadium,dungeon4,lor961,2,-5,2,1,
"PoultryFC Stadium (X+5, Y-5) - lor840","PoultryFC Stadium (X+5, Y-5) - lor840",PoultryFC Stadium,dungeon4,lor840,5,-5,1,1,
"PoultryFC Stadium (X+6, Y-5) - lor839","PoultryFC Stadium (X+6, Y-5) - lor839",PoultryFC Stadium,dungeon4,lor839,6,-5,1,1,
"PoultryFC Stadium (X-5, Y-4) - lor647","PoultryFC Stadium (X-5, Y-4) - lor647",PoultryFC Stadium,dungeon4,lor647,-5,-4,1,1,
"PoultryFC Stadium (X-4, Y-4) - lor646","PoultryFC Stadium (X-4, Y-4) - lor646",PoultryFC Stadium,dungeon4,lor646,-4,-4,1,1,
"PoultryFC Stadium (X-3, Y-4) - lor641","PoultryFC Stadium (X-3, Y-4) - lor641",PoultryFC Stadium,dungeon4,lor641,-3,-4,1,1,
"PoultryFC Stadium (X-2, Y-4) - lor155","PoultryFC Stadium (X-2, Y-4) - lor155",PoultryFC Stadium,dungeon4,lor155,-2,-4,6,4,
"PoultryFC Stadium (X+4, Y-4) - lor814","PoultryFC Stadium (X+4, Y-4) - lor814",PoultryFC Stadium,dungeon4,lor814,4,-4,1,1,
"PoultryFC Stadium (X+5, Y-4) - lor808","PoultryFC Stadium (X+5, Y-4) - lor808",PoultryFC Stadium,dungeon4,lor808,5,-4,2,2,
"PoultryFC Stadium (X-5, Y-3) - lor644","PoultryFC Stadium (X-5, Y-3) - lor644",PoultryFC Stadium,dungeon4,lor644,-5,-3,1,1,
"PoultryFC Stadium (X-4, Y-3) - lor638","PoultryFC Stadium (X-4, Y-3) - lor638",PoultryFC Stadium,dungeon4,lor638,-4,-3,1,1,
"PoultryFC Stadium (X-3, Y-3) - lor639","PoultryFC Stadium (X-3, Y-3) - lor639",PoultryFC Stadium,dungeon4,lor639,-3,-3,1,1,
"PoultryFC Stadium (X+4, Y-3) - lor813","PoultryFC Stadium (X+4, Y-3) - lor813",PoultryFC Stadium,dungeon4,lor813,4,-3,1,1,
"PoultryFC Stadium (X-5, Y-2) - lor645","PoultryFC Stadium (X-5, Y-2) - lor645",PoultryFC Stadium,dungeon4,lor645,-5,-2,1,1,
"PoultryFC Stadium (X-4, Y-2) - lor634","PoultryFC Stadium (X-4, Y-2) - lor634",PoultryFC Stadium,dungeon4,lor634,-4,-2,1,1,
"PoultryFC Stadium (X-3, Y-2) - lor636","PoultryFC Stadium (X-3, Y-2) - lor636",PoultryFC Stadium,dungeon4,lor636,-3,-2,1,1,
"PoultryFC Stadium (X+4, Y-2) - lor796","PoultryFC Stadium (X+4, Y-2) - lor796",PoultryFC Stadium,dungeon4,lor796,4,-2,1,1,
"PoultryFC Stadium (X+5, Y-2) - lor793","PoultryFC Stadium (X+5, Y-2) - lor793",PoultryFC Stadium,dungeon4,lor793,5,-2,1,1,
"PoultryFC Stadium (X+6, Y-2) - lor804","PoultryFC Stadium (X+6, Y-2) - lor804",PoultryFC Stadium,dungeon4,lor804,6,-2,1,1,
"PoultryFC Stadium (X-5, Y-1) - lor677","PoultryFC Stadium (X-5, Y-1) - lor677",PoultryFC Stadium,dungeon4,lor677,-5,-1,1,1,
"PoultryFC Stadium (X-4, Y-1) - lor637","PoultryFC Stadium (X-4, Y-1) - lor637",PoultryFC Stadium,dungeon4,lor637,-4,-1,1,1,
"PoultryFC Stadium (X-3, Y-1) - lor586","PoultryFC Stadium (X-3, Y-1) - lor586",PoultryFC Stadium,dungeon4,lor586,-3,-1,1,1,
"PoultryFC Stadium (X+4, Y-1) - lor795","PoultryFC Stadium (X+4, Y-1) - lor795",PoultryFC Stadium,dungeon4,lor795,4,-1,1,1,
"PoultryFC Stadium (X+5, Y-1) - lor790","PoultryFC Stadium (X+5, Y-1) - lor790",PoultryFC Stadium,dungeon4,lor790,5,-1,1,1,
"PoultryFC Stadium (X+6, Y-1) - lor803","PoultryFC Stadium (X+6, Y-1) - lor803",PoultryFC Stadium,dungeon4,lor803,6,-1,1,1,
"PoultryFC Stadium (X-5, Y+0) - lor697","PoultryFC Stadium (X-5, Y+0) - lor697",PoultryFC Stadium,dungeon4,lor697,-5,0,1,1,
"PoultryFC Stadium (X-4, Y+0) - lor709","PoultryFC Stadium (X-4, Y+0) - lor709",PoultryFC Stadium,dungeon4,lor709,-4,0,1,1,
"PoultryFC Stadium (X-3, Y+0) - lor587","PoultryFC Stadium (X-3, Y+0) - lor587",PoultryFC Stadium,dungeon4,lor587,-3,0,1,1,
"PoultryFC Stadium (X-2, Y+0) - lor585","PoultryFC Stadium (X-2, Y+0) - lor585",PoultryFC Stadium,dungeon4,lor585,-2,0,1,1,
"PoultryFC Stadium (X-1, Y+0) - lor584","PoultryFC Stadium (X-1, Y+0) - lor584",PoultryFC Stadium,dungeon4,lor584,-1,0,1,1,
"PoultryFC Stadium (X+0, Y+0) - lor583","PoultryFC Stadium (X+0, Y+0) - lor583",PoultryFC Stadium,dungeon4,lor583,0,0,2,1,
"PoultryFC Stadium (X+2, Y+0) - lor635","PoultryFC Stadium (X+2, Y+0) - lor635",PoultryFC Stadium,dungeon4,lor635,2,0,1,1,
"PoultryFC Stadium (X+3, Y+0) - lor786","PoultryFC Stadium (X+3, Y+0) - lor786",PoultryFC Stadium,dungeon4,lor786,3,0,1,1,
"PoultryFC Stadium (X+4, Y+0) - lor789","PoultryFC Stadium (X+4, Y+0) - lor789",PoultryFC Stadium,dungeon4,lor789,4,0,1,1,
"PoultryFC Stadium (X+5, Y+0) - lor792","PoultryFC Stadium (X+5, Y+0) - lor792",PoultryFC Stadium,dungeon4,lor792,5,0,1,1,
"PoultryFC Stadium (X+6, Y+0) - lor800","PoultryFC Stadium (X+6, Y+0) - lor800",PoultryFC Stadium,dungeon4,lor800,6,0,1,1,
"Safe House (X-1, Y+0) - lor127","Safe House (X-1, Y+0) - lor127",Safe House,safehouse,lor127,-1,0,1,1,
"Safe House (X+0, Y+0) - mig38","Safe House (X+0, Y+0) - mig38",Safe House,safehouse,mig38,0,0,1,1,
"Safe House (X+1, Y+0) - mig32","Safe House (X+1, Y+0) - mig32",Safe House,safehouse,mig32,1,0,1,1,
"Secret Frying-Oil Plant (X+0, Y+2) - ren5312 (North)","Secret Frying-Oil Plant (X+0, Y+2) - ren5312",Secret Frying-Oil Plant,dungeon1,ren5312,0,2,1,4, (North)
"Secret Frying-Oil Plant (X+0, Y+2) - ren5312 (South)","Secret Frying-Oil Plant (X+0, Y+2) - ren5312",Secret Frying-Oil Plant,dungeon1,ren5312,0,2,1,4, (South)
"Secret Frying-Oil Plant (X-4, Y+3) - ren8164 (Main)","Secret Frying-Oil Plant (X-4, Y+3) - ren8164",Secret Frying-Oil Plant,dungeon1,ren8164,-4,3,2,1, (Main)
"Secret Frying-Oil Plant (X-4, Y+3) - ren8164 (East)","Secret Frying-Oil Plant (X-4, Y+3) - ren8164",Secret Frying-Oil Plant,dungeon1,ren8164,-4,3,2,1, (East)
"Secret Frying-Oil Plant (X-2, Y+3) - ren8162","Secret Frying-Oil Plant (X-2, Y+3) - ren8162",Secret Frying-Oil Plant,dungeon1,ren8162,-2,3,2,1,
"Secret Frying-Oil Plant (X+1, Y+3) - ren5462","Secret Frying-Oil Plant (X+1, Y+3) - ren5462",Secret Frying-Oil Plant,dungeon1,ren5462,1,3,1,1,
"Secret Frying-Oil Plant (X+2, Y+3) - ren6925","Secret Frying-Oil Plant (X+2, Y+3) - ren6925",Secret Frying-Oil Plant,dungeon1,ren6925,2,3,2,2,
"Secret Frying-Oil Plant (X+4, Y+3) - yug144","Secret Frying-Oil Plant (X+4, Y+3) - yug144",Secret Frying-Oil Plant,dungeon1,yug144,4,3,1,1,
"Secret Frying-Oil Plant (X-4, Y+4) - ren7529","Secret Frying-Oil Plant (X-4, Y+4) - ren7529",Secret Frying-Oil Plant,dungeon1,ren7529,-4,4,1,1,
"Secret Frying-Oil Plant (X-3, Y+4) - ren8170","Secret Frying-Oil Plant (X-3, Y+4) - ren8170",Secret Frying-Oil Plant,dungeon1,ren8170,-3,4,1,1,
"Secret Frying-Oil Plant (X-2, Y+4) - ren7212","Secret Frying-Oil Plant (X-2, Y+4) - ren7212",Secret Frying-Oil Plant,dungeon1,ren7212,-2,4,1,1,
"Secret Frying-Oil Plant (X-1, Y+4) - ren7218","Secret Frying-Oil Plant (X-1, Y+4) - ren7218",Secret Frying-Oil Plant,dungeon1,ren7218,-1,4,1,2,
"Secret Frying-Oil Plant (X+1, Y+4) - ren6980","Secret Frying-Oil Plant (X+1, Y+4) - ren6980",Secret Frying-Oil Plant,dungeon1,ren6980,1,4,1,1,
"Secret Frying-Oil Plant (X+4, Y+4) - ren6926","Secret Frying-Oil Plant (X+4, Y+4) - ren6926",Secret Frying-Oil Plant,dungeon1,ren6926,4,4,1,1,
"Secret Frying-Oil Plant (X-4, Y+5) - ren8186","Secret Frying-Oil Plant (X-4, Y+5) - ren8186",Secret Frying-Oil Plant,dungeon1,ren8186,-4,5,1,1,
"Secret Frying-Oil Plant (X-3, Y+5) - ren7454","Secret Frying-Oil Plant (X-3, Y+5) - ren7454",Secret Frying-Oil Plant,dungeon1,ren7454,-3,5,1,1,
"Secret Frying-Oil Plant (X-2, Y+5) - ren7579","Secret Frying-Oil Plant (X-2, Y+5) - ren7579",Secret Frying-Oil Plant,dungeon1,ren7579,-2,5,1,1,
"Secret Frying-Oil Plant (X+1, Y+5) - ren7079","Secret Frying-Oil Plant (X+1, Y+5) - ren7079",Secret Frying-Oil Plant,dungeon1,ren7079,1,5,2,1,
"Secret Frying-Oil Plant (X+3, Y+5) - ren7341","Secret Frying-Oil Plant (X+3, Y+5) - ren7341",Secret Frying-Oil Plant,dungeon1,ren7341,3,5,1,1,
"Secret Frying-Oil Plant (X+4, Y+5) - ren6924","Secret Frying-Oil Plant (X+4, Y+5) - ren6924",Secret Frying-Oil Plant,dungeon1,ren6924,4,5,1,1,
"Secret Frying-Oil Plant (X-3, Y+6) - ren6859","Secret Frying-Oil Plant (X-3, Y+6) - ren6859",Secret Frying-Oil Plant,dungeon1,ren6859,-3,6,6,1,
"Secret Frying-Oil Plant (X-2, Y+7) - ren7935","Secret Frying-Oil Plant (X-2, Y+7) - ren7935",Secret Frying-Oil Plant,dungeon1,ren7935,-2,7,1,1,
"Secret Frying-Oil Plant (X-1, Y+7) - ren29878","Secret Frying-Oil Plant (X-1, Y+7) - ren29878",Secret Frying-Oil Plant,dungeon1,ren29878,-1,7,3,3,
"Secret Frying-Oil Plant (X+2, Y+7) - ren7605","Secret Frying-Oil Plant (X+2, Y+7) - ren7605",Secret Frying-Oil Plant,dungeon1,ren7605,2,7,1,1,
"SlimeCorp Excavation Site (X-3, Y-2) - lor1300","SlimeCorp Excavation Site (X-3, Y-2) - lor1300",SlimeCorp Excavation Site,dungeon2,lor1300,-3,-2,1,1,
"SlimeCorp Excavation Site (X-2, Y-2) - lor1301","SlimeCorp Excavation Site (X-2, Y-2) - lor1301",SlimeCorp Excavation Site,dungeon2,lor1301,-2,-2,1,1,
"SlimeCorp Excavation Site (X-1, Y-2) - lor1302","SlimeCorp Excavation Site (X-1, Y-2) - lor1302",SlimeCorp Excavation Site,dungeon2,lor1302,-1,-2,1,1,
"SlimeCorp Excavation Site (X+0, Y-2) - lor1303","SlimeCorp Excavation Site (X+0, Y-2) - lor1303",SlimeCorp Excavation Site,dungeon2,lor1303,0,-2,2,2,
"SlimeCorp Excavation Site (X+2, Y-2) - lor1304","SlimeCorp Excavation Site (X+2, Y-2) - lor1304",SlimeCorp Excavation Site,dungeon2,lor1304,2,-2,1,1,
"SlimeCorp Excavation Site (X+3, Y-2) - lor1305","SlimeCorp Excavation Site (X+3, Y-2) - lor1305",SlimeCorp Excavation Site,dungeon2,lor1305,3,-2,1,1,
"SlimeCorp Excavation Site (X+4, Y-2) - lor179","SlimeCorp Excavation Site (X+4, Y-2) - lor179",SlimeCorp Excavation Site,dungeon2,lor179,4,-2,1,2,
"SlimeCorp Excavation Site (X+5, Y-2) - lor1326","SlimeCorp Excavation Site (X+5, Y-2) - lor1326",SlimeCorp Excavation Site,dungeon2,lor1326,5,-2,1,1,
"SlimeCorp Excavation Site (X+6, Y-2) - lor1325","SlimeCorp Excavation Site (X+6, Y-2) - lor1325",SlimeCorp Excavation Site,dungeon2,lor1325,6,-2,1,3,
"SlimeCorp Excavation Site (X-4, Y-1) - lor1299","SlimeCorp Excavation Site (X-4, Y-1) - lor1299",SlimeCorp Excavation Site,dungeon2,lor1299,-4,-1,1,1,
"SlimeCorp Excavation Site (X-3, Y-1) - lor534","SlimeCorp Excavation Site (X-3, Y-1) - lor534",SlimeCorp Excavation Site,dungeon2,lor534,-3,-1,1,1,
"SlimeCorp Excavation Site (X-2, Y-1) - lor524 (Main)","SlimeCorp Excavation Site (X-2, Y-1) - lor524",SlimeCorp Excavation Site,dungeon2,lor524,-2,-1,1,3, (Main)
"SlimeCorp Excavation Site (X-2, Y-1) - lor524 (North)","SlimeCorp Excavation Site (X-2, Y-1) - lor524",SlimeCorp Excavation Site,dungeon2,lor524,-2,-1,1,3, (North)
"SlimeCorp Excavation Site (X-2, Y-1) - lor524 (South)","SlimeCorp Excavation Site (X-2, Y-1) - lor524",SlimeCorp Excavation Site,dungeon2,lor524,-2,-1,1,3, (South)
"SlimeCorp Excavation Site (X-1, Y-1) - lor533","SlimeCorp Excavation Site (X-1, Y-1) - lor533",SlimeCorp Excavation Site,dungeon2,lor533,-1,-1,1,1,
"SlimeCorp Excavation Site (X+2, Y-1) - lor1231","SlimeCorp Excavation Site (X+2, Y-1) - lor1231",SlimeCorp Excavation Site,dungeon2,lor1231,2,-1,1,1,
"SlimeCorp Excavation Site (X+3, Y-1) - lor172","SlimeCorp Excavation Site (X+3, Y-1) - lor172",SlimeCorp Excavation Site,dungeon2,lor172,3,-1,1,1,
"SlimeCorp Excavation Site (X+5, Y-1) - lor1228","SlimeCorp Excavation Site (X+5, Y-1) - lor1228",SlimeCorp Excavation Site,dungeon2,lor1228,5,-1,1,1,
"SlimeCorp Excavation Site (X-4, Y+0) - lor1298","SlimeCorp Excavation Site (X-4, Y+0) - lor1298",SlimeCorp Excavation Site,dungeon2,lor1298,-4,0,1,1,
"SlimeCorp Excavation Site (X-3, Y+0) - lor536","SlimeCorp Excavation Site (X-3, Y+0) - lor536",SlimeCorp Excavation Site,dungeon2,lor536,-3,0,1,1,
"SlimeCorp Excavation Site (X-1, Y+0) - lor523","SlimeCorp Excavation Site (X-1, Y+0) - lor523",SlimeCorp Excavation Site,dungeon2,lor523,-1,0,1,1,
"SlimeCorp Excavation Site (X+0, Y+0) - lor149 (Main)","SlimeCorp Excavation Site (X+0, Y+0) - lor149",SlimeCorp Excavation Site,dungeon2,lor149,0,0,2,3, (Main)
"SlimeCorp Excavation Site (X+0, Y+0) - lor149 (South)","SlimeCorp Excavation Site (X+0, Y+0) - lor149",SlimeCorp Excavation Site,dungeon2,lor149,0,0,2,3, (South)
"SlimeCorp Excavation Site (X+2, Y+0) - lor158","SlimeCorp Excavation Site (X+2, Y+0) - lor158",SlimeCorp Excavation Site,dungeon2,lor158,2,0,1,1,
"SlimeCorp Excavation Site (X+3, Y+0) - lor166","SlimeCorp Excavation Site (X+3, Y+0) - lor166",SlimeCorp Excavation Site,dungeon2,lor166,3,0,1,1,
"SlimeCorp Excavation Site (X+4, Y+0) - lor171","SlimeCorp Excavation Site (X+4, Y+0) - lor171",SlimeCorp Excavation Site,dungeon2,lor171,4,0,1,1,
"SlimeCorp Excavation Site (X+5, Y+0) - lor339","SlimeCorp Excavation Site (X+5, Y+0) - lor339",SlimeCorp Excavation Site,dungeon2,lor339,5,0,1,1,
"SlimeCorp Excavation Site (X-4, Y+1) - lor1297","SlimeCorp Excavation Site (X-4, Y+1) - lor1297",SlimeCorp Excavation Site,dungeon2,lor1297,-4,1,1,1,
"SlimeCorp Excavation Site (X-3, Y+1) - lor535","SlimeCorp Excavation Site (X-3, Y+1) - lor535",SlimeCorp Excavation Site,dungeon2,lor535,-3,1,1,1,
"SlimeCorp Excavation Site (X-1, Y+1) - lor584","SlimeCorp Excavation Site (X-1, Y+1) - lor584",SlimeCorp Excavation Site,dungeon2,lor584,-1,1,1,1,
"SlimeCorp Excavation Site (X+2, Y+1) - lor213","SlimeCorp Excavation Site (X+2, Y+1) - lor213",SlimeCorp Excavation Site,dungeon2,lor213,2,1,1,1,
"SlimeCorp Excavation Site (X+3, Y+1) - lor173","SlimeCorp Excavation Site (X+3, Y+1) - lor173",SlimeCorp Excavation Site,dungeon2,lor173,3,1,1,1,
"SlimeCorp Excavation Site (X+4, Y+1) - lor180","SlimeCorp Excavation Site (X+4, Y+1) - lor180",SlimeCorp Excavation Site,dungeon2,lor180,4,1,1,1,
"SlimeCorp Excavation Site (X+5, Y+1) - lor337","SlimeCorp Excavation Site (X+5, Y+1) - lor337",SlimeCorp Excavation Site,dungeon2,lor337,5,1,1,1,
"SlimeCorp Excavation Site (X-4, Y+2) - lor1296","SlimeCorp Excavation Site (X-4, Y+2) - lor1296",SlimeCorp Excavation Site,dungeon2,lor1296,-4,2,1,1,
"SlimeCorp Excavation Site (X-3, Y+2) - lor617","SlimeCorp Excavation Site (X-3, Y+2) - lor617",SlimeCorp Excavation Site,dungeon2,lor617,-3,2,1,1,
"SlimeCorp Excavation Site (X-2, Y+2) - lor586","SlimeCorp Excavation Site (X-2, Y+2) - lor586",SlimeCorp Excavation Site,dungeon2,lor586,-2,2,1,1,
"SlimeCorp Excavation Site (X-1, Y+2) - lor585","SlimeCorp Excavation Site (X-1, Y+2) - lor585",SlimeCorp Excavation Site,dungeon2,lor585,-1,2,1,1,
"SlimeCorp Excavation Site (X+2, Y+2) - lor212","SlimeCorp Excavation Site (X+2, Y+2) - lor212",SlimeCorp Excavation Site,dungeon2,lor212,2,2,2,1,
"SlimeCorp Excavation Site (X+4, Y+2) - yug8","SlimeCorp Excavation Site (X+4, Y+2) - yug8",SlimeCorp Excavation Site,dungeon2,yug8,4,2,1,1,
"SlimeCorp Excavation Site (X+5, Y+2) - lor1324","SlimeCorp Excavation Site (X+5, Y+2) - lor1324",SlimeCorp Excavation Site,dungeon2,lor1324,5,2,1,1,
"SlimeCorp Excavation Site (X-4, Y+3) - lor1295","SlimeCorp Excavation Site (X-4, Y+3) - lor1295",SlimeCorp Excavation Site,dungeon2,lor1295,-4,3,1,1,
"SlimeCorp Excavation Site (X-3, Y+3) - lor618","SlimeCorp Excavation Site (X-3, Y+3) - lor618",SlimeCorp Excavation Site,dungeon2,lor618,-3,3,3,1,
"SlimeCorp Excavation Site (X+0, Y+3) - lor619","SlimeCorp Excavation Site (X+0, Y+3) - lor619",SlimeCorp Excavation Site,dungeon2,lor619,0,3,1,1,
"SlimeCorp Excavation Site (X+1, Y+3) - lor416","SlimeCorp Excavation Site (X+1, Y+3) - lor416",SlimeCorp Excavation Site,dungeon2,lor416,1,3,1,1,
"SlimeCorp Excavation Site (X+2, Y+3) - lor417 (West)","SlimeCorp Excavation Site (X+2, Y+3) - lor417",SlimeCorp Excavation Site,dungeon2,lor417,2,3,1,1, (West)
"SlimeCorp Excavation Site (X+2, Y+3) - lor417 (East)","SlimeCorp Excavation Site (X+2, Y+3) - lor417",SlimeCorp Excavation Site,dungeon2,lor417,2,3,1,1, (East)
"SlimeCorp Excavation Site (X+3, Y+3) - lor368 (West)","SlimeCorp Excavation Site (X+3, Y+3) - lor368",SlimeCorp Excavation Site,dungeon2,lor368,3,3,1,1, (West)
"SlimeCorp Excavation Site (X+3, Y+3) - lor368 (East)","SlimeCorp Excavation Site (X+3, Y+3) - lor368",SlimeCorp Excavation Site,dungeon2,lor368,3,3,1,1, (East)
"SlimeCorp Excavation Site (X+4, Y+3) - lor256","SlimeCorp Excavation Site (X+4, Y+3) - lor256",SlimeCorp Excavation Site,dungeon2,lor256,4,3,1,1,
"SlimeCorp Excavation Site (X+5, Y+3) - lor1323","SlimeCorp Excavation Site (X+5, Y+3) - lor1323",SlimeCorp Excavation Site,dungeon2,lor1323,5,3,1,1,
"SlimeCorp Excavation Site (X-3, Y+4) - lor1294","SlimeCorp Excavation Site (X-3, Y+4) - lor1294",SlimeCorp Excavation Site,dungeon2,lor1294,-3,4,1,2,
"SlimeCorp Excavation Site (X-2, Y+4) - lor672 (South)","SlimeCorp Excavation Site (X-2, Y+4) - lor672",SlimeCorp Excavation Site,dungeon2,lor672,-2,4,2,2, (South)
"SlimeCorp Excavation Site (X-2, Y+4) - lor672 (East)","SlimeCorp Excavation Site (X-2, Y+4) - lor672",SlimeCorp Excavation Site,dungeon2,lor672,-2,4,2,2, (East)
"SlimeCorp Excavation Site (X+0, Y+4) - lor667 (West)","SlimeCorp Excavation Site (X+0, Y+4) - lor667",SlimeCorp Excavation Site,dungeon2,lor667,0,4,1,1, (West)
"SlimeCorp Excavation Site (X+0, Y+4) - lor667 (East)","SlimeCorp Excavation Site (X+0, Y+4) - lor667",SlimeCorp Excavation Site,dungeon2,lor667,0,4,1,1, (East)
"SlimeCorp Excavation Site (X+1, Y+4) - lor755","SlimeCorp Excavation Site (X+1, Y+4) - lor755",SlimeCorp Excavation Site,dungeon2,lor755,1,4,1,3,
"SlimeCorp Excavation Site (X+2, Y+4) - lor770","SlimeCorp Excavation Site (X+2, Y+4) - lor770",SlimeCorp Excavation Site,dungeon2,lor770,2,4,1,1,
"SlimeCorp Excavation Site (X+3, Y+4) - lor390 (West)","SlimeCorp Excavation Site (X+3, Y+4) - lor390",SlimeCorp Excavation Site,dungeon2,lor390,3,4,1,1, (West)
"SlimeCorp Excavation Site (X+3, Y+4) - lor390 (East)","SlimeCorp Excavation Site (X+3, Y+4) - lor390",SlimeCorp Excavation Site,dungeon2,lor390,3,4,1,1, (East)
"SlimeCorp Excavation Site (X+4, Y+4) - lor1321","SlimeCorp Excavation Site (X+4, Y+4) - lor1321",SlimeCorp Excavation Site,dungeon2,lor1321,4,4,2,2,
"SlimeCorp Excavation Site (X-5, Y+5) - lor1307","SlimeCorp Excavation Site (X-5, Y+5) - lor1307",SlimeCorp Excavation Site,dungeon2,lor1307,-5,5,1,1,
"SlimeCorp Excavation Site (X-4, Y+5) - lor1306","SlimeCorp Excavation Site (X-4, Y+5) - lor1306",SlimeCorp Excavation Site,dungeon2,lor1306,-4,5,1,1,
"SlimeCorp Excavation Site (X+0, Y+5) - lor741 (West)","SlimeCorp Excavation Site (X+0, Y+5) - lor741",SlimeCorp Excavation Site,dungeon2,lor741,0,5,1,1, (West)
"SlimeCorp Excavation Site (X+0, Y+5) - lor741 (East)","SlimeCorp Excavation Site (X+0, Y+5) - lor741",SlimeCorp Excavation Site,dungeon2,lor741,0,5,1,1, (East)
"SlimeCorp Excavation Site (X+2, Y+5) - lor769","SlimeCorp Excavation Site (X+2, Y+5) - lor769",SlimeCorp Excavation Site,dungeon2,lor769,2,5,1,1,
"SlimeCorp Excavation Site (X+3, Y+5) - lor856","SlimeCorp Excavation Site (X+3, Y+5) - lor856",SlimeCorp Excavation Site,dungeon2,lor856,3,5,1,1,
"SlimeCorp Excavation Site (X-5, Y+6) - lor1308","SlimeCorp Excavation Site (X-5, Y+6) - lor1308",SlimeCorp Excavation Site,dungeon2,lor1308,-5,6,1,1,
"SlimeCorp Excavation Site (X-4, Y+6) - yug3 (West)","SlimeCorp Excavation Site (X-4, Y+6) - yug3",SlimeCorp Excavation Site,dungeon2,yug3,-4,6,1,1, (West)
"SlimeCorp Excavation Site (X-4, Y+6) - yug3 (East)","SlimeCorp Excavation Site (X-4, Y+6) - yug3",SlimeCorp Excavation Site,dungeon2,yug3,-4,6,1,1, (East)
"SlimeCorp Excavation Site (X-3, Y+6) - lor703 (West)","SlimeCorp Excavation Site (X-3, Y+6) - lor703",SlimeCorp Excavation Site,dungeon2,lor703,-3,6,1,1, (West)
"SlimeCorp Excavation Site (X-3, Y+6) - lor703 (East)","SlimeCorp Excavation Site (X-3, Y+6) - lor703",SlimeCorp Excavation Site,dungeon2,lor703,-3,6,1,1, (East)
"SlimeCorp Excavation Site (X-2, Y+6) - lor701","SlimeCorp Excavation Site (X-2, Y+6) - lor701",SlimeCorp Excavation Site,dungeon2,lor701,-2,6,1,1,
"SlimeCorp Excavation Site (X-1, Y+6) - lor732 (West)","SlimeCorp Excavation Site (X-1, Y+6) - lor732",SlimeCorp Excavation Site,dungeon2,lor732,-1,6,1,1, (West)
"SlimeCorp Excavation Site (X-1, Y+6) - lor732 (East)","SlimeCorp Excavation Site (X-1, Y+6) - lor732",SlimeCorp Excavation Site,dungeon2,lor732,-1,6,1,1, (East)
"SlimeCorp Excavation Site (X+0, Y+6) - lor1079","SlimeCorp Excavation Site (X+0, Y+6) - lor1079",SlimeCorp Excavation Site,dungeon2,lor1079,0,6,1,1,
"SlimeCorp Excavation Site (X+2, Y+6) - lor768","SlimeCorp Excavation Site (X+2, Y+6) - lor768",SlimeCorp Excavation Site,dungeon2,lor768,2,6,1,1,
"SlimeCorp Excavation Site (X+3, Y+6) - lor854","SlimeCorp Excavation Site (X+3, Y+6) - lor854",SlimeCorp Excavation Site,dungeon2,lor854,3,6,1,1,
"SlimeCorp Excavation Site (X+4, Y+6) - lor1086","SlimeCorp Excavation Site (X+4, Y+6) - lor1086",SlimeCorp Excavation Site,dungeon2,lor1086,4,6,1,1,
"SlimeCorp Excavation Site (X+5, Y+6) - lor1320","SlimeCorp Excavation Site (X+5, Y+6) - lor1320",SlimeCorp Excavation Site,dungeon2,lor1320,5,6,1,1,
"SlimeCorp Excavation Site (X-4, Y+7) - lor1309","SlimeCorp Excavation Site (X-4, Y+7) - lor1309",SlimeCorp Excavation Site,dungeon2,lor1309,-4,7,1,1,
"SlimeCorp Excavation Site (X-3, Y+7) - lor712","SlimeCorp Excavation Site (X-3, Y+7) - lor712",SlimeCorp Excavation Site,dungeon2,lor712,-3,7,1,1,
"SlimeCorp Excavation Site (X-2, Y+7) - lor726","SlimeCorp Excavation Site (X-2, Y+7) - lor726",SlimeCorp Excavation Site,dungeon2,lor726,-2,7,1,1,
"SlimeCorp Excavation Site (X-1, Y+7) - lor731","SlimeCorp Excavation Site (X-1, Y+7) - lor731",SlimeCorp Excavation Site,dungeon2,lor731,-1,7,1,1,
"SlimeCorp Excavation Site (X+0, Y+7) - lor1284","SlimeCorp Excavation Site (X+0, Y+7) - lor1284",SlimeCorp Excavation Site,dungeon2,lor1284,0,7,2,1,
"SlimeCorp Excavation Site (X+2, Y+7) - lor860","SlimeCorp Excavation Site (X+2, Y+7) - lor860",SlimeCorp Excavation Site,dungeon2,lor860,2,7,3,1,
"SlimeCorp Excavation Site (X+5, Y+7) - lor1319","SlimeCorp Excavation Site (X+5, Y+7) - lor1319",SlimeCorp Excavation Site,dungeon2,lor1319,5,7,1,1,
"SlimeCorp Excavation Site (X-3, Y+8) - lor1310","SlimeCorp Excavation Site (X-3, Y+8) - lor1310",SlimeCorp Excavation Site,dungeon2,lor1310,-3,8,1,1,
"SlimeCorp Excavation Site (X-2, Y+8) - lor1311","SlimeCorp Excavation Site (X-2, Y+8) - lor1311",SlimeCorp Excavation Site,dungeon2,lor1311,-2,8,1,1,
"SlimeCorp Excavation Site (X-1, Y+8) - lor1312","SlimeCorp Excavation Site (X-1, Y+8) - lor1312",SlimeCorp Excavation Site,dungeon2,lor1312,-1,8,1,2,
"SlimeCorp Excavation Site (X+0, Y+8) - lor1089","SlimeCorp Excavation Site (X+0, Y+8) - lor1089",SlimeCorp Excavation Site,dungeon2,lor1089,0,8,2,2,
"SlimeCorp Excavation Site (X+2, Y+8) - lor1313","SlimeCorp Excavation Site (X+2, Y+8) - lor1313",SlimeCorp Excavation Site,dungeon2,lor1313,2,8,1,2,
"SlimeCorp Excavation Site (X+3, Y+8) - lor1317","SlimeCorp Excavation Site (X+3, Y+8) - lor1317",SlimeCorp Excavation Site,dungeon2,lor1317,3,8,2,1,
"SlimeCorp Excavation Site (X+5, Y+8) - lor1318","SlimeCorp Excavation Site (X+5, Y+8) - lor1318",SlimeCorp Excavation Site,dungeon2,lor1318,5,8,1,1,
"SlimeCorp Excavation Site (X-1, Y+10) - lor1314","SlimeCorp Excavation Site (X-1, Y+10) - lor1314",SlimeCorp Excavation Site,dungeon2,lor1314,-1,10,1,1,
"SlimeCorp Excavation Site (X+0, Y+10) - lor1315","SlimeCorp Excavation Site (X+0, Y+10) - lor1315",SlimeCorp Excavation Site,dungeon2,lor1315,0,10,2,1,
"SlimeCorp Excavation Site (X+2, Y+10) - lor1316","SlimeCorp Excavation Site (X+2, Y+10) - lor1316",SlimeCorp Excavation Site,dungeon2,lor1316,2,10,1,1,
"SlimeCorp Skyscraper (X+0, Y-5) - lor151","SlimeCorp Skyscraper (X+0, Y-5) - lor151",SlimeCorp Skyscraper,skyscraper,lor151,0,-5,1,1,
"SlimeCorp Skyscraper (X+1, Y-5) - lor133","SlimeCorp Skyscraper (X+1, Y-5) - lor133",SlimeCorp Skyscraper,skyscraper,lor133,1,-5,1,1,
"SlimeCorp Skyscraper (X+2, Y-5) - lor98","SlimeCorp Skyscraper (X+2, Y-5) - lor98",SlimeCorp Skyscraper,skyscraper,lor98,2,-5,1,1,
"SlimeCorp Skyscraper (X+3, Y-5) - lor112","SlimeCorp Skyscraper (X+3, Y-5) - lor112",SlimeCorp Skyscraper,skyscraper,lor112,3,-5,1,1,
"SlimeCorp Skyscraper (X+4, Y-5) - lor104","SlimeCorp Skyscraper (X+4, Y-5) - lor104",SlimeCorp Skyscraper,skyscraper,lor104,4,-5,1,1,
"SlimeCorp Skyscraper (X+0, Y-4) - lor187","SlimeCorp Skyscraper (X+0, Y-4) - lor187",SlimeCorp Skyscraper,skyscraper,lor187,0,-4,1,2,
"SlimeCorp Skyscraper (X+1, Y-4) - lor150","SlimeCorp Skyscraper (X+1, Y-4) - lor150",SlimeCorp Skyscraper,skyscraper,lor150,1,-4,1,1,
"SlimeCorp Skyscraper (X+2, Y-4) - lor140","SlimeCorp Skyscraper (X+2, Y-4) - lor140",SlimeCorp Skyscraper,skyscraper,lor140,2,-4,1,2,
"SlimeCorp Skyscraper (X+3, Y-4) - lor97","SlimeCorp Skyscraper (X+3, Y-4) - lor97",SlimeCorp Skyscraper,skyscraper,lor97,3,-4,2,3,
"SlimeCorp Skyscraper (X+1, Y-3) - lor220","SlimeCorp Skyscraper (X+1, Y-3) - lor220",SlimeCorp Skyscraper,skyscraper,lor220,1,-3,1,1,
"SlimeCorp Skyscraper (X+0, Y-2) - lor2","SlimeCorp Skyscraper (X+0, Y-2) - lor2",SlimeCorp Skyscraper,skyscraper,lor2,0,-2,2,3,
"SlimeCorp Skyscraper (X+2, Y-2) - lor63","SlimeCorp Skyscraper (X+2, Y-2) - lor63",SlimeCorp Skyscraper,skyscraper,lor63,2,-2,1,1,
"SlimeCorp Skyscraper (X+2, Y-1) - ren22","SlimeCorp Skyscraper (X+2, Y-1) - ren22",SlimeCorp Skyscraper,skyscraper,ren22,2,-1,1,1,
"SlimeCorp Skyscraper (X+3, Y-1) - lor25 (North)","SlimeCorp Skyscraper (X+3, Y-1) - lor25",SlimeCorp Skyscraper,skyscraper,lor25,3,-1,1,2, (North)
"SlimeCorp Skyscraper (X+3, Y-1) - lor25 (South)","SlimeCorp Skyscraper (X+3, Y-1) - lor25",SlimeCorp Skyscraper,skyscraper,lor25,3,-1,1,2, (South)
"SlimeCorp Skyscraper (X+4, Y-1) - lor54","SlimeCorp Skyscraper (X+4, Y-1) - lor54",SlimeCorp Skyscraper,skyscraper,lor54,4,-1,1,2,
"SlimeCorp Skyscraper (X+2, Y+0) - lor16","SlimeCorp Skyscraper (X+2, Y+0) - lor16",SlimeCorp Skyscraper,skyscraper,lor16,2,0,1,1,
"South Plaza (X-1, Y-6) - ren355 (North)","South Plaza (X-1, Y-6) - ren355",South Plaza,city,ren355,-1,-6,2,3, (North)
"South Plaza (X-1, Y-6) - ren355 (South)","South Plaza (X-1, Y-6) - ren355",South Plaza,city,ren355,-1,-6,2,3, (South)
"South Plaza (X-1, Y-6) - ren355 (West)","South Plaza (X-1, Y-6) - ren355",South Plaza,city,ren355,-1,-6,2,3, (West)
"South Plaza (X-1, Y-6) - ren355 (East)","South Plaza (X-1, Y-6) - ren355",South Plaza,city,ren355,-1,-6,2,3, (East)
"South Plaza (X-2, Y-4) - ren4064","South Plaza (X-2, Y-4) - ren4064",South Plaza,city,ren4064,-2,-4,1,1,
"South Plaza (X+1, Y-4) - ren4066","South Plaza (X+1, Y-4) - ren4066",South Plaza,city,ren4066,1,-4,1,1,
"South Plaza (X-2, Y-3) - ren223 (Main)","South Plaza (X-2, Y-3) - ren223",South Plaza,city,ren223,-2,-3,4,7, (Main)
"South Plaza (X-2, Y-3) - ren223 (South)","South Plaza (X-2, Y-3) - ren223",South Plaza,city,ren223,-2,-3,4,7, (South)
"South Plaza (X-2, Y-3) - ren223 (Southwest)","South Plaza (X-2, Y-3) - ren223",South Plaza,city,ren223,-2,-3,4,7, (Southwest)
"South Plaza (X-2, Y-3) - ren223 (Southeast)","South Plaza (X-2, Y-3) - ren223",South Plaza,city,ren223,-2,-3,4,7, (Southeast)
"South Plaza (X-3, Y+3) - ren4152","South Plaza (X-3, Y+3) - ren4152",South Plaza,city,ren4152,-3,3,1,1,
"South Plaza (X-3, Y+4) - yug4930","South Plaza (X-3, Y+4) - yug4930",South Plaza,city,yug4930,-3,4,1,1,
"South Plaza (X-2, Y+4) - yug5210","South Plaza (X-2, Y+4) - yug5210",South Plaza,city,yug5210,-2,4,1,1,
"South Plaza (X-1, Y+4) - lor2248 (North)","South Plaza (X-1, Y+4) - lor2248",South Plaza,city,lor2248,-1,4,2,2, (North)
"South Plaza (X-1, Y+4) - lor2248 (South)","South Plaza (X-1, Y+4) - lor2248",South Plaza,city,lor2248,-1,4,2,2, (South)
"South Plaza (X-1, Y+4) - lor2248 (Southeast)","South Plaza (X-1, Y+4) - lor2248",South Plaza,city,lor2248,-1,4,2,2, (Southeast)
"South Plaza (X-1, Y+4) - lor2248 (Southeast Entrance)","South Plaza (X-1, Y+4) - lor2248",South Plaza,city,lor2248,-1,4,2,2, (Southeast Entrance)
"South Plaza (X+1, Y+4) - yug4939 (West)","South Plaza (X+1, Y+4) - yug4939",South Plaza,city,yug4939,1,4,1,1, (West)
"South Plaza (X+1, Y+4) - yug4939 (East)","South Plaza (X+1, Y+4) - yug4939",South Plaza,city,yug4939,1,4,1,1, (East)
"South Plaza (X+2, Y+4) - yug5154","South Plaza (X+2, Y+4) - yug5154",South Plaza,city,yug5154,2,4,1,1,
"South Plaza (Interiors) (X-1, Y+1) - ren85","South Plaza (Interiors) (X-1, Y+1) - ren85",South Plaza (Interiors),city_interiors,ren85,-1,1,1,1,
"South Plaza (Sewers) (X-1, Y-6) - lor230","South Plaza (Sewers) (X-1, Y-6) - lor230",South Plaza (Sewers),city_underground,lor230,-1,-6,2,1,
"South Plaza (Sewers) (X-1, Y-5) - ren984","South Plaza (Sewers) (X-1, Y-5) - ren984",South Plaza (Sewers),city_underground,ren984,-1,-5,2,1,
"South Plaza (Sewers) (X-1, Y+4) - lor871","South Plaza (Sewers) (X-1, Y+4) - lor871",South Plaza (Sewers),city_underground,lor871,-1,4,2,1,
"South Plaza (Sewers) (X-1, Y+5) - yug1700 (West)","South Plaza (Sewers) (X-1, Y+5) - yug1700",South Plaza (Sewers),city_underground,yug1700,-1,5,2,1, (West)
"South Plaza (Sewers) (X-1, Y+5) - yug1700 (East)","South Plaza (Sewers) (X-1, Y+5) - yug1700",South Plaza (Sewers),city_underground,yug1700,-1,5,2,1, (East)
"Trevosos Motor Club (X-3, Y+0) - ren212","Trevosos Motor Club (X-3, Y+0) - ren212",Trevosos Motor Club,trevosos,ren212,-3,0,2,3,
"Trevosos Motor Club (X+0, Y+0) - ren2","Trevosos Motor Club (X+0, Y+0) - ren2",Trevosos Motor Club,trevosos,ren2,0,0,1,2,
"Trevosos Motor Club (X+2, Y+0) - ren75","Trevosos Motor Club (X+2, Y+0) - ren75",Trevosos Motor Club,trevosos,ren75,2,0,1,2,
"Trevosos Motor Club (Interiors) (X-10, Y-6) - ren93","Trevosos Motor Club (Interiors) (X-10, Y-6) - ren93",Trevosos Motor Club (Interiors),city_interiors,ren93,-10,-6,1,1,